product_id,product_locale,product_title,product_description,product_bullet_point,product_brand,product_color
B000IHYS2Q,es,"Fujifilm FinePix S6500 - Cámara Digital Compacta 6.3 MP (2.5 Pulgadas LCD, 11x Zoom Óptico)",,"1/1,7 pulgadas Super CCD HR 6,3 millones de píxeles efecto Distancia focal del objetivo: 28-300 mm (relacionada con cámaras de fotos pequeñas de 35 mm) Función de vídeo 640 x 480 30 fps con sonido Detección automática de la cara (Face Detection), tecnología Real Photo Technology, luz de ayuda AF Contenido del envío: tarjeta de memoria xD de 256 MB, 4 pilas AA, correa para el hombro, parasol, tapa protectora de objetivo, cable USB, cable AV. CD-ROM",Fujifilm,"Negro, Plata"
B000KIX65S,es,"Nikon D40 VBA150K001 - Cámara Réflex Digital 6.1 MP (Objetivo 18-55mm), Color Negro",,"Un sensor CCD de formato DX con una resolución de 6.1 MPx y sistema de limpieza integrado Una generosa pantalla LCD de 2,5 pulgadas en diagonal con una resolución de 230.000 px Sensibilidad ISO de 100 a 3200 y disparo en ráfaga a 3 fps Con 3 puntos de enfoque",Nikon,negro
B001EYTW7S,es,"Timberland 6 Inch Premium Waterproof, Botas Chukka Mujer, Amarillo Wheat Nubuck, 39.5 EU",,Cierre: cordones Composición del material: ver descripción Exterior: piel Forma del tacón: plano,Timberland,Amarillo Wheat Nubuck
B0020T04I2,es,"LITORAL Plato Preparado de Fabada, Sin Gluten, 435g",,"LITORAL Fabada Asturiana con un selecto embutido elaborado en Asturias Ingredientes 100% naturales sin gluten, ni aditivos Disfruta de un plato típico de la cocina casera española, con la calidad de LITORAL Fuente natural de fibra Disponible en formato lata: 435g y 865g",Litoral,
B0046ZFHO4,es,TRS Red Split Lentils lentejas rojas,"Lentillas rojas. <br><br>Lentes rojas, bolsa de 500 g.",<p>Lentes rojas. </p><br><p>Contenido: 500 g. </p>,TRS,
B00475B94U,es,"Clarks Orinoco Club Botas Chelsea Mujer, Marrón (Brown Snuff), 39.5 EU",,cuero,Clarks,Marrón Brown Snuff
B004X0KWYW,es,"LITORAL Plato Preparado de Cocido Madrileño, Sin Gluten, 440g",,"LITORAL Cocido Madrileño con un selecto embutido elaborado en Asturias Ingredientes 100% naturales sin gluten, ni aditivos Disfruta de un plato típico de la cocina casera española, con la calidad de LITORAL Disponible en formato lata: 445g Comida española fácil de preparar: al baño maria, en cazo o al microondas",Litoral,
B006Q8VAL8,es,"Fujifilm FinePix S4200 Bridge Camera Cámara Puente 14 MP 1/2.3"" CCD 4288 x 3216 Pixeles Negro - Cámara Digital (14 MP, 4288 x 3216 Pixeles, CCD, 24x, HD, Negro)",,"Resolución efectiva: 14 megapíxeles Zoom de 24 aumentos, de 24 a 576 mm, zoom digital de 6,7 aumentos Monitor LCD y búsqueda de color LCD Monitor TFT LCD de 3 pulgadas con 230.000 puntos de imagen Contenido del envío: baterías estándar, cable USB-AV, tapa de objetivo, correa, software FinePix Viewer para Windows (2000/Me/XP/o superior) y para Macintosh (sistema X/o superior)",Fujifilm,Negro
B009PLRV2A,es,"Luengo Lenteja Cocida en Frasco, 570g",,"Nuestras legumbres son sometidas a un riguroso control de selección y envasado Imprescindibles en una dieta sana, variada y equilibrada Fuente de fibra",Luengo,
B009S68I6A,es,"DX Racer 6 62506SW5 - Silla gaming, color negro/blanco, 78 x 52 x 124-134 cm",,Sillón direccional con el aspecto de un asiento deportivo de coche.Están incluidos los reposabrazos y el cojín. Certificado TÜV. Carga máxima: 100 kg. Totalmente ajustable en altura y respaldo abatible hasta casi 180 °,DX Racer,Negro Y Blanco
B00BIFWNV0,es,"Sony Cyber-Shot DSC-HX300 - Cámara compacta de 20.4 MP (Pantalla de 3"", Zoom óptico 50x, estabilizador), Negro",,"Precio mínimo en los 30 días previos a la promoción: 279,65€ Sensor CMOS Exmor R 20,4 MP Lente ZEISS Vario-Sonnar T* Estabilización de imagen SteadyShot óptica 20,4 megapíxeles, CMOS Exmor R, zoom óptico de 50x, LCD de 7,5 cm (3,0""), Full HD, modo automático inteligente, control manual",Sony,Negro
B00FWVM4RE,es,"Sony DSC-H300 - Cámara compacta de 20.1 MP (pantalla de 3"", zoom óptico 35x, estabilizador de imagen electrónico, vídeo HD 720p), negro",,"Objetivo de zoom óptico de 35x Capacidad de vídeo en HD para unos vídeos atractivos El sistema SteadyShot óptico reduce la borrosidad, incluso con poca luz Sensor Super HAD CCD de 20.1 MP Resolución máxima de la imagen: 5152 x 3864 píxeles",Sony,Negro
B00G7614BK,es,"DeWalt DCD795D2-QW - Taladro Percutor a bateria sin escobillas XR 18V 13mm 60Nm con 2 baterías Li-Ion 2,0Ah con maletín TSTAK",,"Taladro percutor a batería litio XR 18V con motor Brushless sin escobillas que aumenta la autonomía y entrega mayor potencia; y portabrocas de 13mm Dos velocidades variables y reversibles de 0-600/2000 rpm con toda la transmisión metálica para mayor autonomía y una vida más larga de la herramienta Acción percutora de hasta 34.000 impactos por minuto para trabajos en mampostería y hormigón Diseño ultra-compacto y ligero permite el uso en espacios confinados Incluye: 2 baterías XR Li-on 18V de 2Ah, cargador multivoltaje y maletín TSTAK",DeWalt,Amarillo
B00KKFCLF2,es,"SONGMICS Taburete de Bar Juego de 2, Sillas de Bar Regulables en Altura en Piel Sintética, Taburete de cocina Giratorio en 360° con Respaldo y Reposapiés, Acero Cromado, Negro LJB64B",,"LA PAREJA CORRECTA: Crea un nuevo y acogedor rincón donde desayunar con tu pareja todos los días; este par de taburetes elegantes de cocina SONGMICS son complemento bonitos que combinan a la perfección con el rincón de tu cocina SOPORTE CÓMODO: Acolchado con espuma gruesa de 6 cm y tapizado con piel sintética de primera calidad, los taburetes de bar son cómodos y fáciles de limpiar; el respaldo y el reposapiés permiten un pequeño descanso y la altura se puede ajustar a voluntad MONTAJE RÁPIDO: En sólo 3 sencillos pasos conseguirás que se monte este taburete de bar, ¡ahora todo lo que tienes que hacer es invitar a tus amigos a tomar algo UN ASIENTO SEGURO: El cilindro de retorno automático ha pasado la prueba de SGS de acuerdo con la norma BIFMA X5.1 (N.º de prueba: AJHL1712004551FT, soporte de prueba: proveedor); la estructura de acero cromado y la base agrandada (ø 41 cm) de estos taburetes de bar garantizan una capacidad de carga de 120 kg para cada uno de ellos, no se tambaleará cada vez que te des vuelta para ver la televisión QUÉ HAY EN LA CAJA: Un juego de 2 taburetes giratorios y de altura ajustable, con respaldo, reposapiés y base resistente para un asiento cómodo y seguro. ¿Qué estás esperando? Completa tu cocina ahora",SONGMICS,Negro
B00KQPTKNW,es,"Miroytengo Somier multiláminas con REGULADORES LUMBARES, FIRMEZA Adaptable, Tubo 40x30MM y LÁMINAS de Haya Natural Antideslizantes (con Patas, 150x190 cm)","SOMIER MULTILÁMINAS con tubo de 40x30cm / Pintura exposi con tratamiento anticorrosión color plata. Refuerzo central en las siguientes medidas: 105x180, 105x190, 105x200, 135x180, 135x190, 135x200, 150x180, 150x190, 150x200. Láminas de haya vaporizada 38x8 con papel pintado antideslizante y regulables en la zona lumbar para una mejor adaptación. Patas cilíndricas con rosca y sistema anti-ruido, de 25cm de altura y 5cm de diámetro según opción. Fabricación Nacional, este somier proporciona gran comodidad y confort.","✅ Somier MULTILÁMINAS con tubo de 40x30cm. Su acabado esta hecho de pntura exposi con tratamiento anticorrosión color plata. ✅ Refuerzo central en las siguientes medidas: 105x180, 105x190, 105x200, 135x180, 135x190, 135x200, 150x180, 150x190, 150x200 ✅ Láminas de madera de haya natural vaporizada 38x8 con papel pintado antideslizante y regulables en la zona lumbar para una mejor adaptación. ✅ Patas cilíndricas con rosca de 10 mm y sistema anti-ruido, de 25cm de altura y 5cm de diámetro según opción. ✅ Fabricación Nacional, este somier proporciona gran comodidad y confort ¡El mejor de los somieres con diferencia!.",Miroytengo,Con Patas
B00M7DTS88,es,"Luengo Lenteja Pardina, 1kg",,Nuestras legumbres son sometidas a un riguroso control de selección y envasado Alto contenido en fibra Reconocido por la Fundación Española del Corazón,Luengo,
B00MY3XA6M,es,Beiker Preparado Panificable sin Gluten - 1000 gr,,"Preparado panificable Sin gluten Sin lactosa, sin trigo, sin leche añadida, sin huevo añadido, sin soja añadida",Beiker,
B00OXNEU5Q,es,"SONGMICS Set de 3 Estantes de Pared, Estantes Flotantes, 30/45/60 cm, Acabado Brillante, Decorativos, Creativos, para Habitación, Salón, Cocina, Pasillo, Capacidad de Carga de 15 kg, Blanco LWS66W","Gracias a este conjunto de 3 estantes de pared SONGMICS, decorativos y creativos, lacados con pintura gris brillante, las paredes de tu casa se verán mejor que nunca.<p> <b>Resistente en Cualquier Ambiente</b><br> Utiliza el espacio de las paredes vacías con estos estantes flotantes hechos de tablero de fibra de alta calidad que son prácticos, duraderos y no pasará de moda con el tiempo. Cada habitación los necesita para la organización: puedes colocar adornos y plantas en la sala de estar, libros y revistas en el dormitorio o especias y recipientes en la cocina, etc.<p> <b>Hacia Arriba o al Revés</b><br> Con herrajes colgantes invisibles en ambos lados, estos estantes se pueden colocar uno frente al otro, hacia arriba o hacia abajo para crear una forma que deseas. ¡Echa un vistazo a nuestras fotos para obtener algunas ideas! <p> <b>Especificaciones:</b> <br>- Color: Blanco <br>- Material: MDF (tablero de fibra de densidad media, grado E1) <br>- Dimensiones del estante pequeño: 30 x 15 x 10 cm (Largo x Ancho x Alto) <br>- Dimensiones del estante medio: 45 x 15 x 10 cm (Largo x Ancho x Alto) <br>- Dimensiones del estante grande : 60 x 15 x 10 cm (Largo x Ancho x Alto) <br>- Capacidad de carga estática de cada estante: 15 kg <br>- Peso total del producto: 3,65 kg<p> <b>Contenidos del paquete:</b> <br>- 3 x Estante de pared <br>- 1 x Bolsa de accesorios <br>- 1 x Manual de uso (ES, DE, EN, FR, IT)<p> <b>Notas de SONGMICS:</b> <br>- Para la instalación se requiere destornillador, nivel, taladro eléctrico y martillo. <br>- Se sugiere montar el producto en pared de hormigón macizo o ladrillo. Si desea montarlo en placas de yeso, debe obtener primero los tornillos apropiados en una ferretería.","Crea tu propio estilo: ¿Eres un aficionado del clasicismo? Deja estos 3 estantes de pared flotar hacia arriba. ¿Te gusta ser creativo? Desata tu imaginación colocándolos en pared arriba y boca abajo en un Diseño único y original para atraer la atención de tus visitantes Calidad intrínseca: Cada estante de pared está hecho de tablero de fibra con un espesor de 18 mm, es muy robusto y tiene una capacidad de carga de 15 kg, puede soportar perfectamente con elegancia tus fotos, plantas, recuerdos de vacaciones y demás cosas que desees mostrar Elegancia incomparable: Gracias a su diseño moderno y la singularidad de la pintura gris brillante, nuestros estantes flotantes no sólo son perfectos para cualquier habitación que necesite decoración mural, sino que también combinan fácilmente con el estilo de tu hogar Elementos de ayuda para el montaje: Incluimos no solo tornillos de expansión y pernos adecuados para los soportes metálicos montados en la parte posterior del estante, sino también las instrucciones ilustradas para ayudarte en el montaje Qué hay en la caja: Juego de 3 estantes de pared de diferentes tamaños que brillan en cada habitación, instrucciones claras y kit de montaje; así que no esperes más, decora tus paredes con estos estantes ahora",SONGMICS,Blanco
B00T9Y84O2,es,HOGAR24 Somier multiláminas con reguladores lumbares-150x190cm-PATAS 26CM (5 Patas Incluidas),"Sólida estructura de acero con perfil especial 40 x 30 mm. Láminas de haya 100% de 33 mm con acabado antihumedad y antideslizante. Para las medidas 80, 90, 105 y 120: juego de 4 patas incluido. Para las medidas 135, 140 y 150: juego de 5 patas incluido. Absorción de la presión sin ruidos, gracias a los tacos de alta resistencia que acoplan las láminas a la estructura. Las medidas de 80 y 90 cm no llevan barra central. Las medidas de 105, 120, 135, 140 y 150 cm incorporan 1 barra central. En medidas de 160 y 180 cm de ancho se compone de 2 unidades de 80 ó 90 cm unidos mediante una pletina de unión.","Sólida estructura de acero con perfil especial 40 x 30 mm Láminas de haya 100% de 33 mm con acabado antihumedad y antideslizante. Para las medidas 80, 90, 105 y 120: juego de 4 patas incluido. Para las medidas 135, 140 y 150: juego de 5 patas incluido. Absorción de la presión sin ruidos, gracias a los tacos de alta resistencia que acoplan las láminas a la estructura. Las medidas de 80 y 90 cm no llevan barra central. Las medidas de 105, 120, 135, 140 y 150 cm incorporan 1 barra central. En medidas de 160 y 180 cm de ancho se compone de 2 unidades de 80 ó 90 cm unidos mediante una pletina de unión.",HOGAR24,
B00T9Y8TQA,es,HOGAR24 Base TAPIZADA + 6 Patas DE Metal con Tejido 3D Y VÁLVULAS DE TRANSPIRACIÓN-135x190cm-PATAS 26CM,,"Base tapizada con tejido 3D transpirable, incorpora el exclusivo sistema Air Fresh 3D System, cuyos componentes han sido diseñados específicamente para facilitar una completa aireación y ventilación del equipo de descanso. A diferencia de las bases tapizadas convencionales, el tablero de kraft corrugado de alta resistencia es menos pesado y más fácil de mover que el tablero de madera aglomerada. Todas las medidas vienen preparadas para instalar 6 patas, excepto la medida de 150 que incorpora 7 patas. Incorpora tres barras transversales para un mayor refuerzo. Las bases tapizadas de 160 y 180 cm de ancho, se componen de 2 bases tapizadas de 80 o 90 cm unidas mediante pletina de unión. Estas medidas incorporan 12 patas. La base se entrega montada, sólo es necesario roscar las patas sin necesidad de utilizar herramientas de montaje. Fabricado en España, garantía de satisfacción 100%.",HOGAR24,Beige
B00T9YBL6K,es,"HOGAR24 Somier Somieres Lama Ancha Reforzada con Tacos Anti-Ruido y Patas cilíndricas, Tubo 40x30. Fabricación Nacional-90x190cm-PATAS 26CM",,"Lamas de madera de chopo de 17cm de ancho vaporizados con papel estructurado antideslizante Bastidor acerado de 40x30 mm, con tacos laterales de alta resistencia para amortiguar ruidos. Pintura polipox-hibrido de secado al horno con tratamiento anti-corrosión Juego de 4 patas de 26cm incluido Las medidas de 80, 90 y 105 cm incorporan 1 barra central. Las medidas de 120, 135, 140 y 150 cm incorporan 2 barras centrales. En medidas de 160 cm y 180 cm de ancho se compone de 2 unidades de 80 cm ó 90 cm unidos mediante una pletina de unión.",HOGAR24,
B00TGZPG6S,es,"HOGAR 24 Somier, Madera, 90 x 190 cm",,Tubo de acero de 30 x 30 mm Láminas de chopo de 100 mm Barra central de refuerzo Entrega a pie de calle Fabricado en España,HOGAR 24,Madera
B00UTBFWNU,es,"Songmics OBG22B-Silla de Oficina giratoria (Altura Regulable, Acolchada), Piel sintética, Negro, 76x66x32",,"Alta estabilidad y durabilidad – Las partes importantes (como reposabrazos, ruedas, pistones de gas, etc.) se han mejorado y han superado la BIFMA Con un diámetro de la base en cruz de aprox. 70 cm garantiza una excelente estabilidad y está verificado por SGS. La silla de oficina es resistente y duradera. Máx. Peso máximo: 150 kg Altura total: 112-122 cm. Altura del respaldo: aprox. 74 cm. Superficie del asiento: ancho aprox. 54 cm. Profundidad: aprox. 50 cm, altura regulable sin niveles: aprox. 44-54 cm. Altura desde el reposabrazos hasta el suelo: aprox. 68-78 cm. Diámetro de la base: aprox. 70 cm Material de alta calidad: la superficie de poliuretano de alta calidad es agradable al tacto y fácil de limpiar. El acolchado extra grueso permite una comodidad óptima y promete una buena elasticidad y un mejor ajuste. No se deforma fácilmente Ruedas de alta calidad, base en cruz con 5 ruedas de seguridad. Las ruedas de las sillas tienen un revestimiento de poliuretano de alta calidad, son resistentes a la abrasión, muy silenciosas, y también protegen el suelo de arañazos. Esta silla giratoria se entrega con ruedas adecuadas para su uso en casi todos los revestimientos de suelo (madera, azulejos, PVC y moqueta) Piezas de repuesto disponibles – Los tornillos mejorados no se sueltan fácilmente incluso después de un uso prolongado. Incluye rodillo adicional y tornillos de repuesto. Fácil de montar gracias a las instrucciones bien pensadas (idioma español no garantizado). La herramienta también está incluida",SONGMICS,Negro
B00W46KQ5W,es,"Sony Cyber-Shot DSC-HX90 - Cámara compacta de 18.2 Mp (pantalla de 3"", zoom óptico 30x, sensor Exmor R, visor OLED, pantalla para selfies, Wi-fi/NFC), negro con estabilizador de imagen",,"Visor electrónico retráctil de alto contraste OLED ""Tru-Finder"" Olvidate del desenfoque con estabilización de imagen inteligente de 5 ejes y análisis de fotograma CoMparte con facilidad y toma el control de la cámara distancia con las funciones WIFI / NFC La cámara más pequeña del mundo (entre las cámaras digitales coMpactas con 30x de zoom óptico y visor) Enchufe europeo",Sony,negro
B00WGOY7O8,es,"LITORAL Plato Preparado de Lentejas Riojana, Sin Gluten, 430g",,LITORAL Lentejas Riojana con un selecto embutido elaborado en Asturias Ingredientes 100% naturales sin gluten; ni aditivos Disfruta de un plato típico de la cocina casera española; con la calidad de LITORAL Fuente natural de fibra. Disponible en formato lata: 430g,Litoral,
B00XA0S8LK,es,"LITORAL Plato Preparado de Callos Madrileña, Sin Gluten, 380g",,"LITORAL Callos Madrileña con un selecto embutido elaborado en Asturias Ingredientes 100% naturales sin gluten, ni aditivos Disfruta de un plato típico de la cocina casera española, con la calidad de LITORAL Disponible en formato lata: 380g Comida española fácil de preparar: al baño maria, en cazo o al microondas",Litoral,
B00XA0SK04,es,"LITORAL Vegetal Plato Preparado de Garbanzos con Espinacas, Sin Gluten, 425g",,"LITORAL Vegetal Garbanzos con deliciosa receta ligera y verduras españolas Receta 100% vegetal, baja en grasa y sin gluten, ni aditivos Disfruta de una receta práctica y saludable, con la calidad de LITORAL Apto para dietas vegetarianas Disponible en formato lata: 425g",Litoral,
B00XACGH6Q,es,"Litoral Hoy Legumbres Plato Preparado de Legumbres, sin Gluten, 430g",,"LITORAL Alubias con Legumbres de cultivo local, cuidadosamente seleccionadas y acompañadas de su sofrito Ingredientes 100% naturales sin gluten, ni aditivos Disfruta de un plato típico de la cocina casera española, con la calidad de LITORAL Disponible en formato lata: 430g Comida española fácil de preparar: al baño maria, en cazo o al microondas",Litoral,
B00Y0Q1DLK,es,"HOGAR24 ES Somier Multiláminas Con Reguladores Lumbares, Sin Patas 150x190 Cm",,Sólida estructura de acero Tamaño: 150 x 190 cm Con acabado antihumedad y antideslizante Marca del producto: Hogar24 ES,HOGAR24,
B00YMSZDZS,es,HOGAR24 Base TAPIZADA con Tejido 3D Y VÁLVULAS DE TRANSPIRACIÓN Y 6 Patas DE Metal DE 32 CM 90x200cm,"Base tapizada con tejido 3D transpirable, incorpora el exclusivo sistema Air Fresh 3D System, cuyos componentes han sido diseñados específicamente para facilitar una completa aireación y ventilación del equipo de descanso. A diferencia de las bases tapizadas convencionales, el tablero de kraft corrugado de alta resistencia es menos pesado y más fácil de mover que el tablero de madera aglomerada. Todas las medidas vienen preparadas para instalar 6 patas, excepto la medida de 150 que incorpora 7 patas. Incorpora tres barras transversales para un mayor refuerzo. Las bases tapizadas de 160 y 180 cm de ancho, se componen de 2 bases tapizadas de 80 o 90 cm unidas mediante pletina de unión. Estas medidas incorporan 12 patas. La base se entrega montada, sólo es necesario roscar las patas sin necesidad de utilizar herramientas de montaje. Fabricado en España, garantía de satisfacción 100%.","Base tapizada con tejido 3D transpirable, incorpora el exclusivo sistema Air Fresh 3D System, cuyos componentes han sido diseñados específicamente para facilitar una completa aireación y ventilación del equipo de descanso. A diferencia de las bases tapizadas convencionales, el tablero de kraft corrugado de alta resistencia es menos pesado y más fácil de mover que el tablero de madera aglomerada. Todas las medidas vienen preparadas para instalar 6 patas, excepto la medida de 150 que incorpora 7 patas. Incorpora tres barras transversales para un mayor refuerzo. Las bases tapizadas de 160 y 180 cm de ancho, se componen de 2 bases tapizadas de 80 o 90 cm unidas mediante pletina de unión. Estas medidas incorporan 12 patas. La base se entrega montada, sólo es necesario roscar las patas sin necesidad de utilizar herramientas de montaje. Fabricado en España, garantía de satisfacción 100%.",HOGAR24,Patas 32 Cm
B00YMT0IKW,es,"Base Tapizada Con Tejido 3D y Válculas de Transpiración y 6 Patas De Metal De 32 cm, 135x190cm","Base tapizada con tejido 3D transpirable, incorpora el exclusivo sistema Air Fresh 3D System, cuyos componentes han sido diseñados específicamente para facilitar una completa aireación y ventilación del equipo de descanso. A diferencia de las bases tapizadas convencionales, el tablero de kraft corrugado de alta resistencia es menos pesado y más fácil de mover que el tablero de madera aglomerada. Todas las medidas vienen preparadas para instalar 6 patas, excepto la medida de 150 que incorpora 7 patas. Incorpora tres barras transversales para un mayor refuerzo. Las bases tapizadas de 160 y 180 cm de ancho, se componen de 2 bases tapizadas de 80 o 90 cm unidas mediante pletina de unión. Estas medidas incorporan 12 patas. La base se entrega montada, sólo es necesario roscar las patas sin necesidad de utilizar herramientas de montaje. Fabricado en España, garantía de satisfacción 100%.","Base tapizada con tejido 3D transpirable, incorpora el exclusivo sistema Air Fresh 3D System, cuyos componentes han sido diseñados específicamente para facilitar una completa aireación y ventilación del equipo de descanso. A diferencia de las bases tapizadas convencionales, el tablero de kraft corrugado de alta resistencia es menos pesado y más fácil de mover que el tablero de madera aglomerada. Todas las medidas vienen preparadas para instalar 6 patas, excepto la medida de 150 que incorpora 7 patas. Incorpora tres barras transversales para un mayor refuerzo. Las bases tapizadas de 160 y 180 cm de ancho, se componen de 2 bases tapizadas de 80 o 90 cm unidas mediante pletina de unión. Estas medidas incorporan 12 patas. La base se entrega montada, sólo es necesario roscar las patas sin necesidad de utilizar herramientas de montaje. Fabricado en España, garantía de satisfacción 100%.",HOGAR24,Metal
B012T29V06,es,Kodak Pixpro FZ152 Negra,,Zoom óptico 4 X Gran angular de 27 mm Compatible con PC o Mac Vídeo HD de 720 pixeles,KODAK,Negro
B015FMZ4MQ,es,HOGAR24 Base TAPIZADA + SIN Patas con Tejido 3D Y VÁLVULAS DE TRANSPIRACIÓN-160x200cm (2 Bases DE 80CM con Abrazadera),"Base tapizada con tejido 3D transpirable, incorpora el exclusivo sistema Air Fresh 3D System, cuyos componentes han sido diseñados específicamente para facilitar una completa aireación y ventilación del equipo de descanso. A diferencia de las bases tapizadas convencionales, el tablero de kraft corrugado de alta resistencia es menos pesado y más fácil de mover que el tablero de madera aglomerada. Todas las medidas vienen preparadas para instalar 6 patas, excepto la medida de 150 que incorpora 7 patas. Incorpora tres barras transversales para un mayor refuerzo. Las bases tapizadas de 160 y 180 cm de ancho, se componen de 2 bases tapizadas de 80 o 90 cm unidas mediante pletina de unión. Estas medidas incorporan 12 patas. La base se entrega montada, sólo es necesario roscar las patas sin necesidad de utilizar herramientas de montaje. Fabricado en España, garantía de satisfacción 100%.","Base tapizada con tejido 3D transpirable, incorpora el exclusivo sistema Air Fresh 3D System, cuyos componentes han sido diseñados específicamente para facilitar una completa aireación y ventilación del equipo de descanso. A diferencia de las bases tapizadas convencionales, el tablero de kraft corrugado de alta resistencia es menos pesado y más fácil de mover que el tablero de madera aglomerada. Todas las medidas vienen preparadas para instalar 6 patas, excepto la medida de 150 que incorpora 7 patas. Incorpora tres barras transversales para un mayor refuerzo. Las bases tapizadas de 160 y 180 cm de ancho, se componen de 2 bases tapizadas de 80 o 90 cm unidas mediante pletina de unión. Estas medidas incorporan 12 patas. La base se entrega montada, sólo es necesario roscar las patas sin necesidad de utilizar herramientas de montaje. Fabricado en España, garantía de satisfacción 100%.",HOGAR24,Sin Patas
B0172UUVFY,es,Genérico. GASMOBE Base Unidad Externa Condensador Pack (2) Resina PVC Ajustable para Unidad de Condensador Aire Acondicionado minisplit. Soporta hasta 120kg por Base. con herrajes. (85X80X350),"❄️ Bases para pavimento en PVC doble extrusión anti-choque y resistente a los rayos UV. ❄️ Ideales para fijar la unidad externa al suelo. Diseño de absorción de impactos. ❄️ Color marfil. Incluye herrajes. ❄️ Instalación simple: entrega a granel, accesorios completos, montaje simple y fácil de usar. ❄️ Adecuado para varias marcas de sistemas de aire acondicionado de condensación exterior y de bomba de calor para exteriores.","❄️ Base para condensadores resina de PVC ajustable para unidad de condensador de aire acondicionado mini split sin conductos ❄️ Proteja el condensador Transpirable, impermeable y resistente a la humedad, alargando la vida útil de la máquina. ❄️Soporte bases para aire acondicionado para unidad exterior de aire acondicionado",Genérico.,
B019GL1854,es,"Kodak Astro Zoom AZ422 Cámara digital, 20MP, 1/2.3"" CCD, 5152 x 3864 Pixeles, Negro",,"Enchufe europeo Auto, Nublado, Luz de día, Fluorescente, Incandescente, Manual, Niños, Fuegos artificiales, Paisaje, Paisaje nocturno, Retrato nocturno, Panorama, Party (interior) uto, Película, Imagen única, Presentación de diapositivas, Miniaturas, Batería, Cámara puente",KODAK,Negro
B01A5VQHBY,es,Taladro Percutor Brushless 20V Worx WX373,,"""Motor Brushless: Hasta 50% más de autonomía Hasta 25% más de potencia Hasta 10 veces mayor vida del motor."" 2 Velocidades Variables: El control de 2 velocidades es ideal para atornillar y taladrar, permite obtener un mejor rendimiento, aplicando diferentes velocidades para diferentes trabajos. Primera velocidad para mayor par de apriete; Segunda velocidad para mayor velocidad ""22+1+1 pares de apriete: Ajusta la posición de apriete para ser eficiento en todos tus trabajos. Regula el par de apriete a una posición más alta para perforar con martillo y alcanzar el mejor rendimiento."" Luz LED: Equipado con una luz LED, este taladro de impacto permite trabajar en zonas oscuras. La luz LED se activa cuando se presiona ligeramente el gatillo. ""WX373: PowerShare: La batería PowerShare 20V se puede compartir con otras herramientas Worx de 20V, de forma cómoda y económica. Además, ofrece menos tiempo de carga y mayor capacidad.",WORX,Negro
B01AY8BVQY,es,"Greenworks 673801107 Taladro Destornillador, 700 W, 24 V, Verde",,"Funciones: función de taladrar, atornillar y martillo LED incorporado que se enciende la luz de área de trabajo Asa confort para un mantenimiento seguro Rotación simple y marcha atrás",Greenworks,Verde
B01B1JGLCO,es,"HOGAR 24 Somier Láminas De Chopo Sin Patas, Acero, Naranja, 90x190",,"Tubo de acero de 30 x 30 mm Láminas de chopo de 100 mm con acabado Absorción de la presión sin ruidos, gracias a los tacos de alta resistencia que acoplan las láminas a la estructura. Sólida estructura de acero con perfil especial. Las medidas de 80, 90 y 105 cm incorporan 1 barra central. Las medidas de 120, 135, 140 y 150 cm incorporan 2 barras centrales.",HOGAR 24,Naranja
B01B98IYPY,es,"C&Aacute;Mara Digital 16&Nbsp;Mp, Zoom 16X,&Nbsp;Color&Nbsp;Negro","Bridge con zoom, gran ángulo, 16 aumentos – Color: Negro – 16 MP – Visor Electrónico – Amplia pantalla LCD de 3 pulgadas – Sistema de estabilización ""Shake Reduction"" – Vídeo Full HD con botón dedicado – Salida Micro-HDMI – Batería de litio recargable.<br> Idioma del menú chino/inglés/alemán/francés/italiano/japonés/español/portugués/ruso/turco.","Pantalla en color, TFT, 16&nbsp;aumentos, sensor de pixel, m&aacute;ximo zoom digital, pantalla de 3&nbsp;pulgadas, CMOS 5.0&nbsp;MP, 16&nbsp;millones de p&iacute;xeles. 16&nbsp;MP/12&nbsp;MP/8&nbsp;MP/5&nbsp;MP/2&nbsp;MP/ de resoluci&oacute;n de v&iacute;deo. Resoluci&oacute;n fotogr&aacute;fica de 1280&nbsp;x 720&nbsp;p&iacute;xeles/640&nbsp;x 480&nbsp;p&iacute;xeles/320&nbsp;x 240&nbsp;p&iacute;xeles. C&aacute;mara digital + c&aacute;mara de v&iacute;deo digital + c&aacute;mara web, escenas desde coche, Paisaje, noche, definici&oacute;n ultra alta, calidad de imagen/de alta definici&oacute;n/definici&oacute;n est&aacute;ndar. Funci&oacute;n de impresi&oacute;n integrada, obturador electr&oacute;nico, micr&oacute;fono integrado, altavoz integrado. Accesorios est&aacute;ndar. Bater&iacute;a de litio, cargador, USB, transmisi&oacute;n por cable por salida a TV, bolsa, correa, manual (idioma espa&ntilde;ol no garantizado), CD-ROM.",G-Anica,negro
B01BRGUC9Y,es,"Amazon Basics - Tijeras con mango suave y cuchilla de titanio (20 cm, pack de 1)",,"Pack de 1 tijeras de 20 cm para cortar papel, cartón, tela, fotos y más. Mangos suaves para un uso cómodo, se pueden usar con la mano izquierda o derecha. Cuchillas de titanio fundido que se mantiene afilado después de más de 100 000 cortes, sobrepasa al acero inoxidable. Pivote de cuchilla ajustable de latón y acero inoxidable para mayor fuerza y una apertura y cierre suaves. Mide aproximadamente 21,1 x 7,8 x 1,1 cm; mantener fuera del alcance de los niños.",Amazon Basics,Multicolor
B01C672SZ4,es,"Nikon COOLPIX B500 - Cámara digital de 16 MP (4608 x 3456 pixeles, TTL, 1/2.3"", 4 - 160 mm) color negro",,"Cámara digital compacta con sensor CMOS de 16 MP Zoom óptico de 40x, con diafragma de f/3.3-6.5 Pantalla abatible vertical de 3"", con una resolución de 1920 x 1080 pixeles y tecnología LCD Incorporado con Wi-Fi, NFC y Bluetooth para una conexión constante entre la cámara y el Smartphone o la tableta",Nikon,Negro
B01C672VK6,es,"Nikon COOLPIX B500 - Cámara digital de 16 MP (4608 x 3456 pixeles, TTL, 1/2.3"", 4 - 160 mm), rojo",,"Cámara digital compacta con sensor CMOS de 16 MP; Grabación de videos en Full HD de 1080 p con sonido estéreo Lente de cristal súper telefoto ED NIKKOR con zoom óptico de 40x y apertura f/3.3-6.5 Wi-Fi, NFC y Bluetooth de baja energía (BLE) integrados mantienen una conexión constante con un teléfono inteligente o una tableta compatibles Pantalla abatible vertical de 3"", con una resolución de 1920 x 1080 pixeles y tecnología LCD Funciona con pilas alcalinas; 4 pilas incluidas",Nikon,Rojo
B01CDJQM9S,es,"KT04S Soporte universal para aire acondicionado de ventanas, hasta 39 kg, para 5000 BTU a 10000 BTU","– Requisitos: Ventana alféizar debe ser un mínimo de 2 pulgadas de profundidad. Color del umbral de la ventana debe ser capaz de aceptar (3) tornillos de 3,5 pulgadas,. Ventana – Taburete no puede exceder 1,5 pulgadas – no se puede utilizar con Diapositiva hoja Ventana o ventana","Fácil instalación en interiores Diseño universal funciona con la mayoría de las unidades de ventana Nivel de burbuja de precisión exclusiva garantiza el ángulo de montaje adecuado Se monta en cualquier superficie de hasta 15.2 ""de la pared y 7.1"" – 11.6 Altura ajustable Todas las herramientas necesarias incluidas y todos los climas acero inoxidable construcción",My Home,Blanco
B01GHSQUZM,es,HOGAR24 ES Base tapizada con Tejido 3D Negro y válvulas de transpiración + 6 Patas de Metal Roscadas de 32cm-90x190cm,"Base tapizada con tejido 3D transpirable, incorpora el exclusivo sistema Air Fresh 3D System, cuyos componentes han sido diseñados específicamente para facilitar una completa aireación y ventilación del equipo de descanso. A diferencia de las bases tapizadas convencionales, el tablero de kraft corrugado de alta resistencia es menos pesado y más fácil de mover que el tablero de madera aglomerada. Todas las medidas vienen preparadas para instalar 6 patas, excepto la medida de 150 que incorpora 7 patas. Incorpora tres barras transversales para un mayor refuerzo. Las bases tapizadas de 160 y 180 cm de ancho, se componen de 2 bases tapizadas de 80 o 90 cm unidas mediante pletina de unión. Estas medidas incorporan 12 patas. La base se entrega montada, sólo es necesario roscar las patas sin necesidad de utilizar herramientas de montaje. Fabricado en España, garantía de satisfacción 100%.","Base tapizada con tejido 3D transpirable, incorpora el exclusivo sistema Air Fresh 3D System, cuyos componentes han sido diseñados específicamente para facilitar una completa aireación y ventilación del equipo de descanso. A diferencia de las bases tapizadas convencionales, el tablero de kraft corrugado de alta resistencia es menos pesado y más fácil de mover que el tablero de madera aglomerada. Todas las medidas vienen preparadas para instalar 6 patas, excepto la medida de 150 que incorpora 7 patas. Incorpora tres barras transversales para un mayor refuerzo. Las bases tapizadas de 160 y 180 cm de ancho, se componen de 2 bases tapizadas de 80 o 90 cm unidas mediante pletina de unión. Estas medidas incorporan 12 patas. La base se entrega montada, sólo es necesario roscar las patas sin necesidad de utilizar herramientas de montaje. Fabricado en España, garantía de satisfacción 100%.",HOGAR24 ES,Patas 32 Cm
B01I5JVBZK,es,LITORAL Hoy Legumbres Lentejas con su sofrito - Plato Preparado Sin Gluten - Pack de 5x435g,,Contiene lentejas cocidas y salsa sofrito Plato preparado con ingredientes naturales No contienen gluten ni aditivos Un plato típico de la gastronomía española,Litoral,
B01JLRALEC,es,"Wurth 2607335223,POWERAXIS Wurth Bateria 702300824 24V 3.0Ah Ni-MH Batería para Bosch Spit 327 GBH 24VFR GBH 24VRE GBH 24VSR BAT019 BAT020 BAT021 2607335083 2607335097 2607335098,Wurth 24V","<b>Sobre POWERAXIS:</b> <br> - 18 Años de fabricación de baterías para herramientas eléctricas <br> - Calidad confiable <br> - Precio razonable <br> - Entrega rápida <br> - Excelente servicio al cliente <br> - 12 meses de garantía <br> <br> <b>Reemplazar Número de pieza OEM:</b><br>Esta batería es compatible con Wurth 24v, si esta batería no puede ser cargada por su batería original, por favor trate de usar el cargador de batería Bosch para cargar esta batería<br> <br>Bosch 2 607 335 08 2 607 335 082 2 607 335 083 2 607 335 097 2 607 335 098 2 607 335 163 2 607 335 190 2 607 335 192<br> 2 607 335 215 2 607 335 216 2 607 335 216-7502 607 335 223 2607335082 2607335083 2607335097 2607335215<br> 2607335216 2607335216-750 2607335223 BAT019 BAT021<br> <br> <b>Modelos compatibles:</b> <br> BOSCH GBH24VRE GBH24VFR GBH 24 VRE GBH 24 VFR<br> BBH24VRE BBH 24 VRE 11225VSRH 11225VSR<br> 0 611 260 539 0 611 225 503<br> <br> <br> <b>El paquete incluye:</b> 1x Reemplazo batería","◆ Tipo de batería: Ni-MH, Voltio: 24V, Capacidad : 3000mAh ""Ctrl + F"" busca tu modelo ◆ Compatible con: BOSCH BAT019 BAT020 BAT021, 2 607 335 082, 2 607 335 083, 2 607 335 097 11225VSR, 11225VSRH, GBH 24VFR Compatible:Wurth 24v ◆ Nuestra batería Ni-Mh puede ser cargada por su cargador original de Ni-cd,no se preocupe por esto, Protección múltiple: evitar el voltaje incorrecto, sobrecarga de la batería, cortocircuito, sobrecalentamiento interno. ◆ Con el certificado del CE RoHS FCC, substituya perfectamente la batería original ◆ Podemos ofrecer factura, Paquete incluir:1 batería de repuesto,1 instrucción y 1 año de garantía",POWERAXIS,Negro
B01LNNBP9W,es,"Kodak Pixpro, Cámara Digital (16 MP, 4608 x 3456 Pixeles, 1/2.3"", CCD, 25x), Negro",,Calidad Alta calidad Para fotógrafos Hobby Cámara Contenido del envío: cámara,KODAK,Negro
B01M27AX2U,es,LITORAL Vegetal Garbanzos con Espinacas - Plato Preparado Sin Gluten - Pack de 5x425g - Total: 2.12kg,,"Desde hace más de 60 años, disfruta con Litoral de nuestra cocina tradicional Garbanzos con espinacas: deliciosa receta de garbanzos seleccionados y suaves espinacas 100% vegetal Nunca perdamos nuestras buenas costumbres",Litoral,
B01M31TMH8,es,"NaturGreen - Lentejas Rojas Bio, Agricultura Ecólogica, Sin Gluten, Sin Lactosa, Bajo Contenido en Sal, 500 G",,"Las lentejas rojas son especialmente ligeras y se cocinan rápidamente, quedando suaves y cremosas. Este paquete contiene 500 gramos de lenteja roja. Ingredientes: Lenteja roja (100%). Ingrediente procedente de la Agricultura Ecológica. Este producto se fabrica en una planta donde se manipulan frutos secos, soja y sésamo. Modo de empleo: Poner 1 taza de lentejas por cada 2-3 tazas de agua y cocer según su gusto. No es necesario ponerlas a remojo. Pruébelas en sus cremas y salsas. Almacenar en lugar fresco y seco. Las lentejas rojas son especialmente ligeras y se cocinan rápidamente, quedando suaves y cremosas.",NaturGreen,
B01M4LWO0J,es,LITORAL Hoy Legumbres Alubias con su sofrito - Plato Preparado Sin Gluten - Pack de 15x435g - Total: 6.52kg,,Contiene alubias estofados Es apto para una dieta sin gluten Se puede preparar al microondas Es un producto 100% natural,Litoral,
B01MSTVEZN,es,LITORAL Lentejas Riojana - Plato Preparado de Lentejas Riojana Sin Gluten - Pack de 6x430 g,,LITORAL Lentejas Riojana con un selecto embutido elaborado en Asturias Ingredientes 100% naturales sin gluten; ni aditivos Disfruta de un plato típico de la cocina casera española; con la calidad de LITORAL Fuente natural de fibra Disponible en formato lata: 430g,Litoral,
B01MU31H1P,es,"Sony DSC-HX350, Cámara Bridge BionZ X de 20.4 MP y Zoom 50x, HDMI, Negro",,"SteadyShot óptico y SteadyShot óptico con modo Activo inteligente Sensor CMOS Exmor R de 20.4 megapíxel Motor BIONZ X para unos detalles y una reducción de ruido soberbios Lente ZEISS Vario-Sonnar T* con zoom óptico de 50x Detección facial, disparador de sonrisas, línea de cuadrícula, indicador de nivel digital (alabeo), balance de blancos, ayuda al enfoque manual, nivel de referencia de micrófono",Sony,Negro
B01MV80F5C,es,Ventadecolchones - Base Tapizada Modelo Drago con Sistema Antiruido Sin Patas 3D Beige Medida 160 x 200 cm,Base tapizada Standard: Tapa lisa fabricada con estructura metálica de tubo de acero muy resistente de 30x30 mm con 5 barras transversales (3 interiores + 2 exteriores) y con tablero de madera de partículas integrado de 10 mm. No llevan incluidas patas. Llevan sistema antirruido incluído. La base de cama esta tapizado en tejido 3D de colores muy resistente y antideslizante. Esta malla 3D consigue una perfecta transpiración para su colchón.,"3 años de Garantía. Alto: 6 cm ± 0.5 cm. Alto con patas: 32cm ± 1 cm. Fácil montaje. Envío gratis en planta baja. Subida y montaje opcional para la provincia de Madrid por 29 €. Para el resto de España 39€, si necesita subida y montaje consúltenos. No se hacen envíos a Canarias. Base tapizada: Tejido 3D. Características: Esquinas redondeadas, excepto cuando se eligan 2 unds. de base tapizada unida, que llevarán las esquinas interiores rectas y las exteriores curvas como aparece en la foto e incorporarán pletinas de unión.",ventadecolchones.com,3d Beige
B01MZAP2O5,es,"KES Estanteria Ducha Estantería Baño de Pared Acero Inoxidable Sus 304 Balda Almacenaje Acabado Cepillado 40CM, BSC205S40DG-2",<b>ESPECIFICACIONES</b><br/> <b>-Material:</b> Acero Inoxidable SUS 304<br/> <b>-Acabado:</b> Acabado Cepillado<br/> <b>-Instalación:</b> Montado en la Pared<br/> <b>-Longitud total:</b> 400 mm<br/> <b>-Carga máxima:</b> 5 KG (11 lb)<br/><br/> <b>El paquete incluye</b><br/> 1 x Estanteria Ducha<br/> 1 x Paquete de Hardware<br/> 1 x Paquete Sin Taladro<br/><br/>,"Método de instalación: instalar con tornillos con tornillos de acero inoxidable y anclajes.Se recomienda Instalar en Zonas Secas. A Prueba de óxido: fabricado con acero inoxidable de primera calidad tipo 304, que protege contra la corrosión y el óxido y necesita un mantenimiento trivial. Heavy Duty: Construcción totalmente metálica, lo que garantiza calidad y longevidad El estanteria plano con borde alto evita que los artículos de ducha se caigan. Carga máxima: 5 KG. Almacenamiento Grande: 400 mm de longitud adicional. El estanteria pared ofrece un gran espacio de almacenamiento. Mantenga el champú, el jabón y otros artículos de baño a mano en este carrito de ducha. Aplicar al baño, cocina, lavabo y dormitorio, etc. Tornillo Oculto: todos los tornillos vienen con tapas decorativas. Los tornillos son invisibles después de la instalación, aspecto hermoso y elegante.",KES,Acabado Cepillado
B01MZD3O03,es,"SKLUM Silla Scand Blanco Madera Natural Comedor, Cocina, Escritorio Estilo Nórdico Polipropileno y Madera de Haya",,,SKLUM,
B01N5T6SL4,es,"BLACK+DECKER BL188KB-QW - Taladro Percutor Motor Brushless con 2 Velocidades, 18V, Incluye 2 Baterías de Ion-Litio 1.5Ah, Cargador y Maletín",,"Tecnología de litio: la batería permanece cargada y lista para usar hasta 18 meses Esta herramienta de 18V se puede usar para aplicaciones de perforación y atornillado Se puede usar para las tareas de perforación en materiales tales como: madera, metal y plástico Cuenta con 24 posiciones de fuerza par y 2 velocidades variables",Black+Decker,Naranja/Negro
B01N6Y6G16,es,"Einhell Atornillador inalámbrico TE-CD 18 Li-i Brushless Power X-Change (con función de impacto, Li-Ion, 18 V, 2 velocidades, 60 Nm, luz LED, maletín, incl. 2 baterías de 2,0 Ah y cargador)",,"3 funciones: atornillado, perforación, perforación de percusión en mampostería Engranaje de 2 velocidades para el atornillado potente y perforación rápida Motor de gran potencia y engranaje metálico para par de giro elevado Mandril portabrocas de sujeción rápida de 13 mm de carcasa única con parada rápida Bloqueo automático del husillo para cambio sencillo de herramientas",Einhell,
B01N9K6Z8J,es,"POWERGIANT 24V 3.0Ah Ni-MH Batería para Bosch GBH 24V, GBH 24VFR, GBH 24VRE, WURTH 24V","¿Por qué elegir powergiant<br/> powergaint Hat Bateria de recambio (herramienta eléctrica de bosch, AEG, Dewalt, Hitachi, Ryobi, Milwaukee Panasonic,, Black & Decker, Paslode Ramset, Ryobi, Skil, Hilti), vacío, pilas, baterías a productos para más de 18 años. Somos siempre dedicado a la fornitura de personas con productos de alta calidad, seguro y fiable<br/> Garantía el comprador da powergiant – -- el reembolso entre 30 días – -- 12 meses de Garantía<br/> Servicio – -- profesional y de fácil acceso clientes<br/> Datos técnicos:<br/> Sistema: NiMH<br/> Tensión: 24 V<br/> Capacidad de la batería: 3,0 Ah<br/> Sustituye los siguientes tipos de baterías:<br/> , BAT020, BAT019, BAT021,<br/> 2 607 335 082, 2 607 335 083, 2 607 335 097,<br/> 2 607 335 0982 607 335 163, 2 607 335 190, 2 607 335 192,<br/> 2 607 335 215, 2 607 335 216, 2 607 335 223<br/> Apto para los siguientes dispositivos:<br/> Bosch 0 611 260 539,<br/> 11225 VSR, 11225 VSRH,<br/> GBH 24 VFR, GBH 24 VRE, GBH 24 VSR<br/>'Se ruega de asegurarse, qué comprar, aptos para herramientas, usar ""Ctrl"" + ""F para una rápida búsqueda, para los modelos ¿Preguntas la compatibilidad, nosotros fácil de controlar para la<br/> Contenido del Paquete:<br/> 1 × Batería<br/> 1 x Manual Dell 'usuario","Baterías de repuesto NiMH tipo de batería 3000 mAh grande capacidad Bosch 24 V El trabajo como batería original Bosch 24 voltios recargable, medida para bat019 Batería Bosch, bat021, bat020,2 607 335 163, 2 607 335 097, etc. Compatible con los Bosch 24 V 0 611 260 539, 11225 VSR, 11225 vsrh, GBH 24 VFR, GBH 24 VRE, GBH 24 VSR etc. para mayor compatibilidad Bosch herramientas taladro, se ruega leer Infor detalle producto Batería recargable Bosch seguro y duradero, fácil de cargar y metal perfecto conecta, a mantener la taladro Bosch trabajo herramienta de nuevo garantiamo rimborso entre 30 Días Y 12 meses de garantía, y, fácil de alcanzar servicio clientes profesional risolverà todos tus puzles",POWERGIANT,
B06WV791ZY,es,Ventadecolchones - Base tapizada Modelo Drago Súper-Reforzada con Sistema Antiruido con 7 Patas de 27 cm con 7 Barras transversales 3D Beige Medida 135 x 190 cm,Base tapizada Súper-Reforzada: Tapa lisa fabricada con estructura metálica de tubo de acero muy resistente de 30x30 mm con 7 barras transversales (5 interiores + 2 exteriores) y con tablero de madera de partículas integrado de 10 mm. Juego de 8 ó 12 Patas incluidas (12 patas cuando la base tapizada esta compuesto por 2 unidades). Llevan sistema antirruido incluído. La base de cama esta tapizado en tejido 3D de colores muy resistente y antideslizante. Esta malla 3D consigue una perfecta transpiración para su colchón. Posibilidad de altura personalizada tanto en patas metálicas como en patas de madera. Llámenos para informarse.,"3 años de Garantía. Alto: 6 cm ± 0.5 cm. Alto con patas: 32cm ± 1 cm. Fácil montaje. Envío gratis en planta baja. Subida y montaje opcional para la provincia de Madrid por 29 €. Para el resto de España 39€, si necesita subida y montaje consúltenos. No se hacen envíos a Canarias. Base tapizada: Tejido 3D. Características: Esquinas redondeadas, excepto cuando se eligan 2 unds. de base tapizada unida, que llevarán las esquinas interiores rectas y las exteriores curvas como aparece en la foto e incorporarán pletinas de unión.",ventadecolchones.com,3d Beige
B06X9WSSLL,es,"find. Buck, Botas para Mujer, Marrón (Brown 03), 40 EU",,Cremallera lateral Botas de caña media Tacón medio y grueso Corte geométrico en el empeine Horma estrecha,find.,Marrón Brown 03
B06XBVVQCL,es,"WOLTU® 2 x Taburete de Bar con Respaldo, Marco de Madera Maciza Imitación de Cuero, para Cocina, Bar, Paquete de 2 Unidades Negro","<b><p>Nuestro producto convence en términos de diseño y calidad.</b></p><p>Nuestros productos usan solo materiales de primera clase, que caracterizan la calidad.</p><b><p>Si tiene problemas con el montaje o el desmontaje de los taburetes de la barra o las mesas de la barra, póngase en contacto con nosotros y le ayudaremos </b></p><b><p>Datos técnicos:</b></p><p>Material: madera maciza / plástico<br>Asiento: imitación de cuero<br>Altura total: aprox 96.5 cm<br>Altura del respaldo: aprox.24cm<br>Área de asiento: aprox 38.5 x 33 cm<br>Capacidad de carga: 100 kg<br></p><p><b>Tenga en cuenta</b></p>1. El color del producto puede variar un poco según el monitor y la resolución<br>2. El producto no se envía temporalmente a esta isla Baleares (Código postal 07000-079999).","TABURETE DE DISEÑO ERGONÓMICO: Teniendo en cuenta el principio de la ergonomía, el juego de 2 taburetes de bar WOLTU equipa con un respaldo bajo y un reposapiés cromado y redondo, ofreciendo suficiente apoyo a la espalda y un buen punto de aterrizaje para que los pies tengan un buen descanso TABURETES DE DESAYUNO DURABLES: Cubierto por el cuero sintético y llenado de espuma de alta densidad y resistencia, el cómodo asiento de los taburetes barra es resistente a las roturas y duradero. Mientras tanto, las patas de madera maciza son estables y fuertes para soportar la carga máxima de 120 kg TABURETES ALTOS MULTIFUNCIONALES: Gracias al estilo moderno y a la perfecta combinación de colores, los taburetes de bar WOLTU adornan perfectamente su habitación. Son prácticos y versátiles para ser taburetes de bar, taburetes de barra de desayuno, taburetes de mostrador, taburetes altos de cafetería, etc. ESTABLE Y PROTEGER EL SUELO: Todas las patas llevan almohadillas antideslizantes para aumentar la estabilidad y al mismo tiempo, proteger el suelo de los arañazos y reducir el ruido al moverse MONTAJE FÁCIL Y RÁPIDO: Le proporcionamos el manual de instalación ilustrado y los accesorios numerados o con letras para que pueda terminar de montar los taburetes de bar fácilmente y rápidamente",WOLTU,Schwarz
B06Y2GRX8V,es,"LG 28MT49VF, TV LED 28pulgadas, HD Ready, USB AutoRUN, Built-in Game, color negro (Black Glossy)",,"Monitor tv led lg 28mt49vf 28"" tdt 1366 x 768 5ms hdmi usb",LG,VARIOS
B06ZY98DQ3,es,"LG 28MT49S-PZ - Monitor TV de 27.5"" (71 cm, Smart TV LED HD, 1366 x 768 Pixels, Modo Cine, Modo Juego), Color Negro Brillante",,"Televisor Smart TV y monitor HD a la vez con una pantalla de 70 cm / 27.5 pulgadas Modo Juego: puedes disfrutar de un entorno de juego profesional con varios modos de juego como, por ejemplo, el estabilizador de negros y el modo DAS Modo Cine: si quieres ver una película en tu propio espacio, la pantalla completa del modo Cine permite capturar todos los momentos importantes, incluso en las escenas oscuras 2 altavoces estéreo de 5 W: disfruta de tus películas o juegos con un auténtico sonido estéreo; con el altavoz estéreo integrado, ya no necesitas altavoces adicionales alrededor del monitor Sin parpadeo: al reducir el nivel de parpadeo casi al cero, Flicker-Safe ayuda a proteger los ojos de parpadeos agotadores",LG,Negro Brillante
B0714N7942,es,"find. Botines de Ante con Hebilla para Mujer, Marrón (Tan), 37 EU",,Parte superior de cuero desgastado Tacón de madera Cremallera por la cara interior Detalle de hebilla en el tobillo Precio mínimo en los 30 días previos a la oferta: 52.5€,find.,Marrón Tan
B071DXH7YQ,es,"Zollner Taburete plegable multiusos, 30 cm altura",,"El escalón plegable es la ayuda perfecta para llegar a las zonas más altas de los armarios y estanterias, tanto en casa como en la oficina. Perfecto para niños y adultos. Al ser pesar apenas 1 kilo, es muy fácil de llevar y lo podemos usar el baño, la cocina, etc. Es muy resistente, ya que tiene una capacidad de carga de hasta 120 kilos. La superficie es antideslizante, para mayor estabilidad y libertad de movimiento, y tiene unas medidas aproximadas de 29x22 cm. Está disponible en varias medidas: 22, 30 y 39 cm de altura. La medida pequeña resulta perfecta como escalón infantil, para lavarse las manos o los dientes. La medida grande es perfecta como mueble auxiliar para trabajos tanto en interior como exterior: jardín, terraza, etc. El escalón plegable es muy ligero y ocupa muy poco espacio una vez plegado, para poder guardarlo en cualquier rincón. Tiene incluso una práctica asa para poder transportarlo facilmente. Cuando está plegado, tiene un grosor máximo de 4 cm. El peldaño plegable esta realizado en plástico 100%, muy resistente, por lo que es muy sencillo de limpiar, basta con agua y jabón. Disponible en los colores blanco con detalles en gris y antracita con detalles en blanco.",ZOLLNER,Blanco
B071FF9Y6T,es,"MoKo Funda para New iPad Air (3rd Generation) 10.5"" 2019/iPad Pro 10.5 2017 - Flexible Transparente TPU Protector de Espalda de Goma de la Contraportada Back Cover Apretón - Claro Cristal Claro","<b>Compatibilidad:</b> </br> </br>Diseñado específicamente para su preciosa <b>Apple New iPad Air (3rd Generation) 10.5"" 2019(A2133 / A2124 / A2126 / A2125)/iPad Pro 10.5 2017 (A1701 / A1709 / A1852) </b>, esta funda ofrece una combinación de funcionalidad y estilo. </br>Bien construido para proteger su <b>Apple New iPad Air (3rd Generation) 10.5"" 2019(A2133 / A2124 / A2126 / A2125)/iPad Pro 10.5 2017 (A1701 / A1709 / A1852) </b> <b>Descripción del producto: </b> </br> </br>Funda suave de la cubierta de TPU, durable, ligero y protector. </br>El diseño trasero ruffled único puede proteger grandemente la parte posterior y los lados de su precioso iPad 9.7 pulgada 2017 Release Tableta de caídas o caídas accidentales. </br>El diseño transparente e impermeable protege su Tabletaa preciosa perfectamente con una mirada formada. </br>Los bordes elevados en la esquina de cuatro proporciona una protección adicional para el cristal de la pantalla de la Tabletaa y la cámara. </br>Recortes precisos para todos los puertos, botones y altavoces permiten un acceso total a todas las funciones y controles sin tener que quitar la cubierta. <b>Sobre nosotros:</b> </br> </br> Este producto es vendido exclusivamente por Guohe. Sólo compra en Guohe para obtener productos originales de MoKo con garantía de por vida y excelente servicio al cliente. </br>MoKo es una marca registrada de Guohe y está distribuida exclusivamente por Guohe en Amazon. La marca MoKo está protegida por la Ley de Marcas de los Estados Unidos.</br>","Diseñado específicamente para su preciosa Apple New iPad Air (3rd Generation) 10.5"" 2019(A2133 / A2124 / A2126 / A2125)/iPad Pro 10.5 2017 (A1701 / A1709 / A1852), esta funda MoKo ofrece una combinación de funcionalidad y estilo. Fundasuave de la cubierta de TPU, durable, ligero y protector. El diseño transparente e impermeable protege su Tableta preciosa perfectamente con una mirada formada. El diseño trasero rizado único puede proteger grandemente la parte posterior y los lados de su iPad precioso favorable 10.5 Tableta de caídas o de gotas accidentales. Los bordes elevados en la esquina de cuatro proporciona una protección adicional para el cristal de la pantalla de la Tableta y la cámara. Los recortes precisos para todos los puertos, botones y altavoces permiten un acceso completo a todas las funciones y controles sin tener que quitar la cubierta. Garantía de por vida. Por favor, busque ""MoKo iPad Pro 10.5 pulgada 2017"" para otros accesorios ofrecidos por Guohe.",MoKo,claro
B071GFDJSD,es,"find. Botas de Cordones para Mujer, Rojo (Dk Tan), 41 EU",,Tacto con textura efecto serraje Precio mínimo en los 30 días previos a la oferta: 22.97€,find.,Rojo Dk Tan
B071P9Y9GD,es,"find. Botas de Tacón por Encima de la Rodilla Stretch Mujer, negro, 39",,Corte clásico con puntera y tacón alto Suave tejido de terciopelo elástico Detalles pespunteados en el empeine Altura por medio muslo,find.,Negro Schwarz Black
B071RN7FHT,es,"find. Botines Chelsea de Ante para Mujer, Marrón (Congo), 38 EU",,Suela media y tacón bajo Detalle de costura con pespunte Efecto ante desgastado Estilo Chelsea Precio mínimo en los 30 días previos a la oferta: 29.52€,find.,Marrón Congo
B071RZ9H97,es,"LG 24MT49S-PZ - Monitor TV de 24"" (60 cm, Smart TV LED HD, 1366 x 768 Pixels, Modo Cine, Modo Juego), Color Negro Brillante",,"Televisor Smart TV y monitor HD a la vez con una pantalla de 60 cm / 24 pulgadas Modo Juego: puedes disfrutar de un entorno de juego profesional con varios modos de juego como, por ejemplo, el estabilizador de negros y el modo DAS Modo Cine: si quieres ver una película en tu propio espacio, la pantalla completa del modo Cine permite capturar todos los momentos importantes, incluso en las escenas oscuras 2 altavoces estéreo de 5 W: disfruta de tus películas o juegos con un auténtico sonido estéreo; con el altavoz estéreo integrado, ya no necesitas altavoces adicionales alrededor del monitor Sin parpadeo: al reducir el nivel de parpadeo casi al cero, Flicker-Safe ayuda a proteger los ojos de parpadeos agotadores",LG,Negro
B071S374G9,es,"KES Estanteria Ducha Negro Estanteria Baño sin Taladro Acero Inoxidable Estante Pared 2 Piezas 30CM, BSC205S30ADM-BK-P2",<b>ESPECIFICACIONES</b> <br/> <b>-Material: </b>Acero Inoxidable SUS304<br/> <b>-Acabado: </b>Negro Mate<br/> <b>-Instalación: </b>Montado en la Pared<br/> <b>-Longitud Total: </b>300 mm<br/> <b>-Máx.Carga: </b>5 KG (11 lb)<br/><br/> <b>El Paquete Incluye</b> <br/> Estanteria Ducha X2<br/> Paquete de Hardware X2<br/> Paquete Sin Taladro X2<br/><br/>,"Dos Opciones de Instalación: use el paquete sin taladros incluido para instalar este estanteria baño en minutos. Montaje RÁPIDO y FÁCIL, NO se necesitan taladros, NO dañan la pared. También puede elegir una instalación de montaje con tornillos con tornillos de acero inoxidable en el paquete. A Prueba de óxido: la estanteria ducha negra KES está fabricada con acero inoxidable de primera calidad tipo 304, lo que protege contra la corrosión y el óxido y necesita un mantenimiento trivial. Adecuado para ambientes húmedos como baño y cocina. Heavy Duty: Construcción totalmente metálica, lo que garantiza calidad y longevidad El estanteria plano con borde alto evita que los artículos de ducha se caigan. Carga máxima: 5 KG. Ahorro de Espacio: longitud adicional de 11.8 pulgadas (300 mm). El estanteria pared ofrece un gran espacio de almacenamiento. Mantenga el champú, el jabón y otros artículos de baño a mano en este estanteria de ducha. Aplicar al baño, cocina, lavabo y dormitorio, etc. Tornillo Oculto: todos los tornillos vienen con tapas decorativas. Los tornillos son invisibles después de la instalación, aspecto hermoso y elegante.",KES,Negro Mate
B0725Q67X3,es,"Biográ Espiral De Lentejas Rojas Biogra Bio Biográ, 250 g",,Productos frescos y naturales Producto de la marca BIOGRÁ Producto Para El Cuidado Y Bienestar De Tu Cuerpo,Biográ,
B072FQPDZD,es,"Doritos Dippas, Nachos de Maíz - 180g",,"¿Solos o con salsa? La eterna pregunta de todo aquel que prueba nuestros Doritos Dippas , un snack riquísimo y crujiente adecuado para dipear y picotear Este crujiente y ligero aperitivo Doritos es adecuado para acompañar co n tus salsas y toppings favoritos .¡Prepárate para disfrutar! Las Dippas de Doritos son adecuadas para combinar con otros sabores de Doritos como Tex Mex o BBQ Compártelas en fiestas, picnics y barbacoas Prueba toda la gama Doritos y disfruta al máximo de todos los sabores ¡Atrévete!",Doritos,
B072FRGG6S,es,"find. Botas de Tacón por Encima de la Rodilla Stretch de Terciopelo Mujer, rojo, 36 EU",,Corte clásico con puntera y tacón alto Suave tejido de terciopelo elástico Detalles pespunteados en el empeine Altura por medio muslo,find.,Rojo
B073FB37SL,es,"Bionsan Lenteja en Grano Ecológica, 6 Bolsas de 500 G, Total 3000 G",,"ALIMENTO ECOLÓGICO. Lentejas 100% ecológicas. No GMO. No irradiado. Apto para vegetarianos y veganos. FORMATO: 6 paquetes de 500 gr. PREPARACIÓN: En general se pueden cocer sin necesidad de remojo, algunas variedades como la castellana, más grande, lo agradece, aunque no necesitamos un remojo excesivamente largo o de toda la noche. Cuanto más pequeño es el tamaño, más fácil y rápida su cocción. PROPIEDADES: Las lentejas destacan por su aporte en cuanto a hidratos de carbono y proteínas, hierro, zinc, magnesio, sodio, potasio, selenio, calcio y vitaminas, especialmente del complejo B: como la B2, B3, B6, B9 (ácido fólico), vitamina A, vitamina E además de ser una buena fuente de fósforo, manganeso, y ácido fólico, sin perder de vista la fibra, importante para favorecer el tránsito intestinal y evitar estreñimiento INFORMACIÓN NUTRICIONAL (100gr): Energia: 1274KJ/303Kcal, Proteína: 18.4g., Grasa: 2.1g. De las cuales saturadas: 0.3g. Hidratos de carbono: 41.8g. De los cuales azúcares: 3.3g., Fibra: 21.5g., Sal: 0.02g. Puede contener trazas de gluten, sésamo, soja y frutos secos.",Bionsan,
B073ZPB8RL,es,"Silla Racing Vettel en Cuero Sintético & Tela en Red I Silla Gamer Ergonómica & con Respaldo I Silla de Oficina con Ruedas I Color:, Color:Negro/Amarillo","Silla Racing de Oficina Vettel<br><br>La silla de escritorio Vettel combina la comodidad y el estilo deportivo. El asiento imita los asientos de los La silla de escritorio Vettel combina la comodidad y el estilo deportivo. El asiento imita los asientos de los coches de carreras, está acolchado totalmente para asegurar que es cómodo incluso tras varias horas de uso. El tapizado del asiento es una mezcla de piel sintética y de tela en red. El soporte es de plástico duro, esté le da la resistencia que la unidad requiere. Incluye 5 ruedas que se deslizan sin problemas. <br><br>Material del tapizado: tela en red & cuero sintético (100% poliuretano)<br><br>Medidas aproximadas:<br>Altura total: 108 - 118 cm<br>Ancho total: 62 cm<br>Profundidad total: 68 cm<br>Altura del asiento: 46 - 56 cm<br>Superficie del asiento (AxP): 51 x 49 cm<br>Altura del respaldo: 67 cm<br>Ancho del respaldo: 50 cm<br>Altura del reposabrazos: 69 - 79 cm<br>Peso máximo soportado: 135 kg<br>Peso: 17 kg<br><br>Asiento:<br>Combina cuero sintético y tela en red<br>Asiento, respaldo y reposabrazos acolchados para un mayor confort<br>Respaldo alto para mayor comodidad<br><br>Soporte:<br>Material: plástico<br>Incluye 5 ruedas<br><br>Características:<br>Incluye mecanismo de balanceo<br>Altura regulable<br>Une comodidad y diseño deportivo<br><br>Mantenimiento:<br>Sólo aspirar con el aplicador adecuado<br>Limpiar con un paño de algodón humedecido con agua tibia<br>No utilizar ningún detergente doméstico<br>","COMODIDAD: La silla de oficina Vettel ofrece una comodidad envidiable, su forma de diseño ofrece una postura saludable a la hora de sentarse incluso despuésde varias horas de uso. CARACTERÍSTICAS: La silla gamer Vettel tiene un diseño deportivo, esta tapizada en cuero sintético y red, es regulable en altura y tiene un mecanismo de balanceo que permite más flexibilidad en los movimientos. DIMENSIONES: La silla racing Vettel tiene las siguientes medidas: Altura total: 108 - 118 cm | Ancho total: 62 cm | Profundidad total: 68 cm | Altura del asiento: 46 - 56 cm | Superficie del asiento (AxP): 51 x 49 cm | Altura del respaldo: 67 cm | Ancho del respaldo: 50 cm | Altura del reposabrazos: 69 - 79 cm | Peso máximo soportado: 135 kg I Peso: 17 kg. BASE: La silla de escritorio cuenta con un soporte hecho de plástico robusto, el cual termina en 5 ruedas que se deslizan fácilmente por cualquier superficie. GAMA DE COLORES: La silla de oficina deportiva está disponible en negro/blanco, negro/verde, negro/amarillo, negro/azul, negro/naranja, negro/negro y negro/rojo.",CLP,Negro/Amarillo
B075CT3ZT8,es,"SONGMICS Juego de 3 estantes murales Modernos, Estantes flotantes de Pared, Estantes de Almacenamiento de MDF, Acabado de Alto Brillo, Montaje Oculto, Blanco, LWS40WT",,"Vestido en estilo de pared: Estos 3 estantes murales de color blanco son elementos atractivos en la cocina, el salón, el dormitorio o la entrada; elegantes, sobrios y con estilo, realzarán tu hogar a la vez que ahorran más espacio ¿Este juego es lo suficientemente duradero? ¡Puedes apostar! Con estantes de Alta calidad y superficies resistentes al desgaste y de alto brillo, este juego de estantes de pared tiene mayor estabilidad y fuerza, asegurando usos duraderos Montaje oculto: Se proporcionan orificios para fijar los estantes con tornillos de expansión; girados hacia arriba o hacia abajo como tú quieras. Estos estantes murales tiene la carga máxima de hasta 3 kg, 4 kg y 5 kg Diseño de moda: Estos 3 estantes flotantes con extremos redondeados dan a tus paredes un notable toque de originalidad y modernidad, se adaptan a cualquier habitación, incluso en el estudio; puedes colocar libros, CDs, DVDs, baratijas, tazas, fotos y plantas, etc. Crear el espacio con estilo: No sólo añaden espacio de almacenamiento vertical, sino que encajan perfectamente con el entorno y resaltan los objetos que se exhiben en él, enfatizando su belleza",SONGMICS,Blanco
B075FPNWM2,es,"Taladro Atornillador 21V, TEENO 41Pcs Kit Destornillador Eléctrico (2 Baterías de Litio 1500mAh, 40N.m Par Máx, 2 Velocidades, 10mm Portabrocas Automatico)",El diseño moderno y el cárter de metal atractivo y la manija dual-material dan a este taladro un diseño seductor y la ergonomía máxima Tecnología del litio ningún efecto de memoria y baja autodescarga Ligero y de gran alcance un control de par de 10 posiciones permite controlar la fuerza herramienta de sujeción para realizar todo el trabajo alrededor de la casa,Taladro sin cuerda Componente del paquete: 1 * taladro sin cable + 1 * Caso plástico + 1 * Guantes profesionales + + 35 * Accesorios + 1 * Universal Head + 1 * Cargador + 2 * Baterías Tipo de fuente de alimentación: Batería Batería: 2 baterías de iones de litio 21V Tipo del tirador: 10m m Automático,TEENO,Rojo
B075Z34PS8,es,"find. Botas Chelsea Mujer, Negro (Black), 37 EU",,Lengüeta lisa,find.,Negro Black
B075ZVD13S,es,"Televisor Led 32 Pulgadas HD, TD Systems K32DLM7H. Resolución 1366 x 768, 3X HDMI, VGA, USB Reproductor y Grabador.",,"Televisores Led 32 Pulgadas. Resolución 1366 x 768 píxeles (HD), eficiencia energética A+, sonido Dolby Digital Plus. Conexiones: 3x HDMI, 1x USB, 1x VGA, salida de audio digital, puerto de interfaz común CI, salida de auriculares, entrada de vídeo compuesto, entrada de componentes. Sintonizador digital DVB-T/T2/C, apto para todos los países de la Unión Europea. Sintonizador de segunda generación. Función PVR, grabador y reproductor multimedia USB. Accesorios: mando a distancia con pilas incluídas. Textos en pantalla (OSD) en español, inglés, francés, alemán, y portugués. Manual de usuario en español, e inglés.",TD Systems,Negro
B0764HDSXF,es,"HP 27w – Monitor de 27” Full HD (1920 x 1080, 60Hz, 5ms, IPS LED, 16:9, HDMI, VGA, Antirreflejo, Low Blue Light, Inclinación Ajustable) Negro",,"Pantalla Full HD (1080p) de 69 cm (27 pulgadas) y una frecuencia de actualización de 60 Hz; pantalla microborde con tecnología IPS con retroiluminación LED Tiempo de respuesta de 5 milisegundos con OverDrive; elimina el movimiento borroso, parpadeo y desenfoque en vídeos y juegos Inclinación ajustable de -5° a +25°; además de ángulos de visión ultraamplios de 178° Conecta fácilmente tus dispositivos con los puertos 1 x HDMI 1.4 (compatible con HDCP) y 1 x VGA Contenido de la caja: Monitor; tarjeta de garantía; cable de alimentación AC; cable HDMI; documentación",HP,Negro
B076HP22SP,es,"POWERGIANT 2pcs 24V 3.0Ah Ni-MH Batería para Bosch GBH 24V, GBH 24VFR, GBH 24VRE, WURTH 24V","<B> Sobre POWERGIANT: </ b> <br> POWERGIANT está especializada en el diseño y fabricación de baterías de la herramienta eléctrica variedades con CE / RoHS / FCC Certificado Certificado, probados por el fabricante para que coincida con productos bien. Es <br> gama cubre todas las marcas populares:. Bosch, DeWalt, Hitachi, Ryobi, Metabo, Milwaukee, Panasonic, AEG, Atlas Copco, Negro & Decker, Paslode, Ramset, Ryobi, Skil, Hilti y Lincoln <br> < b> reemplazo para Bosch 24V de la batería </ b> <br> Bosch BAT019, BAT021, BAT020 <br> 2607335163 2607335082 2607335190,2607335192 <br> 2607335083 2607335097 26073350982607335215 <br> 2607335216 2607335216-750 2607335223 2607335082 <br> 2607335083 2607335097 2607335098 2607335163 <br> 2607335190 2607335192 2607335215 2607335216 <br> <b> compatible con las herramientas eléctricas Bosch </ b> <br> 11225VSRH 11225VSR <br> 0611260539 0611225503 <br> GBH 24 VRE GBH 24 VRE VFR BBH 24 <br > <br> <b> Mantenimiento de la batería </ b> <br> carga 1.Please que una vez por cada 3 meses para extender la duración de la batería. <br> 2.Please carga completa de la batería antes del primer uso, y extraiga la batería de la herramienta de energía cuando no esté en uso para evitar la descarga lenta. Usa 3.Limpie los contactos sucios de la batería con un hisopo de algodón y alcohol que puede mantener una perfecta la conexión entre la batería y la conexión. <br> <b> Incluye paquete </ b> <br> 1 x Bosch BAT019 Batería <br> 1 x Manual del usuario <br>","Baterías de repuesto NiMH tipo de batería 3000 mAh grande capacidad Bosch 24 V El trabajo como batería original Bosch 24 voltios recargable, medida para bat019 Batería Bosch, bat021, bat020,2 607 335 163, 2 607 335 097, etc. Compatible con los Bosch 24 V 0 611 260 539, 11225 VSR, 11225 vsrh, GBH 24 VFR, GBH 24 VRE, GBH 24 VSR etc. para mayor compatibilidad Bosch herramientas taladro, se ruega leer Infor detalle producto Batería recargable Bosch seguro y duradero, fácil de cargar y metal perfecto conecta, a mantener la taladro Bosch trabajo herramienta de nuevo garantiamo rimborso entre 30 Días Y 12 meses de garantía, y, fácil de alcanzar servicio clientes profesional risolverà todos tus puzle",POWERGIANT,Negro
B076LXCCXR,es,"RAZAMAZA Botas Moda de Rodilla Tacon Alto para Mujer (39 AS, SM Black)","<b>Welcome to RAZAMAZA store! RAZAMAZA is a famous registed fashion brand!</b><br> <br> <b>Buyer Choose Size Important Notice:</b><br> <br> Step 1: Please measure foot length in centimeter first.<br> <br> Step 2: Please check our size chart to choose right size.<br> <br> Step 3: Please choose one size larger if your foot is fat/thick/width.<br> <br> <br> <b>Question & Answer:</b><br> <br> Q1: When can I get my package? <br> A1: We will send all the package as soon as possible,you can get the package on time you see shipping days when you make order!<br> <br> <br> Q2: What can I do if I have any problems?<br> A2: Please send email to tell us your problems first,we will reply you in 12 hours(except holiday) and try to find the best solutions,thanks for your trust! <br> <br> <br> Q3: What can I do if the products have problems?<br> A3: Please send us email with the problem products picture,which can help us to solve the problem in time!<br> <br> <br> <b>Dear my friend,please contact us first with any problems, we will assit with your order at the first time, if you are satisfied with our service,please leave us good feedback.Thank you!</b>",,RAZAMAZA,Sm Black
B07941373N,es,EUROM AC2401 - Aire acondicionado,"Aire Acondicionado Caravan – 2401 AC.......... Estas Caravan Split aire acondicionado de Eurom no requiere instalación fija y por lo tanto puede ser fácilmente montado en una ventana de una caravana, móvil de viaje, bus, barco o también en la casa................ esto se el exterior parte en el montaje incluido en ventanas abiertas, fácil sujetar a planchar los marcos de las ventanas montadas y ahora con las pinzas 1588732............................, la unidad interior en el soporte apropiado y es la planta listo.......................... asa de montaje que se pueden Sin más a los ventanas sin limitar su función habituales; durante la autonomía del aire acondicionado deberían ser la ventana cerrado.......................... el parte interior también dispone de una protección contra insectos............. a través del clara en la pantalla LCD Unidad Interior en todas las funciones El aire acondicionado digital muestra y pueden controlarse............................. dispone de 2 ventiladores y de 4 niveles de refrigeración y un temporizador, con el tiempo de funcionamiento de la planta de entre 0,5 y 7,5 horas se puede variabeleingestellt – después de alcanzar el introduce Duración: Desconecta automáticamente........................ antes de seguir conduciendo la aire acondicionado puede guardarse fácilmente en cada banco de asiento de caravanas estándar o viaje Mobils............. rendimiento de refrigeración:... 2.400 btuh/750 W............... Consumo de corriente: 2 a...............) Consumo de energía: 450 W.............. conexión: 230 V.......... datos técnicos:.. 2 niveles de ventiladores........... Flujo de aire interior 330 M3/STD............. Flujo de aire exterior parte de 270 m3/STD............ nivel de ruido:............ interior: 49,8 de 55 dBa)..............",Es indispensable en caravanas en los viajes calurosos sur Mejorado sucesor de la legendaria aire acondicionado eurom ac2400,Eurom,
B079FTG3Z7,es,"find. Botines con Puntera y Tacón Bajo Mujer, Plateado (Silver Silver), 36 EU",,Estilizado diseño con puntera,find.,Plateado Silver Silver
B079ZYKLFD,es,LITORAL Vegetal Lentejas con Verduras - Plato Preparado Sin Gluten - Paquete de 10x430g - Total: 4.3kg,,"LITORAL Vegetal Lentejas con deliciosa receta ligera y verduras españolas Receta 100% vegetal, baja en grasa y sin gluten, ni aditivos Disfruta de una receta práctica y saludable; con la calidad de LITORAL Apto para dietas vegetarianas Disponible en formato lata: 430g",Litoral,
B07B1171D5,es,LITORAL Hoy Legumbres Lentejas con su sofrito - Paquete de 15 x 425g (Total: 6.375 kg),,"LITORAL Lentejas con su sofrito de cultivo local, cuidadosamente seleccionadas y acompañadas de su sofrito Ingredientes 100% naturales sin gluten; ni aditivos Disfruta de un plato típico de la cocina casera española; con la calidad de LITORAL Disponible en formato lata: 435g Comida española fácil de preparar: al baño maria; en cazo o al microondas",Litoral,
B07BBRZPDQ,es,"TV LED INFINITON 32"" INTV-32 HD Ready - Reproductor y Grabador USB, 3X HDMI","TV LED de 32”, 300HZ, smart HUB, Resolución HD Ready 720p (1280 x 720), Reproductor Multimedia USB, Grabador PRV USB, Brillo: 200 cd/m3, contraste 600:1 (típico), tiempo de refresco 5.5ms, Altavoces 2 x 3W, Conexión HDMI v1.4, 100 HZ","TV LED de 32” 300 HZ Resolución HD Ready (1366 x 768) Direct LED Reproductor Multimedia USB - USB Clonador Modo Hotel - DVBS2 DVBT2 - Grabador PRV Brillo: 200 cd/m3, contraste 3000:1 Tiempo de refresco 8,5ms",INFINITON ELECTRONICS,Negro
B07BFFKCHC,es,"HOGAR24 Base Tapizada con 5 Barras Transversales y Tejido 3D Color Gris + 7 Patas de Metal 32cm, 150x200cm","Base tapizada con tejido 3D transpirable, incorpora el exclusivo sistema Air Fresh 3D System, cuyos componentes han sido diseñados específicamente para facilitar una completa aireación y ventilación del equipo de descanso. A diferencia de las bases tapizadas convencionales, el tablero de kraft corrugado de alta resistencia es menos pesado y más fácil de mover que el tablero de madera aglomerada. Todas las medidas vienen preparadas para instalar 6 patas, excepto la medida de 150 que incorpora 7 patas. Incorpora cinco barras transversales para un mayor refuerzo. Las bases tapizadas de 160 y 180 cm de ancho, se componen de 2 bases tapizadas de 80 o 90 cm unidas mediante pletina de unión. Estas medidas incorporan 12 patas. La base se entrega montada, sólo es necesario roscar las patas sin necesidad de utilizar herramientas de montaje. Fabricado en España, garantía de satisfacción 100%.","Base tapizada con tejido 3D transpirable, incorpora el exclusivo sistema Air Fresh 3D System, cuyos componentes han sido diseñados específicamente para facilitar una completa aireación y ventilación del equipo de descanso. A diferencia de las bases tapizadas convencionales, el tablero de kraft corrugado de alta resistencia es menos pesado y más fácil de mover que el tablero de madera aglomerada. Todas las medidas vienen preparadas para instalar 6 patas, excepto la medida de 150 que incorpora 7 patas. Incorpora cinco barras transversales para un mayor refuerzo. Las bases tapizadas de 160 y 180 cm de ancho, se componen de 2 bases tapizadas de 80 o 90 cm unidas mediante pletina de unión. Estas medidas incorporan 12 patas. La base se entrega montada, sólo es necesario roscar las patas sin necesidad de utilizar herramientas de montaje. Fabricado en España, garantía de satisfacción 100%.",HOGAR24,Patas 32 Cm
B07BH2442X,es,"mDesign Estantería de baño sin taladro – Práctica estantería esquinera para ducha en metal y plástico – Organizador de baño extensible con toallero y 4 cestas para champú, gel, etc. – gris","Todos los accesorios de ducha, siempre a mano – Estantería de ducha telescópica de mDesign En sus cuatro baldas para baño, sus dos ganchos y su toallero integrado, este estante rinconero de mDesign ofrece mucho espacio de almacenaje para el champú, el acondicionador, el gel de ducha y las maquinillas de afeitar. Además, gracias a su práctica barra telescópica, se puede adaptar a casi cualquier ducha, y con su tecnología de sujeción constante, se mantendrá firme en su lugar. Estas estanterías para baño llevan un acabado inoxidable y están rematadas con tapas de plástico, por lo que son muy adecuadas para las húmedas condiciones del baño. Al mismo tiempo, los remates de plástico protegen contra resbalones y arañazos en los azulejos y otras superficies. Características del producto en detalle Rinconera con barra telescópica Con 4 cestas, 2 ganchos y 1 toallero de barra Extensible de 1,5 m hasta 2,9 m Material: metal y plástico Color: gris Medidas: 22,9 cm x 22,9 cm x 24,1 cm Número de modelo: 01999MDBSTEU","SÓLIDA CONSTRUCCIÓN: Gracias a la patentada tecnología de tensión constante se garantiza la estabilidad en toda la barra para que los accesorios de baño permanezcan seguros en su sitio. GRAN CAPACIDAD: Con cuatro cestas, dos ganchos y un toallero de barra, esta estantería para ducha ofrece mucho espacio para champú, acondicionador, maquinillas de afeitar, jabón, gel, etc. AHORRA ESPACIO: Este organizador de ducha ha sido diseñado para la esquina, por lo que puede adaptarse a cualquier ducha a la vez que proporciona amplio espacio para los productos de aseo. ESTRUCTURA RESISTENTE: La estantería rinconera para ducha está realizada en metal resistente recubierto con un acabado inoxidable en gris y va rematada con tapas de plástico blando. MEDIDAS GRANDES: Con unas dimensiones de 22,9 cm x 22,9 cm x 24,1 cm, esta estantería telescópica puede extenderse de 1,5 m a 2,9 m e instalarse fácilmente en cualquier ducha o baño.",mDesign,Grafito
B07BPZGJ3B,es,"HOOMEE Cubierta Aislante Universal de Ventanas para Aire Acondicionado Portátil y Secadora ( 400 CM)- Apto para todos los Aparatos de Aire Acondicionado Portátiles, Fácil de Instalar","<b> Sello De Tela para Ventanas HOOMEE para Aires Acondicionados Portátiles y Secadoras</b><br> Este fantástico sello previene que el aire caliente que sale de la manguera de tu aire acondicionado o secadora entre en tu habitación.<br><br> Hoomee ofrece un sellado alrededor de tu ventana y luego cierra la cremallera alrededor de la boquilla de la manguera bloqueando el flujo de aire caliente. De esta forma tu aire acondicionado funciona de la manera más eficiente posible. <br><br> El sello para ventanas Hoomee para aires acondicionados portátiles y secadores son extremadamente fáciles de instalar y ajustar a cualquier unidad portátil.<br><br> Compatible con todos los aires acondicionados portátiles y secadora. No necesitas que comprar kits para ventanas, adaptadores para tu manguera u otras herramientas adicionales.<br> Perfecto para ventanas de bisagras ( No apto para ventanas abatibles ni correderas).<br> Previene que el aire caliente entre en tu habitación.¡Una gran solución que puede ayudarte a ahorrar mucho en tus cuentas!<br> Fácil de instalar en la ventana y la manguera.<br> Enfría las habitaciones de forma más rápida y eficiente.<br> Fácil de retirar: Una vez que el clima se vuelva frio de nuevo, ¡retire el sello y guárdelo hasta el siguiente verano! <br><br> <b> Se puede instalar en unos segundos:</b><br> Paso 1 – Aplica cinta adhesiva en la parte interior del marco de la ventana y la ventana en sí. <br> Paso 2 – Posicione el sello para ventanas en la cinta adhesiva.<br> Paso 3 – Abre la cremallera en el sello y coloque la manguera del aire acondicionado fuera de la ventana.<br> Paso 4 – Cierre la cremallera alrededor de la manguera.<br><br> <b> ¡Mantente frio, ahorra dinero y salva al planeta! </b><br>","EL AIRE CALIENTE NO ENTRARÁ MAS POR TU VENTANA – La cubierta para ventanas Hoomee es única en el mercado ya que evita que entre el aire caliente sellando la manguera entre el marco de la ventana y la ventana en sí. Nuestra cubierta mantiene alejados los indeseables voladores y la lluvia, además crea un “ambiente cerrado” que mantiene tu habitación fría por más tiempo. INCREMENTA EL RENDIMIENTO DEL ENFRIAMIENTO – ¡Disfruta de un ambiente más frío en el verano gracias a Hoomee! Nuestro producto ofrece un sellado alrededor de su ventana y luego se cierra la cremallera alrededor de la boquilla de la manguera bloqueando el flujo de aire caliente de esta manera hará que tu tu aparato de aire acondicionado pueda ser más eficiente y enfriar tu habitación en menos tiempo. REDUCE EL CONSUMO DE ENERGIA - ¡Hoomee ama a la Tierra! Esta cubierta aislante contribuye al ahorro energético y a disminuir las emisiones de dióxido de carbono, la cual es particularmente alta en verano debido al uso masivo de aires acondicionados. Al prevenir que el aire caliente circule en tu habitación. Hoomee te ayuda a ahorrar en tu factura eléctrica! FÁCIL DE INSTALAR – NO SE NECESITAN AGUJEROS DE TALADROS. Todo lo que necesitas viene con tu pantalla para ventanas Hoomee. Simplemente aplica la cinta adhesiva en la parte interior del marco de la ventana y en la ventana en sí. Posiciona el sello para ventana en la cinta adhesiva. Luego, abre la cremallera en el mismo y coloca la salida de la manguera de su aire acondicionado fuera de la ventana. Por último, cierra la cremallera alrededor de la manguera. Tan simple como eso! UNIVERSAL – Adecuado para todos los aires acondicionado portátiles y secadoras sin importar el fabricante. Ya sea que la ventana abra hacia la derecha o la izquierda, sea una claraboya u otro tipo de ventana, la tela aislante para ventanas Hoomee hará el trabajo. Se adapta a la ventana con un perímetro máximo de 400CM.",HOOMEE,
B07BXN33GQ,es,Felicia - Fusilli - Pasta Hecha 100% de Harinas de Lentejas Rojas - Sin Gluten - Sin Huevo ni Leche - 250 Gramos,,,Felicia,
B07C2TM76Y,es,TEENO taladro Percutor sin cable 21V+2 baterías de iones de litio+20 accesorios + guantes profesionales,"Esta taladro percutor a bateria TEENO 21V es una herramienta imprescindible en cualquier kit de herramientas de bricolaje. Ideal para una variedad de tareas de perforación y atornillado en madera, metal, mampostería. Gracias a los 16 ajustes, más atornillador y un taladro de percusión, este destornillador percutor una potencia óptima en una variedad de materiales Atornillador bateria cuenta con dos velocidades, que ofrece una transferencia de potencia eficiente y el más alto grado de suavidad de funcionamiento. 2 baterías de ion de litio de 1.5 Ah, por lo que puedes continuar con la perforación sin ninguna interrupción.Con una conexión eje flexible para usarse en algunos lugares donde un taladro fijo no puede funcionar. Características de la batería: Las 2 potentes baterías alcanzan una carga completa en solo 1 hora;",Taladro Percutor sin cuerda Componente del paquete: 1 * taladro percutor sin cable + 1 * Caso plástico + 1 * Guantes profesionales + 20 * Accesorios+ 1 * Cargador + 2 * Baterías Tipo de fuente de alimentación: Batería(1500mah) Batería: 2 baterías de iones de litio 21V Tipo del tirador: 10m m Automático Función: Impacto,TEENO,Rojo
B07C3VFRJW,es,La Silla de Claudia - Silla Escritorio y Oficina Torino Color Rosa Frambuesa. Silla Oficina ergonómica con reposabrazos. Asiento y Respaldo Regulables. Ruedas de Goma,"<p>Silla de escritorio rosa con brazos para oficina y hogar, tanto para adultos como para silla oficina juvenil o infantil. <br /> Esta silla de oficina rosa dispone de sistema de elevación a gas para regular la altura. <br /> Cuenta con mecanismo de contacto permanente, el cual permite dejar el respaldo suelto o fijarlo en cualquier posición de inclinación. <br /> Silla de oficina con ruedas para todo tipo de suelos, incluido parquet. <br /> Relleno de goma espuma de alta densidad en respaldo y asiento para un máximo confort. <br /> Tapizada y montada en España con materia prima italiana. <br /> Una buena silla escritorio económicas y ergonómica para adaptarla a cada usuario. <br /> Diseño elegante tapizado.</p>","SILLA ESCRITORIO ERGONÓMICA, con regulación de respaldo (inclinación, altura y profundidad) y asiento (altura) MECANISMO CONTACTO PERMANENTE que permite regular inclinación del respaldo y tenerlo siempre en contacto con la espalda del usuario o dejarlo bloqueado. RUEDAS DE GOMA que evitan dañar cualquier superficie, incluidas las más delicadas como parquet o tarima. SILLA OFICINA confortable, de calidad italiana y montada y tapizada en España en el momento de realizar tu pedido. Producto exclusivo. Contamos con servicio post-venta para todos nuestros productos (repuestos, materiales, etc) SILLA GIRATORIA válida para uso en oficina y hogar, tanto para adultos como para niños a partir de 6 años.",La Silla de Claudia,Rosa Frambuesa
B07C5RGSKY,es,"EGGREE Pack 2 Sillón Lounge Terciopelo Vintage, Silla de Comedor/Cucion con Patas Metálicas Fuertes y Tela de Terciopelo Sedoso - Verde",,"★ Sillón Lounge -- Altura total: 81-83cm, altura del asiento al piso: 46-48cm, tamaño detallado vea la segunda imagen, tenga en cuenta que todas las mediciones se realizan manualmente con una posible desviación de 1-3 cm; ★ Sillón Lounge -- Tela de terciopelo suave rellena con una esponja de alta densidad, que es muy elástica y cómoda, evita que la silla se deforme; ★ Sillón Lounge -- Asiento tapizado y diseño único de respaldo que evita el dolor de espalda o la incomodidad al estar sentado por un largo período de tiempo; ★ Sillón Lounge -- Los pies de metal hacen que esta silla sea más fuerte. Pequeños pies anti-rasguños en la parte inferior de cada pata para evitar daños en el piso; ★ Sillón Lounge -- Ideal silla de regalo de vacaciones, sillas estables se pueden utilizar en el comedor, habitación de huéspedes, sala de estar, comedor, casa de campo, habitación extra, etc.",EGGREE,Verde
B07CHJKLFJ,es,Exmate 24V 3.5Ah Batería para Bosch BAT030 BAT031 BAT240 BAT299 BH-2424 BTP1005 GLI24V GMC24V GSR 24VE-2 GBH24VF GSA24V,"<b>Ni-MH VS Ni-CD</b><br> 1.La batería Ni-MH es mucho más ecológica que la batería Ni-CD, no contamina el medio ambiente.<br> 2.El efecto de memoria de la batería de Ni-MH es mucho menor que la batería de Ni-CD, casi sin efecto de memoria.<br> 3.La vida útil de la batería Ni-MH es más larga que la batería Ni-CD.<br><br><b>Reemplace el número de pieza:</b><br> BOSCH: BAT030, BAT031, BAT240, BAT299, 2 607 335 446, 2 607 335 268, 2 607 335 279, 2 607 335 280, 2 607 335 445, 2 607 335 448, 2 607 335 509, 2 607 335 510, 2 607 335 537, 2 607 335 538, 2 607 335 561, 2 607 335 562, 2 607 335 637, 2 607 335 645<br><br> <b>Compatible con: (Busque con ""Ctrl + F"")</b><br> BOSCH: 11524, 125-2411524, 12524, 12524-03, 13624, 13624-2G,1645, 1645-24, 1645B-24, 1645K-24, 1660, 1660B, 1660K-24, 3452, 3924, 3924-243960, 52324, 52324B, BACCS 24 V, GBH 24 V/3B, GBH 24 VF, GBH 24 VF/3B, GBH 24 V, GCM 24 V, GKG 24 V, GKS 24 V, GLI 24 V, GMC 24 V, GML 24 V, GML 24 V-CD, GSA 24 V, GSA 24 VE, GSA 24 VEF, GSB 24 VE-2, GSB 24 VE-2/N, GSR 24 VE-2, GSR 24 VE-2/N, GSR 24VE-2/N, GST 24V, GST 24 VH, GST 24V, GST 24VH, PSB 24VE-2, SAW 24V<br><br> <b>Garantía:</b><br> 30 días de reembolso y devolución completos, nos comprometemos a proporcionar los mejores productos y el mejor servicio para usted.<br><br><b>Anuncios:</b><br> 1.No almacene las baterías durante un período prolongado, debe usarse al menos una vez al mes.<br> 2.Si es necesario, utilice un hisopo de algodón con alcohol para limpiar los contactos de la batería.<br> 3.Después de usar durante largo tiempo en sus herramientas eléctricas, descanse completamente las baterías.<br> 4.Antes de recargar las baterías, asegúrese de que las baterías ya se hayan enfriado.<br> 5.Para un transporte seguro, las baterías no se han cargado por completo, después de tres ciclos (carga completa y descarga completa por tres veces), las baterías pueden alcanzar las mejores condiciones.<br>","Voltaje - 24V / Capacidad - 3500mAh / Tipo de batería - Ni-MH / Condición - Nuevo / Cantidad - 1 Pcs Compare con las baterías de baja capacidad, 3500mAh de alta capacidad puede proporcionar mucha más potencia y mucho más tiempo de funcionamiento con una carga completa. Hecho por células de batería de alta calidad, ecológico, eficiente, estable y soportable. Casi sin efecto de memoria, puede cargarse o descargarse según sea necesario. Batería de repuesto profesional de 100% nuevo, que se adapta perfectamente a la configuración interna de las herramientas eléctricas y funciona tan bien como la batería original. CE, FCC, RoHS certificado. Pasó satisfactoriamente la prueba de sobrecarga, sobre descarga, cortocircuito, alta temperatura, alta humedad, sobrecalentamiento interno.",Exmate,
B07CKWJK2B,es,"LG Electronics 24TK410V-PZ - Monitor/TV de 24"" LED con TDT2 HD (1366 x 768 Pixeles, Modo Juego, USB AutoRUN), Color Negro",,"Monitor y televisor de 60 cm / 24 pulgadas y una resolución HD-Ready de 1366 X 768 píxeles; 200Hz MCI (5ms) Modo juego, estabilizador de negros y modo DAS para disfrutar de tus juegos Sintonizador de canales TDT en alta definición compatible con DVB-T2 USB AutoRUN para reproducir automáticamente el USB sin necesidad de menús Modo visión relajada y anti parpadeo para proteger tus ojos",LG,Negro
B07CL2XNH1,es,"Funda para Aire Acondicionado, Cubierta Exterior Protectora Antirresbaladiza Impermeable del Aire Acondicionado para el Hogar(80 * 28 * 54cm)","Especificaciones:<br /> Estado: Nuevo<br /> Estilo: plata / modelado<br /> Material: poliéster<br /> Color: plata<br /> Opciones de tamaño: # 1 80 * 28 * 54 cm, # 2 86 * 32 * 56 cm, # 3 94 * 40 * 73 cm <br /> Cantidad: 1PC<br /> Tamaño de la máquina disponible: (1pc) Poca desviación permitida en tamaño +/- 3cm.<br /> TAMAÑO<br /> L * W * H<br /> # 1<br /> 80 * 28 * 54cm /0026nbsp;31.5 * 11 * 21.3in<br /> # 2<br /> 86 * 32 * 56cm /0026nbsp;33.9 * 12.6 * 22in<br /> # 3<br /> 94 * 40 * 73cm / 37 * 15.7 * 28.7in<br /> Peso aproximado. 96 ~ 153g<br /> Cómo utilizar:<br /> 1. Asegúrese de que el tamaño sea adecuado para la máquina, cubra la máquina directamente.<br /> 2. lavado de manos recomendado.<br /> El paquete incluye:<br /> 1 x cubierta del acondicionador de aire<br /> Nota:<br /> 1. Permita por favor el error del 1-3cm debido a la medida manual. Gracias por su comprensión.<br /> 2. Los monitores no están calibrados del mismo modo, el color del elemento que se muestra en las fotos puede mostrar un poco diferente del objeto real. Por favor tome el real como estándar. <br /> 3. No apuñalarlo.<br /> 4. No lavar en agua caliente.<br /> 5. Preste atención a la seguridad si trabaja en el aire. <br />","【MATERIAL ELÁSTICA, IMPERMEABLE】La funda para aire acondicionado está hecha de material elástica de poliéster de alta calidad, ligera, impermeable y lavable. La superficie está hecha con una tecnología especial de plateado, que puede reflejar la luz solar, retardar el envejecimiento de la máquina y prolongar la vida útil de la máquila. 【PROTECCIÓN MÚLTIPLE】 Nuestra funda de aire acondicionado es resistente a la lluvia, al agua, al sol, al calor, a la nieve, a la helada, al viento, al polvo y a la suciedad. Está completamente protegido de la máquila y se puede utilizar durante todo el año. 【LIGERO Y EXISTENTE】Nuestra funda protectora especial para los acondicionadores de aire es liviana y ventilada, lo que ayuda a que el acondicionador de aire disipe el calor. La tela es duradera, no es fácil de romper y dura más tiempo. 【3 DIMENSIONES DIFERENTES】Tienen 3 dimensiones para su elección: S: 80 * 28 * 54 cm; M: 86 * 32 * 56 cm; L: 94 * 40 * 73 cm. Adecuado para unidad exterior de aire acondicionado de 1.5P-3P. 【FÁCIL DE LIMPIAR】 Nuestras funda para aire acondicionado son resistentes a la corrosión y se pueden limpiar para garantizar un uso prolongado. Se recomienda lavar con agua fría. Si tiene alguna pregunta, comuníquese con nosotros, con un año de garantía, soporte por correo electrónico 7x24 horas.",Zerodis,Plateado
B07CQ84VKG,es,"LG Electronics 28TK410V-PZ - Monitor/TV de 28"" LED con TDT2 HD (1366 x 768 Pixeles, Modo Juego, USB AutoRUN), Color Negro",,"Monitor y televisor de 71 cm / 28 pulgadas y una resolución HD-Ready de 1366 X 768 píxeles; 200Hz MCI (5ms) Modo juego, estabilizador de negros y modo DAS para disfrutar de tus juegos Sintonizador de canales TDT en Alta Definición compatible con DVB-T2 USB AutoRUN para reproducir automáticamente el USB sin necesidad de menús Modo visión relajada y anti parpadeo para proteger tus ojos",LG,Negro
B07CRRY36Y,es,"LG Consumer Electronics 28TK410V-WZ - Monitor / TV de 28"" LED con TDT2 HD (1366 x 768 pixeles, modo juego, USB AutoRUN), color blanco",,"Monitor y televisor de 71 cm / 28 pulgadas y una resolución HD-Ready de 1366 X 768 píxeles; 200Hz MCI (5ms) Modo juego, estabilizador de negros y modo DAS para disfrutar de tus juegos Sintonizador de canales TDT en Alta Definición compatible con DVB-T2 USB AutoRUN para reproducir automáticamente el USB sin necesidad de menús Modo visión relajada y anti parpadeo para proteger tus ojos",LG,Blanco
B07D775W5H,es,"TUKA Muelle de Gas para Silla de Oficina y Taburete, 220mm Cilindro, 280-420mm Longitud Total, Repuesto Cilindro Elevador de Gas, Resorte Amortiguador de Gas, Negro, TKD5201-140","<b> TUKA Pistón de Repuesto con elevación a Gas para silla de oficina y Taburete, Pistón de presión de gas, Muelle de gas </b><br><br> Se adapta a bases de silla oficina estándar (Diámetro 50 mm agujero central)<br> Profundidad federungs búfer para federndes, agradable y sentarse<br> Soporta hasta 180 kg<br> Alta capacidad de carga y larga vida útil<br> Cónico, conexión Plug para una fácil instalación<br> Adecuado como un reemplazo para Taburete / sillas de oficina común - Compruebe Tamaño<br><br> <b>Elija los colores y tamaños deseados para llevar la silla de oficina a la altura correcta y aumentar la comodidad de sus asientos.</b><br><br> <b>Características para Muelle de gas 6,5"" / 165mm :</b> Longitud de cilindro exterior (cuerpo) = 165 mm; Longitud total : 225-310mm .<br> <b>Características para Muelle de gas 7,9"" / 200mm :</b> Longitud de cilindro exterior (cuerpo) = 200 mm; Longitud total : 260-380mm .<br> <b>Características para Muelle de gas 8,6"" / 220mm :</b> Longitud de cilindro exterior (cuerpo) = 220 mm; Longitud total : 280-420mm .","TUKA negro color Muelle de gas pistón de gas para una silla de oficina : Ideal para reemplazar cilindros de gas en la mayoría de las Taburete Giratorio, sillas de oficina, sillas de oficina, sillas ejecutivas, Taburete de Trabajo, y más. Se adapta a bases de silla oficina estándar (Diámetro 50 mm agujero central). Base de silla emparejada por favor vea nuestros otros productos. Diámetro de eje estándar: se adapta a las placas de asiento estándar, interfaz de mecanismo. El elevador de gases estándar extiende de 280 mm a 420 mm (140mm rango de ajuste), la longitud del cilindro exterior (cuerpo) = 220 mm (8,6 ""). Más información detallada sobre el tamaño, consulte las imágenes. Carga probada hasta 180 KG. Dando al usuario 360 grados de rotación, lo que permite un movimiento completo. Disponible en diferentes tamaños y colores.",TUKA-i-AKUT,Negro
B07D9M468R,es,"VonHaus Taladro de Impacto máx. 20 V – 13 Brocas de Taladro, Batería y Cargador 2,0Ah con Función de Martillo – Portabrocas de Metal Sin Llave de 13 mm","<br/> Sin cable Sin Fronteras. VonHaus – 20 V Max taladro percutor con batería de litio de 2,0 Ah d interruptor de velocidad variable para un fácil conmutación entre baja (0440 u/min) y alta (0 – 1650 u/min) configuración de perforación & Función de martillo para trabajos en madera, plástico y metal motor potente de par máximo 38 Nm LedLuz de trabajo para mejorar la iluminación de su área de trabajo motor potente motor de alta calidad tiene un gran par de giro de 38 Nm. rápido cargar la batería 2,0 Ah, con tan sólo 50 minutos Tiempo de carga con luz LED de control 1 surtido de productos, 7 VonHaus – 20 V Max D cada batería es ideal para todos los dispositivos de la VonHaus – 20 V Max iones de litio d gama.","Multifunción – con función de perforación y el martillo. pertenecen al contenido del envío un de 13 piezas Set de accesorios y una bolsa de herramientas prácticas para organizar. Sin cable flexibilidad – sin cables, el movimiento de los Radius expórtelo – apto para interiores y exteriores. la 20 V max 2 Ah de batería (incluido) es con otros dispositivos del VonHaus – 20 V max iones de litio d 811277 compatibles. Potente motor – maximal torsión 38 Nm, equipado con un interruptor de velocidad variable para un fácil cambio entre 0 – 440 u/min (bajo) y 0 – 1650 u/min (alto). Funciones extra – con LED de trabajo de iluminación para facilitar los trabajos en poca luz y un botón de adelante/atrás al lado del interruptor – ideal para una sola mano Robusto & ligero – con un cabezal de engranaje de aluminio fundido – resistente, duradero y ligero) incluye una garantía del fabricante de 2 años.",VonHaus,
B07DBQNP1X,es,"Nuevo Base Tapizada Gris Marengo 5 Refuerzos Transversales, Tubo 40x30 Mm, Tejido 3D Transpirable, 6cm Grosor (150x190, Sin Patas)","Perfecta BASE TAPIZADA con un grosor total de de 6 CM, una superficie siempre firme y duradera que no te fallará. Base tapizada en color gris marengo multiperforada y mejorada con tejido 3D transpirable, un material innovador que permite que la base se adapte a la temperatura de tu cuerpo además de obtener una mejora en la ventilación y altos niveles de transpiración. Esto te evitará posibles problemas futuros como las humedades, hongos u olores. ¡No te arrepentirás de esta elección! Esta base tapizada cuenta con estructura de 5 refuerzos transversales fabricados en acero integrados en el tablero de DM. Esto es una ventaja, ya que la mayoría de esta gama de bases suelen tener solamente 3 refuerzos, por lo que nuestra base garantiza un mayor nivel de firmeza y durabilidad. Su estructura de acero con tubo de 40x30 mm, es más gruesa que las del resto de bases, lo cual te garantizará una mayor firmeza y más resistencia, permitiéndote conservarla durante más tiempo. Si eliges con patas, incluye 6 patas cilíndricas metálicas con sistema anti-ruido, de 25cm de altura, 5cm de diámetro y rosca de 10mm. Se trata de un producto de excelente relación calidad-precio. Elige entre todas las medidas la que más se ajuste a tus necesidades y si la prefieres con o sin patas. ¡FABRICACIÓN NACIONAL!","✅ Perfecta BASE TAPIZADA con un grosor total de de 6 CM, una superficie siempre firme y duradera que no te fallará. Base tapizada en color gris marengo multiperforada y mejorada con tejido 3D transpirable, un material innovador que permite que la base se adapte a la temperatura de tu cuerpo además de obtener una mejora en la ventilación y altos niveles de transpiración. Esto te evitará posibles problemas futuros como las humedades, hongos u olores. ¡No te arrepentirás de esta elección! ✅ Esta base tapizada cuenta con estructura de 5 refuerzos transversales fabricados en acero integrados en el tablero de DM. Esto es una ventaja, ya que la mayoría de esta gama de bases suelen tener solamente 3 refuerzos, por lo que nuestra base garantiza un mayor nivel de firmeza y durabilidad. ✅ Su estructura de acero con tubo de 40x30 mm, es más gruesa que las del resto de bases, lo cual te garantizará una mayor firmeza y más resistencia, permitiéndote conservarla durante más tiempo. ✅ Si eliges con patas, incluye 6 patas cilíndricas metálicas con sistema anti-ruido, de 25cm de altura, 5cm de diámetro y rosca de 10mm. ✅ Se trata de un producto de excelente relación calidad-precio. Elige entre todas las medidas la que más se ajuste a tus necesidades y si la prefieres con o sin patas.",Miroytengo,Gris
B07DPXH8VR,es,"La Ventilazione EPSS420 - Soporte universal de pared para unidad exterior de aire acondicionado, 420 x 400 mm, blanco",,"Producto certificado TUV Dimensiones del soporte: 420 x 400 mm Capacidad de carga certificada 50 kg por brazo Soporte universal premontado con gomas antivibrantes de PVC, tornillos y tacos, para instalar en la pared para unidad externa de aire acondicionado Grosor: 12/10 mm",La Ventilazione,Color Blanco.
B07F6QTVK4,es,"Comfify Estantes Flotantes Rústicos Montados en Pared en Forma de U - Juego de 3 - Grandes, Medianos y Pequeños - Estantes para Recámaras, Salones y más - Decoración de Pared - marrón","<p>Estanterías de granja para diseño y comodidad</p> <p>El espacio de almacenamiento es algo que casi todo el mundo anhela. Los estantes flotantes en forma de U no sólo proporcionan una habitación con un lugar para poner sus cosas, sino que cuando se montan correctamente pueden parecer divertidos, elegantes y rústicos. Los estantes flotantes montados en la pared están diseñados para que parezcan como si estuvieran sujetos a la pared sin el beneficio de los soportes o abrazaderas. Los estantes flotantes son fáciles de montar y extremadamente útiles. Pueden ser tanto una obra de arte como una unidad de almacenamiento funcional. Ya sea que se utilice para mostrar fotos, organizar libros o mostrar su colección de recuerdos de cristal, el estante flotante de pared seguramente hará el trabajo con estilo. Son la perfección en cualquier habitación. Use los estantes flotantes de pared en una sala familiar, dormitorio, oficina, baño o en cualquier lugar donde desee agregar espacio adicional de almacenamiento o exhibición.</p> <p>Productos de alta calidad en colores rústicos</p> <p>Estos estantes flotantes decorativos están hechos de madera de paulownia resistente y clara y están disponibles en 3 hermosos colores que combinan con cualquier hogar: blanco rústico, marrón quemado y azul rústico. La instalación es fácil con los 2 tornillos de 4 cm + 2 tacos de yeso por estante para un total de 6 tornillos y 6 anclajes de pared. También puede montarlos en cualquier lugar debido a su tamaño conveniente: 8.75"", 12.75"" y 16.75"" de largo.</p>","Estantes flotantes en forma de u: Exhiba encantadoras piezas de exposición, artículos decorativos y otras posesiones preciadas y, al mismo tiempo, ofrezca un almacenamiento funcional con estantes de exposición en forma de U. Reduzca el desorden y destaque su decoración rústica Farmhouse rustic design: Añada carácter y calidez a cualquier interior vintage o tradicional - Estantes de contraste a alturas asombrosas en la pared para un resultado más enérgico o monte uno al lado del otro para un aspecto limpio y aerodinámico. Estructura y facilidad de instalar: Hecho de hermosa madera quemada de pawulonia en 3 colores diferentes: blanco, marrón y azul. Suficientemente resistente para organizar y mostrar sus objetos pequeños favoritos y mantenerlos en su lugar. Se fija firmemente a la pared sin soporte visible. Hardware de montaje INCLUIDO Floating design: Una vez instalados, los tres estantes quedan a ras de la pared con herrajes ocultos en la madera, dando una apariencia flotante con estilo. Agregue espacio adicional en las estanterías para guardar y organizar cualquier artículo pequeño que se encuentre en su dormitorio, baño, cocina, garaje y mucho más. Garantía de devolución de dinero - estamos tan seguros de que le encantará nuestro producto, que le devolveremos su dinero ganado con tanto esfuerzo si no está satisfecho con su compra. Simplemente póngase en contacto con nuestro amable equipo de servicio al cliente para obtener un reembolso.",Comfify,Marrón
B07FNQ3DHK,es,"Casa Amella, Lentejas Ecológicas - 6 de 330gr",,"Sin gluten, sin huevo, sin lactosa, bajo en sal y apto para veganos. País de origen: España Ingredientes: Lentejas pardinas, caldo residual “agua de cocción” y sal marina. De agricultura ecológica Mantener en un lugar fresco y seco Receta elaborada con lentejas de campaña y de agricultura ecológica.",Casa Amella,
B07G1DXKV2,es,"find. Unlined Western Leather Botines, Marrón Brown, 38 EU",,,find.,Marrón Brown Brown
B07G57V9Q3,es,Mc Haus SENA Patchwork - Pack 2 Sillas comedor vintage patchwork tower multicolor naranja diseño tapizado sillas salon estilo retro diseño tower 49x46x84cm,,"Combinan fácilmente con diversos estilos, gracias al original tapizado estilo Patchwork; perfectas para dar un toque vintage y colorista tanto en interiores como en exteriores Las 4 patas cónicas de madera maciza de haya, unidas por varillas metálicas lacadas en negro que aportan sofisticación Descubre un confort total con un diseño sencillo y funcional, que no olvida la belleza de las líneas Disponibles en 4 combinaciones de colores diferentes",Mc Haus,Naranja
B07GN7XRQ9,es,Mujer Botas con Tacón Cuña Altos Cremallera Otoño Chelsea de Vestir Piel Transpirable Botines Zapatos de Tacón Fiesta Hebilla Calzado Romano 8cm Gris 38,"<p><b>CÓMODO Y TRANSPIRABLE:</b> el diseño hueco mantiene los zapatos diferentes.</p> <p> </p> <p><b>ESTILO Y ESTILO PERFECTOS:</b> Los botines con cremallera en la parte posterior tienen una parte superior lisa y elegante hecha de cuero de gamuza y el tacón alto de bloque agrega algunas pulgadas a tu estilo.</p> <p> </p> <p><b>COMBINACIONES DE EQUIPOS SIN FIN:</b> ¡Equipa y combina estas botas desde el atardecer hasta el amanecer! Desde pantalones vaqueros a pantalones cortos, vestidos y faldas de cualquier longitud, estos botines son una forma segura de rematar cualquier atuendo.</p> <p> </p> <p><b> </b></p> <p><b>CONFORT DURADERO DE LARGA DURACIÓN: </b>una sólida suela de goma garantiza la máxima comodidad con un desgaste prolongado. Un tacón de tobillo ligeramente levantado (5 cm) aumenta la altura y alarga las piernas.</p> <p> </p> <p> </p> <p><b>MARAVILLOSO:</b> El estilo también asegurará que vayas de día y de noche de forma segura y sin fatiga. Perfecto para las actividades de la fiesta, citas, bodas, compras.</p>","CÓMODO Y TRANSPIRABLE: el diseño hueco mantiene los zapatos diferentes. ESTILO Y ESTILO PERFECTOS: Los botines con cremallera en la parte posterior tienen una parte superior lisa y elegante hecha de cuero de gamuza y el tacón alto de bloque agrega algunas pulgadas a tu estilo. COMBINACIONES DE EQUIPOS SIN FIN: ¡Equipa y combina estas botas desde el atardecer hasta el amanecer! Desde pantalones vaqueros a pantalones cortos, vestidos y faldas de cualquier longitud, estos botines son una forma segura de rematar cualquier atuendo. CONFORT DURADERO DE LARGA DURACIÓN: una sólida suela de goma garantiza la máxima comodidad con un desgaste prolongado. Un tacón de tobillo ligeramente levantado (5 cm) aumenta la altura y alarga las piernas. MARAVILLOSO: El estilo también asegurará que vayas de día y de noche de forma segura y sin fatiga. Perfecto para las actividades de la fiesta, citas, bodas, compras.",NEOKER,Beige
B07GQS1C7W,es,"gracosy Botas de Nieve para Mujeres Otoño e Invierno Urbano Suave y Cómodo Pieles Estilo Clásico Botas Altas Mantener Caliente Peludo Talón Plano, Negro, 41","<b> A continuación, nos ayudará a elegir el tamaño correcto para los zapatos. </b><br/> <b> Tabla de tallas: </b><br/> 37 EU = 37 tamaño ES<br/> 38 EU = 38 tamaño ES<br/> 39 EU = 39 tamaño ES<br/> 40 EU = 40 tamaño ES<br/> 41 EU = 41 tamaño ES<br/> <br/> <b> Información: </b><br/> Tipo de calzado: botas <br/> Tipo de dedo del pie: punta redonda <br/> Tipo de Cierre: Cremallera <br/> Tipo de tacón: Bloque <br/> Altura del talón: 4cm <br/> Botas altas: 17cm<br/> Circunferencia Boots: 27cm<br/> <br/> <b> Material: </b><br/> Material superior: Cuero sintetico <br/> Material de suela: goma <br/> Inner material:Synthetic material,PU<br/> <br/> <b> Paquete incluido: </b><br/> par de zapatos (sin caja)<br/> <br/> <b>Nota:</b><br/> Por favor Permiten una diferencia de 0-3 mm debido a la medición manual.<br/> Dado que los diferentes ordenadores muestran colores de forma diferente, El color del artículo real puede variar levemente de las imágenes, gracias por su comprensión.<br/>","Material:selección de cuero de alta calidad, suela sintética antideslizante y plantilla acolchada; Marca pura hecha a mano, ocio de moda, el material más usado, suave y Diseño único: el uso de tecnología de costura, zapatos combinados con elementos étnicos, brillante y elegante Meticulosamente diseñado para la comodidad al caminar. Un botín imprescindible que se puede usar todas las temporadas con su ropa de diario favorita Estas botas se adaptan a cada ocasión que haga, póngase estos zapatos y comience su conversación con confianza Tabla de tallas:37 EU=37 tamaño ES,38 EU=38 tamaño ES,39 EU=39 tamaño ES,40 EU=40 tamaño ES,41 EU=41 tamaño ES,42 EU=42 tamaño ES",gracosy,Negro
B07GSVQG2R,es,"Blusa Mujer Sexy,BBestseller Camiseta de Otoño e Invierno Manga Larga con Estampado de Fantasmas y Estampado Fantasma de Halloween para Mujer",,,BBestseller-Tops de mujer,
B07GSXMNXF,es,"H.J WeDoo Pack de 4 Silla de Comedor Silla escandinava, Pata Madera de Haya y Asiento Acolchado, Estilo nórdico - Beige obscuro",,"★Tamaño: la silla de comedor tamaño total: 50.5 x 54.5 x 81.5 cm, altura del asiento: 43 cm ★Diseño: este conjunto de sillas de comedor tiene un diseño elegante y moderno con cojín y respaldo de tela. El respaldo está diseñado en base a un diseño ergonómico. El diseño circundante hace que el respaldo del asiento se vea como un escarabajo, que se adapte mejor al cuerpo humano ★Estructura estable: construida con estructura estable de PRFV, 2 patas de madera en forma de X con cubierta antideslizante en la parte inferior de las patas, lo que hace que la silla sea más segura y sólida. ★Lugar adecuado: Con apariencia elegante y uso funcional. Nuestra silla se puede utilizar perfectamente en su comedor, cafetería, sala de espera, fiestas, banquetes, etc. ★Atención: Los colores que se muestran pueden diferir de los colores reales dependiendo de la configuración del monitor y la pantalla",H.J WeDoo,Gris-tela
B07GVNHRRR,es,Sudaderas Cortas Adolescentes Chicas Tumblr Sudaderas sin Capucha DE Gato Empalme Camiseta Manga Larga otoño Invierno Ropa,"<br> ★ <b> Fossen Envío </b> ★ Enviar dentro de las 24 horas. Tardan entre 15 y 25 días hábiles en llegar. <br> <b><br><br>Tabla de tallas (Unidad: cm / pulgada)</b> <br><br> <br><br>Tamaño: S Busto: 92cm / 36.2 ""Manga: 62cm / 24.4"" Longitud: 68cm / 26.7 "" <br><br>Tamaño: M busto: 98 cm / 38.5 ""Manga: 63 cm / 24.8"" Longitud: 69 cm / 27.1 "" <br><br>Tamaño: L Busto: 104 cm / 40.9 ""Manga: 64 cm / 25.2"" Longitud: 70 cm / 27.5 "" <br><br>Tamaño: XL Busto: 110 cm / 43.3 ""Manga: 65 cm / 25.6"" Longitud: 71 cm / 27.9 "" <br><br>Tamaño: 2XL Busto: 116cm / 45.6 ""Manga: 66cm / 26.0"" Longitud: 72cm / 28.3 "" <b><br><br>Lo que obtienes: 1 Corto con Jeans Sudadera con Capucha para Mujeres Apliques Sudadera con Capucha De Manga Larga con Mangas Largas Blusa </b><br><br>❤️Sudaderas mujer invierno está hecha de Polyester <br><br>❤️ Temporada: primavera / otoño / invierno <br><br>❤️ Sudaderas para Mujer Adolescentes chicas niña / Estudiante de secundaria <br><br>❤️ Sudaderas mujer talla grande Para Hija/ Esposa / Amante / Amigo Regalo de la escuela / cumpleaños / Halloween / Navidad / Año nuevo <br><br>❤️ Sudaderas mujer Unicornio Gato Floral Cuadros Cremallera Botón Frase Carta <br><br>❤️ Sudaderas cortas adolescentes chicas Lugar adecuado : Diario / Deportes / Running / Escuela / Oficina / Viaje / hogar / cámping / bicicleta partido / boda / vacaciones / citas / noche / negocios / playa / fotografía <br><br>❤️ Sudaderas mujer talla grande Para Hija/ Esposa / Amante / Amigo Regalo de la escuela / cumpleaños / Halloween / Navidad / Año nuevo <br><br>❤️ Sudaderas mujer baratas tan popular como Mujer blusas / mujer camisas / mujer camisetas de manga larga / mujer tops / mujer sudaderas / mujer vestido / mujer vestido de fiesta / mujer leggings / mujer pantalones / mujer abrigo / mujer chaqueta / mujer jeans / mujer suéter / sombrero de punto",Sudaderas mujer invierno está hecha de Polyester ❤️ Temporada: primavera / otoño / invierno ❤️ Sudaderas para Mujer Adolescentes chicas niña / Estudiante de secundaria ❤️ Sudaderas cortas adolescentes chicas Lugar adecuado : Diario / Deportes / Running / Escuela / Oficina / Viaje / hogar / cámping / bicicleta partido / boda / vacaciones / citas / noche / negocios / playa / fotografía ❤️ Sudaderas mujer talla grande Para Hija/ Esposa / Amante / Amigo Regalo de la escuela / cumpleaños / Halloween / Navidad / Año nuevo ❤️ Sudaderas mujer baratas tan popular como Mujer blusas / mujer camisas / mujer camisetas de manga larga / mujer tops / mujer sudaderas / mujer vestido / mujer vestido de fiesta / mujer leggings / mujer pantalones / mujer abrigo / mujer chaqueta / mujer jeans / mujer suéter / sombrero de punto sudaderas cortas con capucha sudaderas hombres con capucha y cremallera manga corta sin mangas rosas sudaderas mujer baratas anchas sudaderas mujer rosa sudaderas mujer gris sudaderas mujer corta sudaderas mujer rojas sudaderas mujer 2017 sudaderas mujer blanca sudaderas mujer con capucha sudaderas niñas 12 años sudadera mujer cremallera sudadera mujer corta sudadera mujer tumblr sudadera mujer rosa sudadera mujer negra larga sudadera ofertas sudadera mujer xxl sudadera hombres m sudaderas mujer tumblr sudaderas mujer cortas sudaderas mujer invierno sudaderas mujer baratas sudaderas mujer largas sudaderas mujer talla grande sudaderas mujer tumblr con capuchaanchas largas sudaderas cortas niña chica sudaderas cortas mujer adolescentes chicas sudaderas cortas sudaderas mujer baratas largas cortas capucha bolsillos cremallera prime chica camuflaje 2018 tallas grandes camiseta camisa hoodie sweatshirt pullover tops blouse shirt chaleco vest tops marca rosa azul roja xs,Fossen Mujer,Amarillo
B07GXJ9S5M,es,"VAGHVEO Funda para iPad 2/3 / 4, Ultra Slim Protectora Silicona Smart Cover [Auto-Sueño/Estela] Cubierta Trasera de Silicona Suave TPU Case para Apple iPad 2, iPad 3, iPad 4 Tableta, Menta Verde","<p>Descripción del producto: </p><p>Compatibilidad: </p><p>Solo para Apple iPad 2, iPad 3, iPad 4. </p><p>Diseño delgado y ligero: </p><p>El diseño delgado y ligero de la parte trasera suave añade un volumen mínimo a tu viejo iPad. </p><p>La cubierta trasera de TPU suave hace que sea fácil de instalar y quitar la funda para iPad de 4ª generación. </p><p>Paquete: </p><p>1 funda (sin protector de pantalla transparente/cristal templado). </p><p>1 bolsa de embalaje. </p><p>1 espuma. </p><p>Características: </p><p>La funda duradera y suave para iPad de 3ª generación con dispersión de golpes, absorción de impactos, proporciona a tu dispositivo un aspecto simple y protección completa. </p><p>Tecnología de cojín de aire y patrón de panal de la funda para iPad 2 para proporcionar una mejor función de absorción de impactos y una mejor disipación térmica. </p><p>Los recortes precisos permiten un acceso completo a todos los botones, altavoces y cámara. </p><p>La función magnética de encendido y apagado automático es fácil de usar y ahorra energía para tu nuevo iPad 3, y ayuda a prolongar la duración de la batería de tu iPad. </p><p>Cubierta frontal plegable con dos posiciones de pie para ver y escribir con teclado satisface tus diferentes necesidades. </p><p>Material y limpieza: </p><p>Hecha de piel sintética de primera calidad y forro de microfibra suave a juego y cubierta trasera de TPU suave, la funda inteligente proporciona una protección total delantera y trasera contra huellas dactilares y arañazos. </p><p>Garantía </p><p>Garantía de por vida. 100% satisfacción del cliente garantizada, 24 horas de soporte por correo electrónico. </p>","Diseñado específicamente para la antigua tableta Apple iPad 2/3/4 de 9,7 pulgadas. Solo compatible con los modelos de iPad: A1460/A1459/A1458/A1430/A1416/A1403/A1397/A1396/A1395. Comprueba la parte inferior trasera de tu iPad para encontrar el número de modelo. Funda delgada de alta calidad para iPad 2, cubierta trasera suave de goma y flexible, antiarañazos, a prueba de golpes, techo antideslizante, no resbaladizo. Textura agradable que proporciona un gran agarre, no deja huellas dactilares en la funda. La cubierta magnética inteligente soporta la función automática de reposo/encendido para reducir la pérdida de energía y energía. La cubierta frontal de tres pliegues puede soportar iPad en dos posiciones de pie, posición vertical para visualización, posición tumbada para escribir el teclado. Los recortes de la cubierta trasera de goma son precisos para la cámara, los botones de encendido, los altavoces, el control de volumen y la toma de auriculares.",VAGHVEO,Menta Verde
B07H2Y8R6Y,es,"Botas para Mujer,BBestseller Botas descubiertas Zapatos de Mujer de Espesor Grueso con Botas Cortas Botas Invierno Mujer Bota de tacón Alto Estudiante",,,BBestseller-Botas,
B07H97VGBP,es,"Logobeing Botines Mujer Tacon Invierno Planos Tacon Ancho Piel Botas de Mujer Medio Zapatos Combat Casual Planas Zapatos de Plataforma-5850(39,Marrón)","<br><b>❤️❤️ Logobeing ofrece una experiencia de compra 100% de satisfacción del cliente. </b> <br> <br><b>❤️❤️❤️ Si tiene alguna pregunta o inquietud, contáctenos tan pronto como sea posible, le brindaremos la mejor solución. El 100% de los compradores aceptará nuestra solución. sudadera <br><br>❤️Bienvenido a comprar nuestros productos:zapatos mujer Hombre / zapatos bebe, ropa bebe, mujer ropa, pantalones, Funda Cojines, Bikini Mujer 2018, bolsos mujer baratos/Bolsos de Hombro, Zapatillas Deportivas,Pantalones Mujer(^ _ ^) </b> <br> <br> <br> <br><br>Preciosos! muy cómodas Elegancia casual, Vale la pena,perfectas para trabajo tipo ejecutiva. <br><br>Queda perfecto con unos vaqueros por encima del tobillo, faldas y vestidos a media pierna. <br><br>Zapatillas Moda - Botines de Cuero Mujer-Material de la suela sintético","Preciosos! muy cómodas Elegancia casual, Vale la pena,perfectas para trabajo tipo ejecutiva. Botines de Cuero Estilo Botines de tipo combat , muy utilizables para el día a día Estos botines vienen quedan chulos tanto con vaqueros como con pantalones negros y vestidos.Unos bonitos botines para cualquier ocasión y que no pasan de moda. Botas Piel de Caña mujer slippers mujer zapatillas de plataforma zapatos de moda mujer,Logobeing ofrece una experiencia de compra 100% de satisfacción del cliente.",Logobeing,Marrón
B07H9J1YXN,es,"SanDisk Extreme PRO - Tarjeta de Memoria SDXC de 64 GB, hasta 170 MB/s, UHS-I, Class 10, U3,V30",,"Velocidad de disparo de hasta 90 mb/s y velocidades de transferencia de hasta 170 mb/s Perfecta para grabar vídeos 4K UHD y para hacer fotografías secuenciales en modo ráfaga Graba vídeos de forma ininterrumpida con uhs speed class 3 (u3) y video speed class 30 (v30) Fabricada para ser usada en condiciones extremas y sometida a ensayos en dichas condiciones; resistente a temperatura, agua, golpes y rayos x Compatibilidad con tarjetas SDHC (32 GB) y SDXC (64 GB-512 GB): Compatible con dispositivos host habilitados para SDXC y SDXC UHS-I",SanDisk,Negro
B07HP6XKC6,es,"Canon PowerShot SX70 HS - Cámara bridge de 20.3 MP (zoom óptico de 65x, DIGIC 8, 10 fps, Vídeo 4K, LCD, ángulo variable) negro",,Cámara bridge de alta gama que cuenta con zoom de 65x Accede a técnicas de edición profesional con fotos en formato RAW Formato de video en 4k Pantalla LCD de 7.5 cm y ángulo variable Conexión fácil con otros dispositivos mediante Bluetooth y Wi-Fi,Canon,Negro
B07JHCZ1T4,es,"Flybiz 1650/min Taladro Atornillador 21V, Broca，Taladro sin cable con luces led, Velocidad ajustable Destornillador Eléctrico avanzado, con cargador y 2pcs batería 1.5 Ah",,,FLY BIZ,
B07JZCTFYV,es,Amlaiworld Leggings Niña Bebé niña de Dibujos Animados elástico a Rayas Panty Polainas Medias Calientes Leggings de Baile niñas Otoño Invierno 1-7 Años,"Género: niños, niñas <BR><BR> Material: Mezcla de algodon <BR><BR> Longitud de la manga: manga larga <BR><BR> Está hecho de materiales de alta calidad, sensación suave en las manos, sin dañar la piel de su bebé<BR><BR>Edad recomendada: 1-3 Años Tamaño de la etiqueta: S Cintura: 38CM/15.0"" Longitud: 49CM/19.3'' Altura: 100-110CM <BR><BR>Edad recomendada: 3-5 Años Tamaño de la etiqueta: M Cintura: 40CM/15.7"" Longitud: 56CM/22.0"" Altura: 110-120CM <BR><BR>Edad recomendada: 5-7 Años Tamaño de la etiqueta: L Cintura: 42CM/16.6"" Longitud: 60CM/23.6"" Altura: 120-130CM <BR><BR> ^ㅅ^Descripción del producto : Ropa Bebe Niño Otoño Invierno 2018 Ofertas Infantil Pijama Recien Nacido Bebé Niña Sudaderas Manga Larga Camisetas Blusas Pantalones Largos Conjuntos De Ropa Primeros pasos Zapatos De Bebé niño niña zapatillas Bufandas Pantalones Impermeables Calzoncillos Hombre Lenceria erotica de mujer Vestido de Encaje de las Mujeres Ropa Interior Atractivo Babydoll Lencería Liguero Pijamas Ropa de Dormir Halloween Navidad Pantalones Largos Deportivos Patrón de árbol Leggings para Running Halloween Disfraces de Disfraces de Halloween para niños niña Chaqueta Suéter Abrigo Jersey Mujer Invierno Talla Grande Hoodie Sudadera con Capucha Mujer Caliente Vestido De Princesa Pijamas Dos Piezas Familiares de Navidad Otoño Invierno Sudadera Chándal Suéter de Navidad",ropa bebe conjuntos para bebes tiendas de ropa de bebe moda bebes pack bodys bebe bodys bebe baratos body recien nacido ropa de bebe niño recien nacido ropa para bebe niña recien nacida ropa bebe 0 meses camisas para bebes buzo bebe niña trajes de bebe ropa bebe recien nacido Verano trajecitos de bebe body blanco bebe camisa de bebe ropa bebe punto rebajas ropa bebe body ropa ropa bebe barata body cuello alto bebe ropa bebe recien nacido verano body cruzado bebe ropa para bebe niño recien nacido traje bebe buzo de bebe ropa de niña recien nacida bodys personalizados bebe body bebe papa body cuello bebe camisas bebe niño pelele bebe punto pijama bebe verano pijamas bebe algodon conjunto bebe recien nacido ropa bebe 1 mes bodys de bebe personalizados jersey para bebe tienda de ropa para niños body de bebe ropa para niño recien nacido pantalones bebe niña marcas de ropa para bebe body bebe recien nacido conjuntos de bebe niña ropa de bebe de 0 a 3 meses sudaderas bebe niño body rojo bebe trajes bebe niña ropa de bebe 0 meses ropa bebe 9 meses bodys bebe Verano cazadora bebe niña ropa para ropa de Verano para bebes camisetas bebe niño vaquero bebe ropa de bebe recien nacido barata peto bebe niña conjunto ropa bebe trajes de bebes recien nacidos pijama verano bebe niña body bebe con mensaje ropa original para bebes abrigos de bebe niña body manga corta pijama body bodys bebe papa body verano bebe ropa bebe primera puesta bodys para niñas conjunto ropa bebe niño vaqueros bebe niña cazadora bebe niño body tirantes body bebe niño body navidad bebe body sin manga bebe peleles bebe niño Verano pijama bebe manga corta vestidos bebe Verano conjuntos bebe niña Verano Body Bebé Niñas Body Bebé Niños Body Bebé Manga Larga Bodys Pijama Niños Niñas Unisex Recién Nacido Bebé Romper Algodón Niños Niñas Mono Body para Bebé Oniesies Bebé Monos Mameluco sin espalda niña recién nacido Mono Manga Corta Bodies Ropa conjuntos bebe niño otoño Verano conjunto niña verano conjunto niña bebe conjunto niña 2 3 4 5 años verano,Amlaiworld,A
B07K1ZKDMG,es,"Dowinx Silla Gaming Sillón Reclinable Ergonómico Estilo Carreras con Soporte Lumbar Masaje, Sillón de Oficina para Computadora Sillas Juego Cuero Deportivo Niños con Reposapiés Retráctil (Negro&Azul)","<br><b>Sobre nosotros </b><br> <br><b>Dowinx </b>es uno de los tres principales fabricantes de sillas de juego, que ahora llega a Amazon con un nuevo diseño y función popular. 2 Factories admite hasta 1000 tiendas fuera de línea, cibercafés y eventos deportivos. <br> <br><b>Especificación: </b>silla ergonómica del juego <br> <br><b>Dimensiones de la silla (conectores incluidos): </b><br> <br>- 20""(W) x 23""(D) x 55-58.5""(H)/ 50.8cm(W) x58.5cm(D) x140-148.5cm(H) <br> <br><b>Dimensiones para el paquete: </b><br> <br>- 32""(W) x 11""(D) x 26""(H)/ 81cm(W) x28cm(D) x66cm(H) <br> <br><b>Peso de envío: </b><br> <br>- 52lbs / 23.5kgs <br> <br><b>Peso neto: </b><br> <br>- 50lbs / 22.6kgs <br> <br><b>Material: </b><br> <br>- Cuero de PU <br> <br>- Marco de la aleación <br> <br>- Plástico ABS <br> <br>- Espuma de alta densidad <br> <br><b>Componentes: </b><br> <br>- Panel del asiento (22""x 20.8""/ 56cm x 52.8cm): 1 pc <br> <br>- Panel posterior (20""x 34.2""/ 50.8cm x 87cm): 1 pc <br> <br>- Reposapiés (14.2""x 8.5""/ 36cm x 22cm): 1 pc <br> <br>- Asiento y respaldo del conector Shell L&R: 2 pc <br> <br>- Base de cinco estrellas: 1 pc <br> <br>- Cilindro de gas con carcasa: 1 pc <br> <br>- Reposabrazos: 2 pcs <br> <br>- Masaje de apoyo lumbar: 1 pc <br> <br>- Almohada de cabeza: 1 pc <br> <br>- Mecanismo de la placa del asiento: 1 pc <br> <br>- Ruedas giratorias: 5 pcs <br> <br>- Tornillos de zócalo: 14 pcs <br> <br>- Tornillos Phillips: 2 pcs <br> <br>- Destornillador Socket & Phillip: 2 pcs <br> <br>- Ting de goma: 2 pcs <br> <br>- Manual de instrucciones: 1 pc <br> <br><b>Notas: </b><br> <br>- Para la seguridad de los niños pequeños, mantenga las pequeñas piezas adicionales fuera del alcance. <br> <br>- Si hay alguna pieza dañada durante el envío no muy suave. Conseguimos tu espalda con nuestro servicio de atención al cliente 24/7. <br>","NUEVO DISEÑO LLEGADO: silla de juego de diseño de reposabrazos de enlace con cable masajeador de fuente de alimentación con cable USB que puede conducir por un puerto USB en computadora, automóvil, interruptor de encendido o incluso banco de energía. El mejor masajista para usuarios que necesitan sentarse durante mucho tiempo. FUNCIONES TODO LO QUE NECESITA PARA UNA SILLA: ruedas giratorias de 360° y suaves para carreras; 90 -180° reclinado para trabajar, jugar, leer o dormir la siesta; Balanceo controlable de 20° y reposapiés retráctil para relajarse; Altura del asiento ajustable, capacidad de 350 libras; Almohada de cabeza y almohada lumbar para todas las formas del cuerpo. PARA AMBOS JUGADORES Y TRABAJADORES DE OFICINA: el respaldo con alas proporciona un contacto corporal de puntos múltiples para compartir la presión, salvar su columna vertebral y lumbar con respaldo ergonómico y soporte de masaje. Inclina tus piernas más cómodas con el diseño del asiento de cubo, el marco de las alas laterales se ha adelgazado y contiene un relleno más suave. CONSTRUCCIÓN RÁPIDA Y MATERIAL AMISTOSO ECO: Marco de aleación cubierto con cuero PU de calidad para costura a mano y espuma de alta densidad de 5 pulgadas para una mayor comodidad. El cilindro y el mecanismo de gas LANT mejorados aseguran la edad de uso de la silla. INSTALACIÓN Y DESPUÉS DE LOS SERVICIOS DE VENTA: Detalle del manual de instrucciones incluido en el paquete. 24/7 equipo de servicio al cliente todo para la experiencia de compra. Servicios de reemplazo de un mes y garantía de calidad de piezas de 1 año como promesa.",Dowinx,Negro&azul
B07KQ1GFYD,es,ATian Digitales Cámaras 2.7 Pulgadas LCD 8X Zoom Digital Anti-vibración Recargable HD Cámara Digital para Estudiantes/Adultos Mayores/niños (Rojo),,"Resolución de 18 megapíxeles y HD 720P y flash incorporado para una excelente captura y grabación. Detección de rostros, antivibraciones, captura de sonrisas, temporizador automático, disparo continuo, zoom digital 8X. Pantalla LCD TFT de 2.7 "". Muestra video vívido, batería recargable de ión de litio de 550mAh que admite que la cámara funcione más de 80 minutos. Cuando la imagen está borrosa, puede cambiar el modo de largo alcance a través del interruptor Macro / Far en el lado izquierdo de la cámara, y la nitidez de la imagen mejorará enormemente. Admite tarjeta de memoria externa de 64G de memoria máx. (No incluida). No solo puede tomar imágenes digitales de buena calidad, sino que también puede utilizarse como disco extraíble.",ATian,Rojo
B07KT89932,es,MOG CASA Sommier Negro multiláminas Metalizado anticorrosion Varias Medidas (140x200cm),"<p><b>Somier en hierro metalizado anticorrosión pintado de negro,inclui una pata central, con láminas en madera flexible y muy resistente </b><br><br><b>Dimensiones disponibles:</b> <br><br>- 140x200cm <br>- 160x200cm </p><p>El somier esta hecho de forma a no producir ruídos y mantener elconforto. <br><br>El somier requier montaje, y contiene todas las herramientas y instrucionespara su montaje. <br><br>El articulo es enviado por el transportista GLS, en 2 a 3 dias laborales a todaEspaña.</p>","Hecho de acero robusto y anticorrosion con absorción de la presión sin ruidos Las láminas son flexibles pero son muy resistentes y el somier incluy una pata que ayuda a mantener el somier estable y no quebrar la barra central Altura máxima de 6cm Disponible en las medidas: 140x200cm y 160x200cm Requier montaje, y incluy tudas las piezas, herramientas y instruciones para su montaje",MOG CASA,Negro
B07M8Y1FMT,es,Vestidos De Fiesta Mujer Elegantes Mini Vestido de Cintura Alta con Estampado geométrico y Cintura Alta para Mujer Vestido Ajustado Corto Camisas Camisetas señoras,"❤️❤️❤️Nuestro tamaño es más pequeño que el tuyo. Puedes considerar elegir 1-2 tamaño más grande !!! <BR><BR> ❥Caracteristicas:<BR><BR> 1. Está hecho de materiales de alta calidad, lo suficientemente resistente para su uso diario<BR><BR> 2.El estilo y el diseño de moda te hacen más atractivo<BR><BR> 3. Genial para la fiesta, todos los días, estoy seguro de que te gustará!<BR><BR> ❥Información del Producto:<BR><BR> Temporada: Primavera, Verano, Otoño, Invierno.V Genero: Mujer<BR><BR> Ocasión: Casual, Fiesta, Diario<BR><BR> Material: Poliéster<BR><BR>vestidos de fiesta para bodas vestidos de fiesta cortos vestidos largos vestidos de novia vestidos casuales vestidos camiseros mujer vestidos de fiesta cortos de noche vestidos de fiesta largos vestidos coctel vestidos cortos elegantes vestidos estampados vestidos embarazada vestidos de fiesta cortos blanco vestidos de novia cortos vestidos de fiesta para bodas mujer vestidos tubo vestidos tul mujer vestidos tallas grandes vestidos transparentes vestidos novia Sudaderas sin capucha para mujer Trajes de vestir para mujer Trajes de una pieza de natación para mujer Mujer 2018 vestidos de fiesta mujer largos cortos tallas grandes para bodas boda elegantes verano Ropa Vestidos para niña Vestidos para mujer Vestidos Ropa de danza Mujer Hombre Niña Bebé Ropa especializada pa Vestidos para mujer Mono para mujer Camisetas y tops para mujer Vestidos para niña Camisetas sin mangas para mujer Faldas para mujer coctel en blanco con mangas color vino rojo","Bienvenido a comprar, nuestros productos valen la pena.. Si tiene alguna pregunta, comuníquese conmigo por correo electrónico. Le daremos una respuesta satisfactoria en 24 horas. Siempre tomamos la satisfacción del cliente al principio 【Ajuste para ocasión】:Adecuado para fiestas, cumpleaños, retro, hogar, casual, al aire libre, cócteles, ceremonias, festivales, viaje,playa,estoy seguro de que te gustará! 【Regalo】Nuestros vestidos están especialmente diseñados, hechos de materiales de alta calidad, duraderos y adecuados para el uso diario, un gran regalo para tus amigos o para ti. Ser un regalo de cumpleaños es una buena opción. 【Aviso】: Nuestro tamaño es el tamaño asiático (CN). Por lo general, 1-2 tamaño más pequeño que el tamaño de la EU. Por favor, consulte la tabla de tallas antes de comprar. Como enviamos desde China, generalmente tardamos entre 10 y 25 días en llegar. Intentaremos elegir una entrega más rápida para usted. Nuestra tienda se especializa en productos de ropa, que incluyen: ropa para niños, Monos bebé Niño niña , zapatos bebé , camisas para mujer, Abrigos mujer, Sudaderas mujer, pantalones para mujer, zapatos para mujer, Botas Mujer ,faldas mujer, Vestidos Mujer Otoño invierno , camisas para hombre, Sudaderas hombre ,chaquetas para hombres, pantalones para hombres, zapatos para hombre .Hay muchas opciones para que elijas. Seguramente encontrarás algo que te guste.",Amlaiworld_Vestidos Mujer,Negro
B07M9C56KQ,es,"ZODOF Vestidos Mujer,Mujeres Vacaciones Damas Verano Playa Botones Vestido de Fiesta de Noche Playa Vacaciones","<p>❥Descripción del producto:</p><p></p><p>❥Roaring 20s Vestidos de novia deslumbrantes estilo art déco con adornos y borlas en el dobladillo!</p><p></p><p>❥Patrón de moda hecho a mano con lentejuelas con flecos de los años 1920. Vestido alegre para ocasiones especiales.</p><p></p><p>❥El Art Nouveau y el estilo eduardiano inspirados para la novia Bridemaids y los vestidos de invitados de bodas vintage, gran cóctel temático Gatsby fiesta, trajes de maquillaje, estilo moderno, con cuentas</p><p></p><p>❥Temporada: cuatro estaciones</p><p></p><p>❥Género: Mujeres</p><p></p><p>❥Ocasión: fiesta, noche, noche.</p><p></p><p>❥Material: Poliéster + Nylon</p><p></p><p>❥Estilo: Casual</p><p></p><p>❥Longitud de la manga: Ninguno</p><p></p><p>❥Ajuste: se adapta a la tura a medida</p><p></p><p>❥Espesor: Estándar</p><p></p><p>❥Lo que obtienes: 1 X vestido</p>","Se hace de los materiales de la alta calidad, durable bastantes para su usar diario Cómo lavarse: Lave a mano el frío, la caída o la línea seca Mujer Sudadera con Capucha 2020 Tallas Grandes Jersey Otoño Invierno Manga Sweatshirt Blusa Tops Pijamas de Navidad Familia Ropa de Noche Homewear Algodón Camisas de Manga Larga Pantalones Largos Sudadera Invierno Conjunto de Pijamas Familiar para Dad Mom Niños Bebé Elegante y de moda, cómodo y transpirable te hacen más atractivo, el diseño especial puede hacerte más encantador y vitalidad, y un abrigo te mantiene caliente. FÁCIL DE COMBINAR】Los jerseys de mujer son simples y versátiles, y se pueden combinar fácilmente con sus jeans, pantalones, mallas, medias o botas largas. Es la elección perfecta para todas las mujeres y adolescentes, usarlo te hará más joven y con más energía.",Vestido ZODOF,Negro
B07MCV1KNJ,es,EsportsMJJ 3Pcs 1.9 M Ventana Ajustable Diapositiva Kit Placa De Aire Acondicionado Escudo De Viento Para Aire Acondicionado Portátil,"<br> <b>Descripción:</b><br> 3pcs 1.9 m placa ajustable de la diapositiva del kit de la ventana, protector del viento del acondicionador de aire cupo para el acondicionador de aire portable.<br> <b>Especificación:</b><br> Color: blanco<br> Cantidad: 3pcs<br> Longitud máxima de ajuste: 190cm/75in<br> Tamaño exterior de la placa: 67.6 x 9.5 cm/26.6 x 3.7 in<br> Placa interna: 67.6 X10CM/26.6 x 3.9 in<br> Tamaño del agujero: 7.5 x20cm/3x8in<br> <b>Características:</b><br> 1. Suitable para los varios modelos de unidades portátiles del acondicionador de aire.<br> 2.It se puede estirar y ajustar libremente en longitud.<br> <b>Nota</b>:<br> 1. los tornillos se requieren para fijar las dos placas, mientras que los tornillos no se incluyen en este artículo.<br> <b>Paquete incluido:</b><br> 1 x placa interna<br> 2x placas exteriores<br> <b>Más detalles:</b><br>",Tamaño del agujero: 7.5 x20cm/3x8in Color: blanco Cantidad: 3pcs Longitud máxima de ajuste: 190cm/75in Tamaño exterior de la placa: 67.6 x 9.5 cm/26.6 x 3.7 in,EsportsMJJ,
B07MJKBGYC,es,"TEENO 20V Taladro Atornillador Bateria, 2 Baterías(2.0Ah), 1H Carga Rápida, 31 Accesorios",El diseño moderno y el cárter de metal atractivo y la manija dual-material dan a este taladro un diseño seductor y la ergonomía máxima Tecnología del litio ningún efecto de memoria y baja autodescarga Ligero y de gran alcance un control de par de 10 posiciones permite controlar la fuerza herramienta de sujeción para realizar todo el trabajo alrededor de la casa,[baterías] 2 baterías pueden extender el tiempo de trabajo. Y cuanto mayor sea la capacidad de la batería [18 + 1 Posiciones] Las 18 funciones determinan la cantidad de torque del taladro. La limitación de par le impide perforar demasiado y rasgar las cabezas de los tornillos o dañar el material en el que está trabajando [ 20V + 2 Velocidad ] 2 Velocidad entre 0 - 550 rpm o 0 - 1550 rpm para una fácil instalación y extracción de tornillos Baja velocidad para apretar los tornillos precisos y alta velocidad para perforar los surcos más suavemente [Práctico y económico] Hay una luz LED integrada para una iluminación óptima de las áreas de trabajo oscuras Taladro sin cuerda Componente del paquete: 1 * taladro sin cable +2 * 2Ah Baterías+ 1 * Caso plástico + 1 * Guantes profesionales + + 30 * Accesorios + 1 * Universal Head + 1 * Cargador,TEENO,Rojo
B07NFK1HV6,es,"Stanley FatMax FMC627D2SA-QW - Taladro percutor Brushless 18V, con 2 baterías litio 2Ah, set de 50 pzs y bolsa de transporte",,"Taladro percutor a batería con tecnología brushless (motor sin escobillas) que entrega mayor rendimiento y autonomía Porta brocas sin llave de 13 mm con bloqueo automático para un cambio fácil de los accesorios El motor de 2 velocidades de 0-450/1.800 rpm cubre todas las aplicaciones en mampostería, madera y metal Acción percutora de 30.600 ipm (impactos por minuto) ideal para aplicaciones en mampostería Incluye: 2 baterías de litio , set de 50 accesorios para taladrar y atornillar, y bolsa de transporte",Stanley,
B07NL3Z842,es,"Lenovo Yoga S730 - Ordenador portátil Ultrafino 13.3"" FullHD (Intel Core i7-8565U, 8GB RAM, 512GB SSD, Intel UHD Graphics 620, Windows 10 Home) Gris - Teclado QWERTY Español",,"Pantalla de 13.3"" Full HD, 1920x1080 pixeles Procesador Intel Core i7-8550U, QuadCore 1.8 GHz up to 4.6 GHz Memoria RAM de 8 GB DDR4, 2400MHz Almacenamiento de 512GB de SSD M.2 PCIe Tarjeta gráfica Intel UHD Graphics 620",Lenovo,
B07PB7SW6S,es,HeiPard Racing Silla de Escritorio computadora Oficina Ergonómica con reposapiés Plegable PU Metal Cromado Negro 150 kg (02BR),,"🍃【ADECUADO GENTE FUERTE】Las esponjas gruesas de base amplia adecuado, de seguridad y de metales básicos cilindro neumático de 80 mm MDI pasar el certificado del SGS, y una capacidad de carga de hasta 150kg. 🍃【INCLINACIÓN AJUSTABLE】Le permite reclinar hasta 165˚, ajustar un ángulo cómodo cuando su necesidad de trabajar, leer libros, jugar juegos y también descansar y relajarse. 🍃【GARANTÍA DE CALIDAD】Su base sólida sobre 5 ruedas en PU y nylon, su estructura de acero resistente y de alta calidad de la garantía de cuero fuerza superior. Puede utilizar en azulejos, suelos de cemento, pisos de madera, es una experiencia fantástica aún pasar largas horas frente al ordenador! 🍃【ENSAMBLAJE SIMPLE】Incluso si usted no es bueno en el montaje del producto, también puede según nuestro respecto a la explicación detallada de la instalación del producto, usted puede montar la silla en el tiempo más corto. 🍃【SERVICIO DE VENTA DESPUÉS】 Instrucciones incluidas en el paquete. HeiPard ofrece servicio al cliente 24/7. Cualquier problema relacionado con la silla de juego, no dude en enviarnos un correo electrónico para obtener una solución. Reemplazo gratuito de 30 días por problemas de calidad, garantía limitada de 1 año para",HeiPard,02br
B07Q2F3151,es,"AUGOLA 400CM Aislamiento Ventanas para Aire Acondicionado Móvil y Secadora, Adecuado para Unidad de Aire Acondicionado Portátil, Parada de Aire Caliente - Fácil de Instalar","<br><b>AUGOLA Window Seal para aire acondicionado portátil y secadoras de ropa</b> <br> <br>Este fantástico sello evita que el aire caliente que sale de la manguera de aire acondicionado regrese a su habitación. Al mismo tiempo, reduzca la fuga de aire frío, mantiene su habitación fresca por más tiempo, proporcionándole un ambiente de vida fresco y cómodo. Mantener más fresco, ahorrar dinero y salvar el planeta! <br><br> <br><b>¿Por qué elegir nuestro sello de ventana?</b> <br> <br>1. Evita que el aire caliente ventilado regrese a su habitación-una gran solución que podría ahorrarle montones en sus facturas! <br>2. Compatible con todos los acondicionadores de aire y secadoras portátiles-no tiene que comprar kits de ventanas, adaptadores para su manguera o herramientas adicionales. <br>3. Sello de ventana universal-Applicaton para ventanas que se abren a la izquierda o ventanas que se abren a la derecha, Ventanas colgadas inferiores o claraboyas (no ventana deslizante o puerta). <br>4. Fácil de instalar en la ventana y la manguera-viene con cinta adhesiva fuerte, sin herramienta o perforación necesaria. <br>5. Fácil de quitar-una vez que el clima se vuelve frío, simplemente retire el sello y guárdelo para el próximo verano! <br> <br> <br><b>Información del producto</b> <br> <br>Color: blanco <br>Material: tela impermeable <br>Longitud: 400CM/13.12 FT, Ancho: 40CM/1.31 FT (más ancho) <br>Peso del artículo: 350g <br>Cinta adhesiva: 8M/26.25 FT <br> <br><b>El paquete incluye:</b> <br>1 x cierre de ventana universal de 400 cm <br>1 x Cinta adhesiva (8M)","<p>🍃</p> 【FRESCO DURANTE EL VERANO】 - El sello de la ventana bloquea el flujo de retorno del aire caliente bloqueando la manguera entre el marco de la ventana y la propia ventana. Al mismo tiempo, reduzca la fuga de aire frío, mantiene su habitación fresca por más tiempo, proporcionándole un ambiente de vida fresco y cómodo. <p>🌍</p> 【REDUZCA EL CONSUMO ENERGÉTICO】 - ¡ Disfruta de la vida medioambiental! Este sello de ventana contribuye a reducir el consumo de energía y a disminuir las emisiones de dióxido de carbono, que es particularmente alta en verano debido al uso masivo de aire acondicionado. Protegiendo el medio ambiente mientras ahorra energía y ahorra facturas eléctricas! <p>🏖</p> 【IMPERMEABLE Y ADHESIVO FUERTE】 - El sello de la ventana del aire acondicionado es lavable y resistente al agua, mantiene la lluvia apagada en los días lluviosos, y también deja fuera insectos, mosquitos. Ven con cinta de gancho fuerte, usted no tiene que preocuparse por la cinta adhesiva que sale más. <p>⛲</p> 【FÁCIL DE INSTALAR】 - No se necesita ninguna herramienta o perforación. ¡ Todo lo que necesitas viene con tu sello AUGOLA Window Seal! Simplemente aplique la cinta adhesiva al interior del marco de la ventana y a la propia ventana, fije el sello de la ventana a la cinta de gancho. Abra la cremallera y coloque la manguera de aire acondicionado fuera de la ventana. A continuación, cierre la cremallera firmemente alrededor de la manguera. La ventana sigue siendo totalmente funcio <p>🌊</p> 【SELLO DE VENTANA UNIVERSAL】 - Adecuado para todos los acondicionadores de aire portátiles y secadoras de ropa. Applicaton para ventanas que se abren a la izquierda o ventanas que se abren a la derecha, las ventanas colgadas inferiores o claraboyas (no ventana deslizante o puerta). Longitud: 400CM, conveniente para las ventanas con una longitud total del sello de menos de 400 cm.",AUGOLA,Blanco
B07QB8484X,es,"LITORAL Super Alimentos Plato Preparado de Lentejas, Quinoa y Chía, Sin Gluten, 415g",,"Lentejas con quínoa y chía 100% ingredientes naturales, sin conservantes ni colorantes Fuente de proteínas, fibra, hierro, magnesio y potasio Aptas para vegetarianos, veganos y dietas sin gluten La forma más ligera y saludable de comer legumbres",Litoral,
B07QB8484Y,es,"LITORAL Plato Preparado de Lentejas Riojana, Sin Gluten, 425g",,"Selecto embutido elaborado en Asturias Ingredientes 100% naturales sin gluten, ni aditivos Lentejas riojana con 30% menos de grasa y sal Fuente natural de fibra Disfruta de un plato típico de nuestra gastronomía, con la calidad de LITORAL",Litoral,
B07QB8484Z,es,"LITORAL Super Alimentos Plato Preparado de Garbanzos con Kale, Sin Gluten, 425g",,"Garbanzos con Kale 100% ingredientes naturales, sin conservantes ni colorantes Fuente de proteínas, fibra, hierro, magnesio y potasio Aptas para vegetarianos, veganos y dietas sin gluten La forma más ligera y saludable de comer legumbres",Litoral,
B07QDYWQJM,es,Regalos Miguel - Sillas Gaming - Silla Pro - Naranja y Negro - Envío Desde España,"Silla Pro: una silla para permanecer sentado mucho tiempo Con independencia de nuestro trabajo, actualmente en casa tenemos muchas actividades que nos exigen tener una silla adecuada. El ordenador nos mantiene sentados también en casa Cuando antes leíamos el periódico de papel en una butaca ahora es muy frecuente que lo hagamos sentados ante una pantalla. Cada vez necesitamos utilizar Internet para más cosas desde casa: planificar las vacaciones o gestionar las cuentas bancarias. Por otra parte, también nuestros hijos tienen que hacer parte de sus tareas ante el ordenador porque es una faceta más de su aprendizaje. Son muchas las horas que todos pasamos en casa en una silla que debe ser mucho más parecida a la de tu oficina que a la tan socorrida de tu comedor. Y no digamos para esa parte del ocio tan importante que son las vídeo consolas. Características de la silla Pro Hemos concebido la silla Pro como una silla gaming por su diseño y características. Si te fijas, tiene curvas ergonómicas que la asemejan al asiento de un coche de fórmula 1 porque está pensada para adaptarse a tus movimientos manteniendo la verticalidad de tu espalda. Su altura es ajustable y el asiento es profundo para que te sientas sujeto junto con los reposa brazos fijos. La silla Pro es imprescindible en cualquier hogar de hoy día para asegurar un asiento confortable y adecuado en el que pasar algunas horas sentados.",Material asiento: Tela y polipiel - Espuma Material estructura: Acero reforzado Ancho: 68 cm Altura máx. / mín.: 118 cm / 108 cm Profundo: 68 cm,Regalos Miguel,Naranja Y Negro
B07QKJQ6Z4,es,"KUNGYO El Plastico Blanco Estante Montado en la Pared de la Pared del Cuarto de Baño, SucciÓN RÚStico en Forma de U Estantes Flotantes Baño Organizador Ducha Caddie (Medio)","<B>SOBRE KUNGYO</b><br><br> KUNGYO es un fabricante profesional que produce y ofrece varios productos creativos y ecológicos. Nos comprometemos a ofrecer los mejores productos y servicios a todos. Deseo que tengas una compra feliz! <br><br><br> <B>Características y Beneficios</b><br><br> ☛El plástico es impermeable y resistente a la corrosión, un paño limpio y húmedo puede hacerlo nuevo. <br><br> ☛Tiene tres tamaños, puede elegir diferentes tamaños según su baño, y también tres piezas combinadas pueden ser una decoración. <br><br> ☛La forma de U puede evitar que las cosas se caigan, y el color blanco, la succión gratuita hace que su baño sea más moderno y se adapte a cualquier baño<br><br> ☛Incluye instrucciones de instalación y todos los elementos necesarios.<br><br> ☛Se incluyen instrucciones de instalación y todos los elementos necesarios.<br><br> ☛No hay necesidad de perforar, y no hay que esperar después de la instalación, simplemente disfrútelo. <br><br> ☛Compre sin preocupaciones, puede obtener un reembolso si no estaba satisfecho en cualquier momento. <br><br><br> Note: Nota: Cada estante viene con los accesorios necesarios y la instrucción en inglés. Si tiene algún problema con la instalación, envíenos un correo electrónico la primera vez y le responderemos dentro de las 24H<br><br><br> <B>Detalle</b><br><br> ☛Material: Plástico<br><br> ☛Estilo: Moderno<br><br> ☛Color: Blanco<br><br> ☛Tamaño:Pequeño-16.8x10.8x6.8cm,Medio-31.6x10.8x6.8cm,Grande-46.5x10.8x6.8cm<br><br> ☛Weight Peso del producto: 250g(Pequeño)/330g(Medio)/450g(Grande)<br><br><br> <B>Paquete incluido</b><br><br> 1 x estante<br><br> 2 x tornillos<br><br> 2 x tapas de tornillo<br><br> 1 x destornillador<br><br> 1 x llave inglesa<br><br> 2 x calcomanías sin huellas<br><br> 1 x instrucciones de instalación<br><br><br>","👉【Material PlÁStico y Calidad Confiable】: Resistente a la corrosión y al agua, y fácil de limpiar, con un peso inferior a 5 kg, la mejor opción para ambientes de baño. 👉 【FÁCil InstalaciÓN y Amplia AplicaciÓN】: Viene con todos los accesorios necesarios y una instrucción, puede comenzar la instalación después de recibirla y es adecuada para cualquier habitación. 👉【Miradas Simples y Blancas】: El resistente montaje en pared hace que su baño sea más elegante, más limpio y ordenado, compre dos o tres y cuélguelos para crear una pantalla decorativa. 👉【Rincón de Arcos y Seguridad】: Los bordes suaves evitan que se rayen, le brinda a usted y a su familia más protección. 👉【PolÍTica De Servicio y Reembolso】 - El mejor producto y servicio para usted! Obtenga un reembolso en cualquier momento si no está satisfecho con la compra. Me alegra recibir tu sugerencia.",KUNGYO,
B07QVHD5BS,es,TV Televisión Televisor Engel Ever-LED LE2050 20 - HD - USB PVR- OCA-Modo Hotel,"pEngel nos trae su television LED strongLE2060T2strong, una pantalla de 20 pulgadas con resolucion HD a 1366 x 768 para disfrutar del conteni","Televisión Engel Ever Led con calidad HD de 20 pulgadas con HDMI, resolución de pantalla: 1366 x 768 px. Tipo de pantalla: Retroiluminación LED. Entrada USB PVR Color Negro Modo de ordenación de canales OCA. Modo Hotel. Función de grabación Time Shift TDT2 Sintonizador de cable",Engel Axil,Negro
B07QY6B8K5,es,"Ulinek Estanteria Ducha de Baño Sin Taladro Estante Cesta Ducha de Baño MAX 8KG con 2 Gancho Ventosa Fuerte Estantería Organizador Baño Cocina Pared, Accesorios baño(30, 5x12x20, 8cm)",,"🚿【MÁS ALTOS ESTÁNDARES DE CALIDAD】Ulinek estanteria ducha de baño hechos de ABS de alta calidad, ecológicos, resistente, super impermeable, Alta y baja temperatura resistente, No se oxidará como accesorios baño de acero inoxidable; Con 2 piezes gancho ventosa, que tiene una capacidad de adsorción más fuerte que los ganchos comunes, Se puede instalar no se necesitan pegamentos ni agujeros antiestéticos, si hay agua o vapor de agua durante ducha, no hará que la estanteria baño se 🚿【DISEÑO ÚNICAS DE DRENAJE】La parte inferior del estanteria baño tiene muchos orificios de drenaje para mantenerlo seco y evitar la acumulación de agua y bacterias para proteger la salud de la familia; el fondo de estanteria ducha baño está diseñado con una pendiente, es más fácil de drenar que otros estanteria ducha en el mercado, se puede drenar automáticamente sin secado manual.¡Al mismo tiempo puede hacer que la estanteria baño sea más estable! Ahorre tiempo y energía. 🚿【FUERZA DE CARGA FUERTE】Ulinek estanteria cesta de baño utilizan la última tecnología. La fuerte succión del anzuelo es como un pulpo. Estanteria baño soportar 8kg incluso en condiciones de ultra humedad. Agrega placas de soporte detrás del estanteria baño, no se sacudirá al azar después instalación y mantendrá estante estable. Diseña total de 6 clips montaje en ambos lados de estanteria baño. Si compra 4 ganchos para usar, carga de estanteria baño se puede aumentar en 20 k 🚿【FÁCIL DE INSTALAR Y REUTILIZAR】 Con una ventosa gancho, sin taladro, sin clavos, se puede colocar tanto en los armarios como en la encimera del baño o montado a la pared. Libre de cambiar el almacenamiento y la ubicación, fácil de desmontar y limpiar. Se puede reutilizar muchas veces, Remojar en agua caliente durante unos minutos, el efecto de absorción se restaurará al mismo rendimiento que el nuevo. Se puede colocar en el baño, dormitorio, cocina, sala de estar, haga su vida en 🚿【MEJORES ESTANTA CESTA DE DUCHA】El diseño del suspensión agrega un uso adicional, puede colocarlo en el baño, la cocina, el dormitorio, ahorrando espacio y manteniendo su hogar organizado. Ulinek accesorios baño viene con soporte premium de GARANTÍA DE 5 AÑOS SIN CUALQUIER OTRO COSTO (Reemplazo gratuito o reembolso completo). Cualquier problema, no dude en contactarnos. Le responderemos dentro de 24 horas. ¡Espero que las alegrías sencillas llenen tu día!",Ulinek,Estanteria Rinconera Para Baño Ducha
B07QY6R25X,es,"Joiry 24V 3.5Ah Batería para Bosch GBH24VRE GBH24VFR GBH24VSR BBH24VRE BAT019 BAT020 BAT021 11225VSR 2607335082 2607335216 2607335190 2607335163, Ni-MH Batería para Bosch","<b>Especificaciones Técnicass:</b><br> Batería Type: Ni-MH<br> Batería Voltaje: 24V<br> Batería Capacidad: 3500mAh<br> <br> <b>Compatible con:</b><br> Bosch BAT019 BAT020 BAT021<br> Bosch 2607335082 2607335083<br> Bosch 2607335097 2607335098<br> Bosch 2607335163<br> Bosch 2607335190 2607335192<br> Bosch 2607335215<br> Bosch 2607335216 2607335216-750<br> Bosch 2607335223 <br> <br> <b>Funciona con: </b><br> Bosch GBH 24 VRE ,GBH 24 VFR<br> Bosch BBH 24 VRE<br> Bosch 11225VSRH ,11225VSR<br> Bosch 0 611 260 539<br> Bosch 0 611 225 503 <br> <br> <b>Garantíae:</b><br> 30 días de reembolso y devolución completos, prometemos ofrecer los mejores productos y el mejor servicio para usted<br> <br> <b>Paquete:</b><br> 1 x 24V Reemplace Batería","Batería Type: Ni-MH, Voltaje: 24V, Capacidad: 3500mAh / 3.5Ah, Color: Negro. Compatible con Bosch GBH24VRE GBH24VFR GBH24VSR BBH24VRE BAT019 BAT020 BAT021 11225VSR 2607335082 2607335216 2607335190 2607335163. Ni-MH Technology - La batería Ni-MH es mucho más ecológica que la batería Ni-CD, no contamina el medio ambiente, Sin efecto memoria.Mayor vida útil. 3500mAh alta capacidad batería se puede cargar o descargar según sea necesario sin pérdida de capacidad. Ecológico, eficiente, estable y soportable. Certificado CE RoHS FCC , funciona como original. Prevención de sobrecarga, sobre descarga, cortocircuito, alta temperatura, alta humedad, sobrecalentamiento interno. No contiene Hg / Cd / Pb, no contamina el medio ambiente, usa más seguro.",Joiry,
B07RR79J3Q,es,"Aozzy PVC Aislante Ajustable para Ventanas Correderas Aires Acondicionados Portátiles y Secadoras - Frena La Entrada de Aire Caliente - de Tamaño Máximo 55"" x 6.4""-Universal - con Conector 13CM(5.12"")",Kit de repuesto para ventana de aire acondicionado portátil <br><br>Especificaciones: <br>Color: blanco. <br>Longitud máxima de ajuste: 67 ~ 180 cm. <br>Longitud recomendada: 67 ~ 165 cm. <br>Diámetro del agujero redondo: 13 cm. <br>Modelo aplicable: para LG / para Shinco / para Gree / Aux / para Haier / para Hisense <br><br>Características: <br>- Adecuado para varios modelos de unidades de aire acondicionado portátiles. <br>- Se puede estirar y ajustar libremente en longitud. <br><br>El paquete incluye: <br>1 placa interior. <br>2 placas exteriores. <br>1 juego de tornillos. <br>1 cinta. <br><br>Aviso: <br>1. Puede darse una diferencia de 1 a 5 mm respecto a las medidas especificadas. Asegúrate de que no te importa antes de comprar. <br>Los colores pueden variar según la pantalla. <br>,"MATERIAL resistentes: PVC UNIVERSAL : ajusta a ventana con tamaño mínimo 39.4""x6.4"" (100x16.3cm) y tamaño máximo 55"" x 6.4""(140x16.3cm). se puede usar en una ventana izquierda/derecha/arriba/abajo deslizante. FACIL DE INSTALAR – no se necesitan agujeros de taladros. REUTILIZABLE: cuando los kits de sellos de aire acondicionado no son necesarios, luego lavarlo y almacenarlo para su próximo verano. POR FAVOR, confirma el tipo de ventana y mide el tamaño de tu ventana antes de comprar.",Aozzy,
B07RT1QP55,es,Hero Solo Snack de Lentejas 50g,,"Con Calidad Baby, no fritos, sin sal añadida, sin gluten, sin Aceite de Palma y sin aditivos, de acuerdo con la legislación vigente Elaborado con ingredientes 100% ecológicos y nada más; materias primas de calidad baby adaptadas nutricionalmente para tu bebé No fritos",Hero Solo,
B07S37RMMP,es,"HOGAR24 ES Base tapizada 150 x 190 Reforzada con 7 Patas metálicas Alto 32 cm, tapizado 3D Color Beige + 4 válvulas de transpiración.",,"Base tapizada con tejido 3D transpirable, incorpora el exclusivo sistema Air Fresh 3D System, cuyos componentes han sido diseñados específicamente para facilitar una completa aireación y ventilación del equipo de descanso. A diferencia de las bases tapizadas convencionales, el tablero de kraft corrugado de alta resistencia es menos pesado y más fácil de mover que el tablero de madera aglomerada. Todas las medidas vienen preparadas para instalar 6 patas, excepto la medida de 150 que incorpora 7 patas. Incorpora tres barras transversales para un mayor refuerzo. Las bases tapizadas de 160 y 180 cm de ancho, se componen de 2 bases tapizadas de 80 o 90 cm unidas mediante pletina de unión. Estas medidas incorporan 12 patas. La base se entrega montada, sólo es necesario roscar las patas sin necesidad de utilizar herramientas de montaje. Fabricado en España, garantía de satisfacción 100%.",HOGAR24 ES,Beige
B07S4CB9VT,es,"HOGAR24 ES Base tapizada 90 x 190 Reforzada con 6 Patas metálicas Alto 26 cm, tapizado 3D Color Beige + 4 válvulas de transpiración.",,"Base tapizada con tejido 3D transpirable, incorpora el exclusivo sistema Air Fresh 3D System, cuyos componentes han sido diseñados específicamente para facilitar una completa aireación y ventilación del equipo de descanso. A diferencia de las bases tapizadas convencionales, el tablero de kraft corrugado de alta resistencia es menos pesado y más fácil de mover que el tablero de madera aglomerada. Todas las medidas vienen preparadas para instalar 6 patas, excepto la medida de 150 que incorpora 7 patas. Incorpora tres barras transversales para un mayor refuerzo. Las bases tapizadas de 160 y 180 cm de ancho, se componen de 2 bases tapizadas de 80 o 90 cm unidas mediante pletina de unión. Estas medidas incorporan 12 patas. La base se entrega montada, sólo es necesario roscar las patas sin necesidad de utilizar herramientas de montaje. Fabricado en España, garantía de satisfacción 100%.",HOGAR24 ES,Beige
B07S4SLSFM,es,"Annabel Lentejas con Fundamento, Comidas preparadas veganas - 7 paquetes de 205 g",,"Listas para comer: ideales para ensaladas, curris caseros y recetas veganas Tenlo siempre a mano en el armario de la cocina Apto para veganos Ricos en proteínas Cocidos en agua con una pizca de sal",Annabel,
B07S946NHS,es,"HOGAR24 ES Base tapizada 135 x 190 Reforzada sin Patas, tapizado 3D Color Negro + 4 válvulas de transpiración.",,"Base tapizada con tejido 3D transpirable, incorpora el exclusivo sistema Air Fresh 3D System, cuyos componentes han sido diseñados específicamente para facilitar una completa aireación y ventilación del equipo de descanso. A diferencia de las bases tapizadas convencionales, el tablero de kraft corrugado de alta resistencia es menos pesado y más fácil de mover que el tablero de madera aglomerada. Todas las medidas vienen preparadas para instalar 6 patas, excepto la medida de 150 que incorpora 7 patas. Incorpora tres barras transversales para un mayor refuerzo. Las bases tapizadas de 160 y 180 cm de ancho, se componen de 2 bases tapizadas de 80 o 90 cm unidas mediante pletina de unión. Estas medidas incorporan 12 patas. La base se entrega montada, sólo es necesario roscar las patas sin necesidad de utilizar herramientas de montaje. Fabricado en España, garantía de satisfacción 100%.",HOGAR24 ES,Negro
B07SC6Z95F,es,"Nevir NVR-7702-28RD2-N - TV, Multicolor",,NEVIR NVR770228RD2N TELEVISOR LED T.V.C.28 NVR-7702-28RD2-N,Nevir,Multicolor
B07SWYRYB4,es,"Vencipo Estantería Blanca para Fotos de Colgantes, Baldas Estanterias de Pared de Madera para Organizador Libros Infantil, Estante Flotante Decoracion para Estanteria Baño, Especiero Cocina.(2 Piezas)","<b> Vencipo Estantería Blanca para Libros Infantil</b><br> <br> <b> Especificaciones:</b><br> Tamaño: 40cm x 7.5cm x 5cm<br> Peso del artículo: 2.5 lbs. Material: Madera maciza<br> <br> <b> CARACTERÍSTICAS:</b><br> <br> <b> Estantes multifuncionales</b><br> * En la decoración de la pared del dormitorio del bebé o en el cuarto de los niños como estantes para juguetes, hogar de animales de peluche.<br> * Funciona muy bien en la cocina como un estante de especias o porta utensilios, tanto para montar en la pared o simplemente sin colgar en un mostrador para el almacenamiento de la cocina. <br>* En lugar de un gabinete de almacenamiento como estantes de baño encima de su inodoro para accesorios, esmalte de uñas u otras botellas pequeñas. <br>* Para organizar libros, acentos, imágenes, una vela, o para mostrar sus trofeos / artículos de adorno navideño.<br> * Como una estantería sobre el escritorio de su computadora, tocador, mesa o librero, o dentro de una puerta de despensa para especias.<br> * Funciona igual de bien en todas las habitaciones de la casa: cuarto de lavado, cocina, cuarto de niños, oficina, sala de estar, sala de juegos, sala de bebés, dormitorio o sala de estar. <br><br> <b> Montaje fácil</b><br> Fácil de instalar con todos los accesorios de montaje incluidos, siga las instrucciones en detalle. Si aún tiene alguna pregunta durante la instalación o el uso, simplemente avísenos y nuestro equipo de clientes lo ayudará con gusto.<br> <br> <b> Embalaje incluido:</b><br> 2 × Estante de pared blanca;<br> 4 × Anclaje de pared; 4 × Tornillos largos para pared<br> 1 x Hoja de instrucciones de instalación<br>","Estante Multifuncional: Este estante de pared funcional puede convertirse en un estante de exhibición, un estante de comando de entrada. agradable para exhibir marcos de fotos, coleccionables, macetas, velas decorativas. Úsalos en la decoración del cuarto de niños como estantería para ahorrar espacio, como estante de especias en la cocina, para organizar pasillos o en el baño para guardar tu champú, acondicionador, Lavado de cara, jabón corporal, pasta de dientes, cepillo de dientes y ot Organizador De Libros Infantil: Los estantes de la pared de la habitación de la guardería vienen en un juego de dos para proporcionar suficiente espacio para los juguetes, libros y peluches de su bebé y otros artículos pequeños en el hogar. Los anaqueles flotantes contienen artículos pequeños y grandes, como marcos de cuadros pequeños, velas, monitores para bebés, pañales y chucherías. Organizador De Cocina Y Baño: Este mini estante de mostrador de cocina también será una adición asombrosa a su cocina. Organice sus tazas, especias, aceite y latas que se pueden organizar en tableros de madera. También puede tener suficiente espacio para colocar muchas de sus cosas para el baño, como artículos de tocador, toallas, artículos diversos, pequeños electrodomésticos. Estantes Ideales Para La Decoración Del Hogar: Este organizador de la habitación para niños es la solución perfecta para la decoración de la sala de estar, complementando su interior al exhibir sus libros, fotos, cds. Instalación Sencilla: Fácil de instalar con todos los accesorios de montaje incluidos, siga las instrucciones que se detallan. midiendo 40cm x 7.5cm x 5cm",Vencipo,Blanco
B07TCMJQTF,es,"PRIXTON Flex Pro - Ordenador Portátil con Pantalla Táctil 11'6 Pulgadas, Sistema Operativo Profesional Windows 10 Pro, Procesador Intel Celeron Apollo Lake N3350, 4GB RAM / 64GB, Teclado en Español",,"Portátil Windows 10, procesador Intel Celeron Apollo Lake N3350 y teclado en Español Posee 4GB de memoria RAM y 64GB memoria interna Ordenador portátil pequeño con un diseño fino y práctico Con una batería de 8.000 mAh, dispondrás de la autonomía que necesitas",PRIXTON,
B07TFKMTJ8,es,"MUJER FELIZ Disfraz Costume Niña, Princesa Disfraz Vestido Niña Traje Adventure Infantil para Carnaval Halloween Cosplay (S,M,L,XL,XXL,XXXL)","<p>♡ ^ _ ^ ♡ Hola, amigos, ¡bienvenidos a la tienda MUJER FELIZ! ¡Haremos todo lo posible para tener una experiencia de compra satisfactoria! ❤️❤️❤️</p><p>✿Caracteristicas:</p><p>1. Está hecho de materiales de alta calidad, lo suficientemente resistente para su uso diario</p><p>2.Hacerte más encantador en este carnaval.</p><p>3. vestido de alta calidad, perfecto para al aire libre / fiesta</p><p>4.Hacer una cita con tu buen amigo para tomar una cerveza.</p><p>5.Hazte lucir muy atractiva y sexy</p><p></p><p></p><p></p><p>✿Carta del tamaño</p><p>Tamaño: S Busto: 89cm / 35.04 '' Cintura: 76cm / 29.92 ''</p><p>Tamaño: M Busto: 93cm / 36.61 '' Cintura: 80cm / 31.50 ''</p><p>Tamaño: L Busto: 97cm / 38.19 '' Cintura: 84cm / 33.07 ''</p><p>Tamaño: XL Busto: 101cm / 39.76 '' Cintura: 88cm / 34.65 ''</p><p>Tamaño: XXL Busto: 105cm / 41.34 '' Cintura: 92cm / 36.22 ''</p><p>Tamaño: XXXL Busto: 109cm / 42.91 '' Cintura: 96cm / 37.80 ''</p><p></p><p>✿El paquete incluye: 1 X Vestido + 1XApron + 1XHeadwear</p><p>✿Por favor, no lo dudes, estoy seguro de que te encantará. (◕ᴗ ◕✿)</p><p>✿Finalmente, gracias por venir. = ^ _ ^ = ❤️❤️❤️</p><p> </p><p> </p><p> </p><p> </p><p> </p><p> </p><p> </p><p> </p><p> </p><p> </p><p> </p><p> </p><p> </p><p> </p><p> </p><p> </p><p> </p><p> </p><p> </p><p> </p><p> </p><p> </p><p> </p><p> </p><p> </p><p> </p><p> </p><p> </p><p> </p><p> </p><p> </p><p> </p><p> </p><p> </p><p> </p><p> </p><p> </p><p> </p><p> </p><p> </p><p> </p>",vestidos mujer casual verano vestido playa mujer vestido blanco mujer vestido largo negro vestido negro largo vestido largo negro vestido negro mujer vestido negro manga larga vestido marron vestido amarillo mujer vestido marron mujer vestido mujer vestido rosa mujer vestido asimetrico mujer fiesta vestido largo fiesta mujer vestido blanco largo mujer vestido lentejuelas mujer vestidos de boda mujer largos vestido rojo mujer vestido rosa mujer vestidos vestido rosa mujer vestido amarillo mujer vestidos vestidos verano mujer vestidos mujer vestidos de fiesta mujer vestidos playa vestidos ibicencos mujer blanco vestidos largos vestido niña vestidos largos verano mujer vestidos de fiesta vestidos mujer vestidos bohemios vestidos bohemios vestidos bohemios mujer vestidos bohemios mujer talla grande vestidos mujer verano vestidos bohemios cortos vestidos mujer casual vestidos mujer verano 2019 vestidos bohemios mujer verano vestidos mujer fiesta vestidos bohemios de playa vestidos bohemios fiesta vestidos mujer mango vestidos bohemios blancos vestidos mujer talla grande vestidos bohemios largos estampados vestido mujer vestido largo vestido playa vestido verano vestido niña vestido blanco vestido vestido fiesta vestido midi vestido playa mujer,MUJER FELIZ,Negro
B07TNDV7W9,es,"TOPOWN 110cm Placa de Kit de Ventana Aire Acondicionado portatil, 2 Piezas, Placa Aislante para Ventanas para Aire Acondicionado Portátiles(Sin Adaptador de Ventana, Necesitas Comprar Adaptador 15cm)","<p><b> TOPOWN 2 Piezas Placa de Kit de Ventana 110cm Placa de Kit de Ventana</b><br> Kit de placa de ventana: <br> - Tenga en cuenta que debe comprar Placa de Kit de ventana y adaptadores de ventana al mismo tiempo, ambos deben usarse juntos <br> - Adecuado para: Todos los acondicionadores de aire portátiles con una salida de aire de 15 cm de diámetro. <br> Kit de ventana ajustable placa: <br> Puede estirarse libremente y ajustarse en longitud. <br> Longitud máxima ajustable: 110 cm / 43,31 ""(aprox.) <br> <P> <b> Nota: </b> Utilice la placa del kit de la ventana con el adaptador de la ventana, para evitar la entrada de aire caliente en la habitación, reducir las fugas de aire frío, hacer que la temperatura de su interior sea más fresca y estable. ¡Mejoran la eficiencia del aire acondicionado y le ahorran dinero en sus facturas de electricidad! <br> <p> <b> Características: </b> <br> Material: PVC <br> Características: Portátil, duradero, fácil de instalar <br> Tamaño de la placa: 55 cm x 9.5 cm / 21.65 ""x 3.74"" (aprox.) <br> El paquete incluye: <br> 1 x placa de kit de ventana (2 piezas) <br>","💦 Producto de tercera generación: TOPOWN Placa de Kit de Ventana se ha mejorado al combinar las recomendaciones de los clientes de las dos primeras generaciones de productos. Este nuevo kit de deslizador de ventana de aire acondicionado portátil es un buen sellado, que garantiza que el aire frío no se escape y que el aire caliente no ingrese a la casa. Mantenga su habitación fresca por más tiempo. 💦 Atención especial: las placas de Kit de Ventana deben usarse con el adaptador de ventana y no pueden usarse por separado. Necesita comprar ""Placa de Kit de Ventana 110cm"" y ""Adaptador de ventana de 15 cm"" al mismo tiempo. Le invitamos a hacer preguntas sobre nuestros productos; responderemos a toda su información en un plazo de 24 horas. 💦 Material duradero: nuestra kit de Ventana Ajustable está hecha de PVC de buena calidad. Es resistente y duradero, que puede soportar altas temperaturas de 60. 💦 Universal: nuestros kits de placas para ventanas son ajustables. Se puede estirar libremente y su longitud se puede ajustar de acuerdo con la altura de la puerta y la ventana. Es adecuado para todos los aires acondicionados portátiles y tubos de escape con una salida de aire de 15 cm de diámetro. 💦 Garantía de 2 años: nuestro kit de placa de ventana ajustable tiene 2 años de garantía. Si nuestro kit de ventana de aire acondicionado tiene un problema de calidad, le ofrecemos el nuevo producto o respondemos su problema hasta que esté satisfecho. Esperamos que disfrute de una agradable experiencia de compra en TOPOWN.",TOPOWN,
B07TYG4M2B,es,"LG 28TL510S-WZ - Monitor Smart TV de 70cm (28"") con pantalla LED HD (1366x768, 16:9, DVB-T2/C/S2, WiFi, Miracast, USB grabador, 10 W, 2xHDMI 1.4, 1xUSB 2.0, Óptica) Color Blanco",,"Disfruta de un Smart TV y monitor HD a la vez Amplio ángulo de visión Smart TV webOS, el más fácil, más rápido y más seguro Smart Share Sonido Virtual Surround de 10 W (2 x 5W)",LG,Blanco
B07V1XCNVT,es,"LG 28TL510S-PZ - Monitor Smart TV de 70cm (28"") con Pantalla LED HD (1366x768, 16:9, DVB-T2/C/S2, WiFi, Miracast, USB Grabador, 10 W, 2xHDMI 1.4, 1xUSB 2.0, Óptica) Color Negro",,"Disfruta de un Smart TV y monitor HD a la vez Amplio ángulo de visión Smart TV webOS, el más fácil, más rápido y más seguro Smart Share Sonido Virtual Surround de 10 W (2 x 5W)",LG,Negro
B07V8GBRPW,es,"Fintie Funda Compatible con iPad 9.7 (2018/2017), iPad Air 2, iPad Air - Trasera Transparente Carcasa Ligera con Función de Soporte y Auto-Reposo/Activación, Mármol Rosa","<b><p>¡Fintie, un producto de calidad a su alcance! </b> <b><p>Materiales: </b> <p>Frente interior está hecha de microfibra de cuero sintético de alta calidad, suave y sin arañazos; <p>Cubierta posterior translúcida es para protección duradera y ligera. </p><br> <b><p>Compatibilidad: </b> <p>Esta funda está diseñada solo compatible con<b> iPad 9,7 2018 iPad 6.ª Generación (A1893/A1954) / iPad 9,7 2017 5.ª Generación (A1822/A1823) <p>iPad Air 2 (A1566/A1567), iPad Air (A1474/A1475/A1476)</b>; <p>No será compatible con iPad Pro 9.7 pulgadas, 2016 Tablet u otras tablets iPad. </p><br> <b><p>Contenido del producto: </b> <p>1x Fintie SlimShell Funda </p><br><b><p>NOTA: Los colores que se muestran en las imágenes pueden diferir ligeramente del producto real debido a la configuración de iluminación y color. <p> Disponible en una variedad de colores brillantes y divertidos. </b>","Específicamente diseñado compatible con iPad 9,7 pulgadas 2018 (A1893/A1954) / 2017 (A1822/A1823) / iPad Air 2 2014 (A1566/A1567), iPad Air 2013 (A1474/A1475/A1476). Delgado, ligero, duradero cuero sintético y suave frente interior de microfibra sin arañazos. Y la cubierta posterior translúcida, especialmente tratada con acabado mate, mostrará con orgullo el icono. Ábrela para activar y ciérrala para ponerlo en reposo para maximizar la duración de la batería. La funda contiene capacidad de volteo para transformar la funda en un soporte de para ver y teclado con facilidad. Disponible en una variedad de colores brillantes y divertidos.",Fintie,Z-Mármol Rosa
B07WFHGLXP,es,"HOGAR24 ES Somier Lama Ancha Reforzada + 4 Patas Cilíndricas de 26cm, 135x190 cm",,Sólida estructura de acero con perfil especial 40 x 30 mm. Láminas de chopo con acabado anti-humedad. Soporte anti-ruido gracias a los tacos de alta resistencia. Incluyen juego de 4 patas cilíndricas de 26cm.,HOGAR24 ES,Metal
B07WGHD2Z7,es,"Fossenfeliz Sombrero de Bruja con Araña Hombres y Mujeres Interesante - Disfraces de Halloween Mostrar Rendimiento - Accesorios para Fiestas de Musica, Mascarada, Cosplay Party Show",,,Fossenfeliz,Púrpura
B07WLWYNF3,es,"Amazon Brand - Umi Estanteria Ducha Adhesivo Estante Baño sin Taladro Cesta Pared Estanteria Baño Estante Ducha Estanterias Aluminio Organizador, A4028BDF",Umi. es una marca de Amazon con licencia para fabricantes de terceros. Consulta el embalaje del producto para los fabricantes. <b> ESPECIFICACIONES </b> <br/> <b> -Material del carrito de ducha: </b> Aluminio <br/> <b> -Material de tornillo: </b> Acero inoxidable SUS 304 <br/> <b > -Instalación: </b> atornillada o sin taladro (base autoadhesiva) <br/> <b> -Acabado: </b> anodizado <br/> <b> -Dimensiones: </b> 35.5 * 30 * 7CM <br/> <br/> <b> El paquete incluye </b> <br/> 1 x estante para baño <br/> 1 x paquete de herrajes <br/> 4 x base autoadhesiva <br /> 1 x Instrucción <br/> <br/>,"2 Métodos de Instalación: Por un lado, montar la repisa del baño sin taladrar con el pegamento fuerte y autoadhesivo, de forma rápida y sencilla, sin taladrar, sin dañar la pared. El OTRO es instalar los tornillos y tacos de pared en el paquete de hardware. Aluminio Anodizado: El estante de ducha para colgar está hecho de aluminio duradero e inoxidable (sin plástico). La estructura de metal hace que este estante de ducha sea sólido y duradero. El estante colgante también es adecuado para ambientes húmedos como ducha, baño y cocina, etc. Ahorro de Espacio: Cada estante: 315 x 142 x 48 mm. Distancia entre estantes: 201 mm. Altura total: 370 mm. El diseño para colgar en la pared facilita el almacenamiento de artículos y ahorra espacio. Estructura Sólida: Carga máxima: 5 KG (11 libras). El estante de baño con gancho para toallas es adecuado para el baño o la cocina. Puede contener champú, gel de ducha, acondicionador, toalla o especias de cocina, etc. El Paquete Incluye: 2 x estantes de ducha sin taladrar, 2 x varillas de metal con ganchos (para fijación), 1 x paquete de hardware (para montaje con tornillos), 4 x base adhesiva, 1 x manual de instalación. Instalación fácil y rápida.",Umi,
B07WT1ZWG3,es,Gricol Estante para Esquinas de Ducha Sin Taladrar de Aluminio Aeronáutico Estanteria para Ducha Antioxidante Autoadhesivo con Ganchos para Artículos de Baño 2 Piezas (Negro),,"【Material de alta calidad】 Estante hecho de aluminio 6063 Space de alta calidad con un acabado mate, resistente al agua y al óxido, que garantiza resistencia y longevidad. 【Instalación sin perforar】 Instale fácilmente el estante en la pared con la pegatina, sin dañar la pared. (También suministramos el paquete de hardware para perforar) 【Ahorro de espacio 】 El espacio de almacenamiento puede contener champú, gel de ducha, jabón y otros artículos de tocador, puede contener hasta 10 kg, los orificios de drenaje mantienen la bandeja seca y fácil de limpiar. 【Amplia aplicación】 El estante de ducha se puede instalar en baños, inodoros, cocinas, inodoros, etc. 【Fácil de quitar】 Si necesita cambiar la ubicación de instalación, simplemente use un secador de pelo para soplar la pegatina durante aproximadamente 30 segundos, puede quitarla fácilmente y reemplazarla en otra ubicación.",GRICOL,Negro
B07WV31K2S,es,GRICOL Estante de Ducha Sin Taladrar en Aluminio Aeronautico Rectangular Estanteria Baño Autoadhesivas Antioxidantes con Jabonera Organizador de Esponja para Baño Cocina (Negro),,"Sin Perforación y Sin Daños: Instale fácilmente el estante en la pared con la pegatina, sin dañar la pared. (También proporcionamos el paquete de hardware para perforar si desea instalar en paredes irregulares). Excelente Material y Diseño Moderno: Hecho de aluminio espacial 6063 con un acabado mate con una apariencia moderna, impermeable y a prueba de herrumbre. Ahorro de Espacio: Almacenamiento tiene una longitud de 330 mm que ofrece un gran espacio de almacenamiento que puede contener fácilmente champú, gel de ducha, jabón y otros artículos de tocador. Puede soportar hasta 10 kg. Fácil de quitar: Si necesita cambiar la ubicación de instalación, solo use un secador de pelo para soplar la pegatina durante aproximadamente 30 segundos, puede quitarla fácilmente y reemplazarla en otra ubicación. Jabonera Separada: Jabonera y esponja para uso separado, ideal para baño, inodoro, cabina, cocina donde se necesita.",GRICOL,Negro
B07WV3V2GV,es,"TV LED 28"" INFINITON HD Ready - HDMI, 500Hz, Modo Hotel","""TV LED de 28” 300 HZ Resolución HD Ready (1366 x 768) Direct LED Reproductor Multimedia USB Modo Hotel USB Clonador DVBS2 DVBT2 Grabador PRV USB Brillo: 200 cd/m3, contraste 3000:1 Tiempo de refresco 8,5ms Clasificación energética A Altavoces 2 x 5W Conexión HDMI x 3 Salida altavoces Ángulo de visión 178/178º Sistema de vídeo PAL / SECAM Pie / peana incluido Medidas 41,4 x 63,7 x 20,1 cm ""","TV 28 Pulgadas - Direct LED - Resolución HD Ready (1366 x 768) 1 x USB 2.0 (Player + Recorder) - 1 x HDMI 1.4 - HD DVB-t/Cable (mpeg4) -DVB-S2 -DVB-T2 Brillo: 200 cd/m3, contraste 3000:1 Tiempo de refresco 8,5ms Medidas 41,4 x 63,7 x 20,1 cm",INFINITON ELECTRONIC,
B07XD9D2HB,es,New Largo Capa con Capucha Terciopelo Disfraz de Halloween para Mujeres Hombres Halloween Fiesta Disfraces,"<p>♡ ^ _ ^ ♡ Hola, amigos, ¡bienvenidos a la tienda MUJER FELIZ! ¡Haremos todo lo posible para tener una experiencia de compra satisfactoria! ❤️❤️❤️</p><p>✿Carta del tamaño</p><p>Tamaño: S EE. UU .: 4 Reino Unido: 8 UE: 34 Busto: 90cm / 35.43 '' Cintura: 80cm / 31.50 '' Manga: 63cm / 24.80 '' Longitud: 52cm / 20.47 ''</p><p>Tamaño: M EE. UU .: 6 Reino Unido: 10 UE: 36 Busto: 95cm / 37.40 '' Cintura: 85cm / 33.46 '' Manga: 64cm / 25.20 '' Longitud: 53cm / 20.87 ''</p><p>Tamaño: L EE. UU .: 8 Reino Unido: 12 UE: 38 Busto: 100cm / 39.37 '' Cintura: 90cm / 35.43 '' Manga: 65cm / 25.59 '' Longitud: 54cm / 21.26 ''</p><p>Tamaño: XL EE. UU .: 10 Reino Unido: 14 UE: 40 Busto: 105cm / 41.34 '' Cintura: 95cm / 37.40 '' Manga: 66cm / 25.98 '' Longitud: 55cm / 21.65 ''</p><p>Tamaño: XXL EE. UU .: 12 Reino Unido: 16 UE: 42 Busto: 110cm / 43.31 '' Cintura: 100cm / 39.37 '' Manga: 67cm / 26.38 '' Longitud: 56cm / 22.05 ''</p><p>Tamaño: XXXL EE. UU .: 14 Reino Unido: 18 UE: 44 Busto: 115cm / 45.28 '' Cintura: 105cm / 41.34 '' Manga: 68cm / 26.77 '' Longitud: 57cm / 22.44 ''</p><p>Tamaño: XXXXL EE. UU .: 16 Reino Unido: 20 UE: 46 Busto: 120cm / 47.24 '' Cintura: 110cm / 43.31 '' Manga: 69cm / 27.17 '' Longitud: 58cm / 22.83 ''</p><p>Tamaño: XXXXXL EE. UU .: 18 Reino Unido: 22 UE: 48 Busto: 125cm / 49.21 '' Cintura: 115cm / 45.28 '' Manga: 70cm / 27.56 '' Longitud: 59cm / 23.23 ''</p><p>✿El paquete incluye: 1 pc vestido de mujer</p><p></p><p>✿Por favor, no lo dudes, estoy seguro de que te encantará. (◕ᴗ ◕✿)</p><p>✿Finalmente, gracias por venir. = ^ _ ^ = ❤️❤️❤️</p><p> </p><p> </p><p> </p><p> </p><p> </p><p> </p><p> </p><p> </p>","Mujer Vestido Corto Elegante Sexy Cuello V Raya Talla Grande Top Puro con Manga Dama de Honor para Boda Noche Fiesta y Boda Navidad S-19XL Sudadera con Capucha Suéter Hoodies Pullover Outwear Encapuchado Tops De Manga Larga para Otoño e Invierno para Mujer, Largo, Suelto y Esponjoso, Vestidos Invierno Mujer, Tallas Grandes 2033 El Otoño Y El Invierno De Color Sólido De Las Nuevas Mujeres De Manga Larga De Cuello Redondo Casual con Volantes Corto Vestido De Fiesta Vestido Vestido de Manga Larga Encaje Jersey Ajustado Unicolor otoño Invierno para Mujer y Chica Mini Vestido Ropa de Mujer Sexy Hoja de Loto Ocio Vestido de Noche de Manga Larga Color sólido Mujeres Volantes de Verano Floral Dot Imprimir V Cuello Sexy Mini Vestido Corto Vestido Vestidos Cóctel Bohemios Manga Larga Floral Otoño Fiesta Maxi Vestido Mujer Vestidos Mujer Navidad Vestido de Punto Jersey de Punto Suéter para OtoñO Invierno Vestidos Cuello Redondo Manga Larga Pull-Over Vestidos Mujer Vestido de Estilo Deportivo con Estampado Liquidación Venta Mujer Sudadera con Capucha Suelta Tallas Grandes Jersey de Mujer Jersey otoño Invierno Manga Larga Remata Abrigo cálido Vestido de Otoño Invierno Mujeres Casual Vestido de Sudadera con Cuello Redondo y Manga Larga de Invierno de Manga Corta para Mujer Jersey Chaqueta Jerséis Lana Pullover Negro Invierno para Mujer, Suéter Cálido Tallas Grandes Manga Largas Suelto Rebajas Otoño Señora Camisetas Tops Blusas Elegantes Vestido Navidad Mujer Vestido de Punto con Escote Barco Mujer Vestido de Noche Falda Elegante para Fiesta Vestido de Moda Size S-XXL Mujer Vestido de Punto con Botón Suéter Cuello Redondo Jerséis Casual para Mujer Size S-L",MUJER FELIZ,Gris
B07XM84G9L,es,"Nuevo Vestido Medieval para Mujer Adulto gótico de Renacimiento, Disfraz de Cosplay, Victoriano, Cordones de Reina, Tubo, Vestido de Fiesta de Princesa Larga, Halloween","^^ _ ^ Hola, amigos, recepción a la tienda MUJER FELIZ! Haremos nuestro mejor esfuerzo para tener una experiencia de compra satisfactoria! Tabla de tamaños: Tamaño: S US UU. : 4 UK: 8 UE: 34 Busto: 86 - 92 cm / 33.86 - 36.22 pulgadas; De la cintura: 70 cm / 27,56 pulgadas; Hombro: 40 cm / 15,75 pulgadas; Manga: 51 cm / 20.08 pulgadas; Longitud: 138 cm / 54.33 pulgadas. Tamaño: M US UU. : 6 UK: 10 EU: 36 Busto: 92 - 98 cm / 36.22 - 38.58 pulgadas. De la cintura: 76 cm / 29,92 pulgadas. Hombro: 41 cm / 16,14 pulgadas. Manga: 52 cm / 20,47 pulgadas. Longitud: 139 cm / 54,72 pulgadas. Tamaño: L US UU. : 8 UK: 12 EU: 38 Busto: 98-104 cm / 38.58-40.94 pulgadas; De la cintura: 82 cm / 32,28 pulgadas; Hombro: 42 cm / 16,54 pulgadas; Manga: 53 cm / 20,87 pulgadas; Longitud: 140 cm / 55.12 pulgadas; Tamaño: XL US UU. : 10 UK: 14 EU: 40 Busto 104 - 110 cms / 40.94 - 43.31 pulgadas; De la cintura: 88 cm / 34,65 pulgadas; Hombro: 43 cm / 16,93 pulgadas; Manga: 54 cm / 21,26 pulgadas; Longitud: 141 cm / 55,51 pulgadas. Tamaño: XXL US UU. : 12 UK: 16 EU: 42 Busto: 110 - 116 cm / 43,31 - 45,67 pulgadas; De la cintura: 94 cm / 37.01 pulgadas; Hombro: 44 cm / 17,32 pulgadas; Manga: 55 cm / 21,65 pulgadas; Longitud: 142 cm / 55,91 pulgadas. El paquete incluye: 1PC mujeres se visten. Por favor, no dude, estoy seguro de que les encantará. (Por último, gracias por venir. = ^ _ ^ =",vestidos mujer casual verano vestido playa mujer vestido blanco mujer vestido largo negro vestido negro largo vestido largo negro vestido negro mujer vestido negro manga larga vestido marron vestido amarillo mujer vestido marron mujer vestido mujer vestido rosa mujer vestido asimetrico mujer fiesta vestido largo fiesta mujer vestido blanco largo mujer vestido lentejuelas mujer vestidos de boda mujer largos vestido rojo mujer vestido rosa mujer vestidos vestido rosa mujer vestido amarillo mujer vestidos vestidos verano mujer vestidos mujer vestidos de fiesta mujer vestidos playa vestidos ibicencos mujer blanco vestidos largos vestido niña vestidos largos verano mujer vestidos de fiesta vestidos mujer vestidos bohemios vestidos bohemios vestidos bohemios mujer vestidos bohemios mujer talla grande vestidos mujer verano vestidos bohemios cortos vestidos mujer casual vestidos mujer verano 2035 vestidos bohemios mujer verano vestidos mujer fiesta vestidos bohemios de playa vestidos bohemios fiesta vestidos mujer mango vestidos bohemios blancos vestidos mujer talla grande vestidos bohemios largos estampados vestido mujer vestido largo vestido playa vestido verano vestido niña vestido blanco vestido vestido fiesta vestido midi vestido playa mujer,MUJER FELIZ,Vino
B07XT5ZSJD,es,"BMAX Y13 2 en 1 Ordenador portátil, táctil Convertible Notebook de 13.3” FHD 1080P Pantalla (Celeron Quad Core N4120, 8GB RAM, 256GB SSD, Windows 10)","<p>Especificaciones BMAX Y13:</p><p></p><p>Procesador Intel N4120 (hasta 2.6 GHz, 4 Core 4 Threads)</p><p></p><p>Memoria RAM 8GB LPDDR4</p><p></p><p>Almacenamiento 256GB M.2 SATA 2280 SSD</p><p></p><p>Unidad óptica: No</p><p></p><p>Display 13.3"" FHD (1920x1080) LCD Glossy 10-point Multi-touch</p><p></p><p>Intel 9th Gen UHD Graphics 600</p><p></p><p>Cámara de portátil 720p</p><p></p><p>Conectividad:</p><p></p><p>Wifi: 802.11a/b/g/n/ac, Band: 2.4GHz/5.8GHz; Bluetooth 5.0</p><p></p><p>Micrófono: Built-in MIC</p><p></p><p>Batería Integrada :38Wh</p><p></p><p>Conexiones:</p><p></p><p>TF (Micro SD) Card Reader x 1</p><p>Type-C (Data transmission) x 1</p><p>Type-C (full features) x 1</p><p></p><p>Jack:</p><p>3.5-mm Stereo Headset Jack x 1</p><p>DC 12V/2A x 1</p><p></p><p>Sistema operativo: Windows 10 Home 64 bits</p><p></p><p>Dimensiones: 307.5mm(L)×208mm(W)×14.7mm(H)</p><p></p><p>Peso: 1.25 kg</p><p></p><p>Color: Space Grey</p><p></p><p>What's in the Box:</p><p></p><p>BMAX Y13 (2 in 1 laptop) x 1</p><p></p><p>24W DC Power Adapter x 1, with Replaceable Plug x 3 (Including: US Standard Plug x 1, UK Standard Plug x 1, EU Standard Plug x 1)</p><p></p><p>User Guide x 1</p><p></p><p>Safety Document x 1</p><p></p><p>Nota informativa: El teclado es un diseño de teclado americano QWERTY</p><p></p><p>La entrada de símbolos especiales es la siguiente:</p><p></p><p>ñ: Presione esta tecla :;</p><p></p><p>Ñ: Presione Caps Lock, luego presione esta tecla :;</p><p></p><p>à, è, ì, ò, ù: Presione esta tecla {[ luego letra</p><p></p><p>À, È, Ì, Ò, Ù: Presione Caps Lock, luego presione esta tecla {[ luego letra</p><p></p><p>á, é, í, ó, ú: Presione esta tecla ""' luego letra</p><p></p><p>Á, É, Í, Ó, Ú: Presione Caps Lock, luego presione esta tecla ""' luego letra</p><p></p><p>¿: Presione esta tecla Shift y +=</p><p></p><p>¡: Presione esta tecla +=</p><p></p><p>Si tiene alguna pregunta, envíe un correo electrónico a: eushengda@nuxpc.com</p><p>Te responderemos lo antes posible.</p>","&#9989 Diseño Elegante - el aspecto por fuera es muy bueno, muy delgado y ligero, solo peso de 1.25kg , cuerpo delgado de 15MM. Se puede llevar bien en una mochila o maletín. &#9989 Inicio y Transferencia de Archivos Rápidos - Viene con 256 GB, 8 GB de RAM LPDDR4. Ejecute aplicaciones y transfiera archivos más rápido. ¡El proceso de arranque solo lleva unos segundos! &#9989 Sirve de portátil y tablet - Se puede plegar 360 grados y usar como tablet. Para lo que SI sirve: escribir un texto mientras viajas - ver tus correos - actualizar tu facebook - leer las noticias en modo tablet, escuchar música y ver películas CON AURICULARES!!! &#9989 Wifi AC de 2,4 y 5GHz: La conexión a internet estable y rápida, así como a la hora de navegar por internet o reproducir vídeos de calidad alta. &#9989 Pantalla Full HD Maravillosa - El color de la pantalla de 1080p es más llamativo, la imagen es delicada y vívida, por lo que no puedes soportar apartar la vista del mundo de Full HD.",Bmax,13.3 inch
B07XVL338B,es,"Televisor Led 32 Pulgadas HD, TD Systems K32DLX9H. Resolución 1366 x 768, 3X HDMI, VGA, USB Reproductor y Grabador.","El televisor TD Systems K32DLX9H ofrece una calidad demostrada a un precio imbatible. Un exclusivo diseño y un tamaño de pantalla de 32"" para llenar tu salón de diversión y fantasía en HD. Con tecnología LED de alta calidad y diseño ultra fino, podrás reproducir y compartir películas o imágenes con todo tipo de dispositivos gracias a su variedad de conectores. Televisores Led 32 Pulgadas. Resolución 1366 x 768 píxeles (HD), eficiencia energética A+, sonido Dolby Digital Plus. Conexiones: 3x HDMI, 1x USB, 1x VGA, salida de audio digital, puerto de interfaz común CI, salida de auriculares, entrada de componentes. Sintonizador digital DVB-T/T2/C, apto para todos los países de la Unión Europea. Sintonizador de segunda generación. Función PVR, grabador y reproductor multimedia USB.","Televisores Led 32 Pulgadas. Resolución 1366 x 768 píxeles (HD), eficiencia energética A+, sonido Dolby Digital Plus. Conexiones: 3x HDMI, 1x USB, 1x VGA, salida de audio digital, puerto de interfaz común CI, salida de auriculares, entrada de vídeo compuesto. Sintonizador digital DVB-T/T2/C, apto para todos los países de la Unión Europea. Sintonizador de segunda generación. Función PVR, grabador y reproductor multimedia USB. Accesorios: mando a distancia con pilas incluídas. Textos en pantalla (OSD) en español, inglés, francés, alemán, italiano, y portugués. Manual de usuario en español, e inglés.",TD Systems,Negro
B07Y9ZPK8F,es,Yammy Potito Ecológico De Lentejas Con Quinoa A Partir De 4 Meses 195 g Pack de 12,,"Potito 100% ecológico con superalimentos para bebés. Elaborado artesanalemente sin procesos industriales. Con texturas caseras. Envasado al baño maría sin conservantes artificiales Con alto contenido en vitaminas y nutrientes Sin gluten, almidón, colorantes artificiales, ni aceite de palma, huevo, leche, azúcares añadidos ni sal. Muy rico en Vitamina A beneficiosos para el desarrollo del cerebro del bebé. Utilizamos lentejas sin piel para que no produce gases en los bebés",Yammy,
B07YCNBYL2,es,"Televisor Led 24 Pulgadas HD, TD Systems K24DLX9H. Resolución 1366 x 768, HDMI, VGA, USB Reproductor y Grabador.","El televisor TD Systems K24DLX9H ofrece una calidad demostrada a un precio imbatible. Un exclusivo diseño y un tamaño de pantalla de 24"" para llenar tu salón de diversión y fantasía en HD. Con tecnología LED de alta calidad, podrás reproducir y compartir películas o imágenes con todo tipo de dispositivos gracias a su variedad de conectores. Televisores Led 24 Pulgadas. Resolución 1366 x 768 píxeles (HD), eficiencia energética A, sonido Dolby Digital Plus. Conexiones: 1x HDMI, 1x USB, 1x VGA, salida de audio digital, puerto de interfaz común CI+, salida de auriculares, entrada de vídeo compuesto. Sintonizador digital DVB-T/T2/C, apto para todos los países de la Unión Europea. Sintonizador de segunda generación. Función PVR, grabador y reproductor multimedia USB. Accesorios: mando a distancia con pilas incluídas. Textos en pantalla (OSD) en español, inglés, francés, alemán, italiano, y portugués. Manual de usuario en español, e inglés.","Televisores Led 24 Pulgadas. Resolución 1366 x 768 píxeles (HD), eficiencia energética A, sonido Dolby Digital Plus. Conexiones: 1x HDMI, 1x USB, 1x VGA, salida de audio digital, puerto de interfaz común CI+, salida de auriculares, entrada de vídeo compuesto. Sintonizador digital DVB-T/T2/C, apto para todos los países de la Unión Europea. Sintonizador de segunda generación. Función PVR, grabador y reproductor multimedia USB. Accesorios: mando a distancia con pilas incluídas. Textos en pantalla (OSD) en español, inglés, francés, alemán, italiano, y portugués. Manual de usuario en español, e inglés.",TD Systems,Negro
B07Z8N7Z3K,es,"TwoCC - Capa de Disfraz de Halloween para Cosplay, Disfraz de Calavera, murciélago, Calabaza, Capa, toldo, Sombrero de Bruja, B, Talla única","Halloween Cosplay Props Capa Sombrero de bruja de Halloween <br><br>Descripción: <br><br>Materiales 100% ecológicos, respetuosos con el medio ambiente, inofensivo para el cuerpo humano. <br><br>Perfecto para Halloween, fiestas, máscaras, disfraces de escena. <br><br>Diseño de moda: accesorios de juego de rol, muy bonitos, como una bruja clásica o mago, diseño de estrella de cielo estrellado para niños, niños, niñas, jóvenes. <br><br>El juego de disfraz de bruja es adecuado para fiestas de disfraces de Halloween, fiestas de Navidad, juegos de rol, vampiros, actuaciones de escenario, regalía, fotografía, accesorios de ropa y mucho más. ¡El vestido perfecto! <br><br>También se puede utilizar como regalo de Navidad o Halloween. <br><br>Instrucciones de lavado: <br><br>Lavar con agua a temperatura normal. <br><br>No lavar con agua caliente. <br><br>Lavar a mano y luego secar. <br><br>Lavar por separado para evitar manchas. <br><br>No usar lejía. <br><br>Especificaciones: <br><br>Nombre del producto: sombrero de bruja con impresión digital para Halloween. <br><br>Peso del producto: alrededor de 120 g una pieza, aproximadamente 127 g por juego. <br><br>Material utilizado: tela de punto de impresión digital de 32 pines. <br><br>Tamaño del producto: incluyendo longitud del collar de aproximadamente 82 cm, ancho de unos 100 cm. <br><br>Color del producto: como se muestra en la imagen. <br><br>El paquete incluye: 1 capa de Halloween, 1 sombrero de bruja.","♥♥ Decoración para Halloween, calavera, alocador de puerta, diseño de calabaza espeluznante para Halloween, guirnaldas de tela espeluznante negra, araña gigante, unida, esqueleto, ambiente unido, máscara de hombre lobo, tela espeluznante para decoración de Halloween, puertas de entrada, ventanas, cubierta de gasa encantada, decoración de casa, fiesta, lápidas, decoración de poliestireno P Witches Bats Spider Skull Swirl Tarjetas para colgar con temática de miedo, decoración de tech ♥♥ ♥ Decoración de Halloween, para fiestas de día de fiesta, baño, accesorios de baño, accesorios de ropa de cama para niños, colecciones de ropa de cama, alfombras, cojines, mantas eléctricas, colchones, colchones, colchones, colchones de cocina, guarderías, ventanas, álbumes de fotos, marcos de fotos, tapices, tapices, relojes de bebé, cestas, libros, cortinas enmarcadas para iluminar móviles, decoraciones, etc. Ins. ♥♥ ♥ Flores artificiales flores frutas mixtas arreglos florales flores arbustos plantas arbustos árboles vegetales eucalipto guirnalda de seda artificial 1 hebra vides de seda hecha a mano hojas de boda telón de fondo arco, decoración de pared, ramo de flores artificiales lindas margaritas para el jardín de flores tropicales simulación safari para fiesta hawaiana luau fiesta playa tema decoración de hojas de hojas de hojas de hojas de hojas de hojas de hojas de hojas de hojas de deco ♥♥ Ducha universal de baño de mano modo de mano función autoadhesivo ganchos Pack de acero inoxidable gancho de pared para cocina, cuarto de baño, oficina, armario, impermeable, sin necesidad de taladro, cortina de baño, molde de de cortina y resistente al moho, diseño de espiga a prueba de arena, portátil, extra grande, diseño de rayas, toalla de viaje de microfibra en colores pequeña bolsa ligera y ultra absorbente, juego de escobilla de plástico con barra telescópica moderna ♥♥ Mezcla personal activa de 300 W bolsas de plástico al vacío Pack de botellas de vapor con hierro vertical 3d eficiente bolsas de polvo para tabla de planchar de ajuste inteligente clásico que se adapta a tablas de planchar de hasta vertical, impresiones de hervidor de agua acolchado protector de colchón de microfibra sábana bajera sábana bajera extra profunda de la mejor calidad ropa de cama, mantas de forro polar, tamaño grande, super suave, mullida, cálida, manta de microfibra s",TwoCC,B
B07ZVJQNRK,es,"Eridanus Estante de Toallas, Toallero Doble de Acero Inoxidable SUS304 de Pared, Estantería de Almacenamiento para Baño con Barras y Ganchos(40cm)","♥ Completamente en metal: <BR>- Construido en acero inoxidable 304, para garantizar la belleza, la calidad y la longevidad. <br>♥ Óxido <br>- Diseño completo de acero inoxidable 304, resiste los arañazos diarios, la corrosión y la oxidación. <br>♥ Acabado mate: <br>- Acabado de acero inoxidable 304 pulido a mano para garantizar que cada detalle del aspecto moderno sea perfecto. <br><br>El mejor servicio posventa <br>Compra en Eridanus, ofrecemos una garantía de servicio de un año. <br>Si hay algún problema con su producto, le devolveremos un nuevo o le daremos un reembolso completo. <br>Puedes cocinarnos para cualquier pregunta. Haremos todo lo posible para darte una respuesta satisfactoria en 24 horas. <br>","【Diseño fantástico】: Cuenta con el diseño de doble capa. Viene con 4 ganchos extraíbles para ajustarse libremente la distancia entre cada gancho según su necesita. no solo se puede colocar en el baño, sino también en la cocina y otros lugares en el hogar. 【Mejor material】: Hecho de acero inoxidable SUS304 de alta calidad y resistente a la oxidación. Construido con barra con ganchos y sujetadores de alta calidad, lo suficientemente resistente para sostener los utensilios de baño mucho tiempo. Además, el diseño antideslizante para evitar que los artículos se salgan. 【Fácil de instalar】: Incluye todas las fijaciones fáciles de montar y tornillos, será adecuado fácilmente, adecuado para una variedad de superficies de pared: baño, cuarto de baño, cámara de lavado y ect.. 【Ahorre espacio】: Gracias a su diseño versátil y flexible, ideal para colocar herramientas de diferentes tamaños. Realmente ahorra mucho espacio para apartamentos, habitaciones pequeñas, baños, oficinas, etc.. 【Servicio de postventa perfecto】: Si el producto que recibió está dañado o le faltan piezas, contáctenos de inmediato y lo manejaremos dentro de las 24 horas.",Eridanus,Tipo 2
B07ZWPV8LV,es,Eritritol Ecológico Premium | 100 % Natural | 1 Kg Granulado | Edulcorante para Cocinar Gourmet | Sustituto del Azúcar Con Cero Calorías | Para Todas Las Dietas | Cuida Tus Dientes | Certificación Bio,,"❤️ MUY BENEFICIOSO PARA NUESTRA SALUD - Nuestro Eritritol 1kg ecológico es un perfecto sustituto del azúcar ya que no aporta calorías por lo que es perfecto para cualquier dieta vegana, paleo, keto, etc..No produce caries y no varía los niveles de glucosa en sangre. 🥧 EL MEJOR EDULCORANTE PARA COCINAR - El eritritol en polvo bio de calidad premium Aldous Bio tiene un aspecto similar al azúcar blanco granulado, tiene un sabor mejor que cualquier edulcorante liquido por lo que es perfecto para reposteria y, es mejor para el estómago que la stevia, la sacarina, y el xilitol azucar de abedul. 🌿 EL ERYTHRITOL ECOLÓGICO ALDOUS BIO se extrae de productos cultivados en el mejor entorno natural. Con agua de gran pureza y libre de residuos tóxicos procedentes de pesticidas, antibióticos, fertilizantes sintéticos, aditivos y conservantes. ♻️ PRODUCTO ÉTICO Y SOSTENIBLE - La filosofía Aldous Bio se sustenta sobre la idea de que para fabricar y comercializar nuestros productos no debemos esquilmar recursos naturales disponibles, ni hipotecar los recursos de las generaciones venideras. Para conseguir este propósito: Solo comercializamos productos ecológicos de calidad y apostamos por un formatos de mayor tamaño para disminuir los envíos y las emisiones de CO2. 🥰 CUIDA LA SALUD DE LOS TUYOS - El eritritol organico Aldous Bio es un producto idóneo para complementar cualquier tipo de dieta porque no contiene calorías, gelatina animal, gluten, leche, lactosa ni ingeniería genética. Todos nuestros productos son orgánicos, son respetuosos con el medioambiente, son producidos honestamente sin utilizar ingredientes de origen animal, y son económicamente sostenibles.",Aldous Bio,
B0811WMJM7,es,"Orgurmet - Lentejas verdes, 400 g (pack de 6)",,Cooking time: about 30/35 minutes Low in fat and sugar solo las mejores legumbres y cereales para una dieta sana y equilibrada,Orgurmet,
B0818K237B,es,"Kanlin1986 Vestido Largo De Navidad para Mujer, Vestido Talla Grande Elegante De Manga Larga con Escote En La Manga De Navidad, Vestido Largo De Noche De Fiesta De Noche De Playa","<p>Bienvenido KanLin1986. Si necesita otros estilos, consulte nuestra tienda haciendo clic en la marca KanLin1986 en el lado izquierdo del título del producto. </p><p>Tamaño: S EE. UU .: 4 Reino Unido: 8 UE: 34 Busto: 86cm / 33.86 '' Cintura: 70cm / 27.56 '' Manga: 57cm / 22.44 '' Longitud: 98cm / 38.58 ''</p><p>Tamaño: M EE. UU .: 6 Reino Unido: 10 UE: 36 Busto: 90cm / 35.43 '' Cintura: 74cm / 29.13 '' Manga: 58cm / 22.83 '' Longitud: 99cm / 38.98 ''</p><p>Tamaño: L EE. UU .: 8 Reino Unido: 12 UE: 38 Busto: 94cm / 37.01 '' Cintura: 78cm / 30.71 '' Manga: 59cm / 23.23 '' Longitud: 100cm / 39.37 ''</p><p>Tamaño: XL EE. UU .: 10 Reino Unido: 14 UE: 40 Busto: 98cm / 38.58 '' Cintura: 82cm / 32.28 '' Manga: 60cm / 23.62 '' Longitud: 101cm / 39.76 ''</p><p>Tamaño: 2XL EE. UU .: 12 Reino Unido: 16 UE: 42 Busto: 102cm / 40.16 '' Cintura: 86cm / 33.86 '' Manga: 61cm / 24.02 '' Longitud: 102cm / 40.16 ''</p><p>Tamaño: 3XL EE. UU .: 14 Reino Unido: 18 UE: 44 Busto: 106cm / 41.73 '' Cintura: 90cm / 35.43 '' Manga: 62cm / 24.41 '' Longitud: 103cm / 40.55 ''</p><p>Tamaño: 4XL EE. UU .: 16 Reino Unido: 20 UE: 46 Busto: 110cm / 43.31 '' Cintura: 94cm / 37.01 '' Manga: 63cm / 24.80 '' Longitud: 104cm / 40.94 ''</p><p>Tamaño: 5XL EE. UU .: 18 Reino Unido: 22 UE: 48 Busto: 114cm / 44.88 '' Cintura: 98cm / 38.58 '' Manga: 64cm / 25.20 '' Longitud: 105cm / 41.34 ''</p><p>★★Nota:</p><p>1. Por favor, considere cuidadosamente los detalles del tamaño antes de comprar. Si tiene preguntas sobre el tamaño, no dude en contactarnos. Prometemos trabajar arduamente para ayudarlo a resolver el problema</p><p>2. Debido a la medición manual, permita una diferencia de tamaño de 2-3 cm.</p><p>3. Dado que somos compradores chinos, el tiempo de transporte de los bienes es generalmente de 15 días a 25 días.</p><p>4. Si accidentalmente necesita este proyecto, puede contactarnos, Le proporcionaremos satisfacción de calidad</p>",🔥🔥Ropa Vestidos para niña Vestidos para mujer Vestidos Ropa de danza Mujer Hombre Niña Bebé Ropa especializada pa Vestidos para mujer Mono para mujer Camisetas y tops para mujer Vestidos para niña Camisetas sin mangas para mujer Faldas para mujer Sudaderas sin capucha para mujer Trajes de vestir para mujer Trajes de una pieza de natación para mujer Mujer 2020 vestidos de fiesta mujer largos cortos tallas grandes para bodas boda elegantes verano coctel en blanco con mangas color vino r 🔥🔥Vestidos de danza para mujer Vestidos para mujer Vestidos de tenis para mujer Ropa deportiva para mujer Mono para mujer Vestidos de tenis para niña Ropa premamá Trajes de vestir para mujer Ropa eróticRopa especializada Mujer 2019 vestidos mujer casual verano invierno tallas grandes primavera largos manga larga playa talla grande corta blanco largo fiesta xxl elegante punto negro rojo liso vestidos mujer casual verano invierno tallas grandes primavera largos manga larga playa 🔥🔥Mujer Vintage Vestido de Fiesta Cortos Estampado Trompeta Manga Fiesta de Noche Vestidos Tops Mujer Mini Vestido Moda Atractiva cuello cuadrado Sin Tirantes Guay Sin Mangas Vestido de Playa Impreso Chaleco Vestido de Verano Verano Elegante Mangas Corta Slim Fit Vestido para Mujer Party Dress Boho Mujer Verano sin mangas Beach Printed Mini vestido corto Mujer Casual Manga Larga Cuello Redondo Hals con Capucha Sudadera para Mujer Slim Fit Vestido Vestido 🔥🔥vestir los huesos trajes hombre completos juvenil baratos tallas grandes azul blanco calvin rojo negro zapatillas de dress dress blancas baratas munich under armour pantalones mujer elegantes rosas prime zapatos casual traje piel marrones outlet callaghan armario empotrado bebe muñecas pantalon monos imanes con cordones papel pegatinas fiesta largos de noche para bodas elegantes dolores promesas vestidos baratos desigual vestidos mujer talla vestidos play 🔥🔥mujer abrigo marron abrigo plumas abrigos de pelo mujer mujer rebajas abrigo color camel abrigo plumifero mujer acolchada mujer abrigo capa trench mujer abrigo parka abrigo verde mujer chaquetas y abrigos mujer abrigo paño ofertas abrigos mujer abrigo parka mujer parka mujer abrigos de vestir abrigo mujer chaqueta mujer parka marron mujer abrigo largo plumas mujer plumifero rojo mujer abrigos parka roja mujer abrigo borrego mujer abrigo,KanLin1986-Ropa,Negro
B0818SNL38,es,Kanlin1986 Vintage Manga 3/4 Swing Vestido para Mujer Manga Larga O-Cuello Mini Vestido,"<p><b>Bienvenido KanLin1986. Si necesita otros estilos, consulte nuestra tienda haciendo clic en la marca KanLin1986 en el lado izquierdo del título del producto. </b></p><p><b>Tamaño: S</b> UE: 34 Busto: 86cm Hombro: 37cm Manga: 56cm Cintura: 66cm Longitud: 103cm</p><p><b>Tamaño: M </b> UE: 36 Busto: 92cm Hombro: 38cm Manga: 57cm Cintura: 72cm Longitud: 104cm</p><p><b>Tamaño: L</b> UE: 38 Busto: 98cm Hombro: 39cm Manga: 58cm Cintura: 78cm Longitud: 105cm</p><p><b>Tamaño: XL</b> UE: 40 Busto: 104cm Hombro: 40cm Manga: 59cm Cintura: 84cm Longitud: 106cm</p><p><b>Tamaño: XXL</b> UE: 42 Busto: 110cm Hombro: 41cm Manga: 60cm Cintura: 90 cm Longitud: 107 cm</p><p><b>★★Nota:</b></p><p>1. Por favor, considere cuidadosamente los detalles del tamaño antes de comprar. Si tiene preguntas sobre el tamaño, no dude en contactarnos. Prometemos trabajar arduamente para ayudarlo a resolver el problema</p><p>2. Debido a la medición manual, permita una diferencia de tamaño de 2-3 cm.</p><p>3. Dado que somos compradores chinos, el tiempo de transporte de los bienes es generalmente de 15 días a 25 días.</p><p>4. Si accidentalmente necesita este proyecto, puede contactarnos, Le proporcionaremos satisfacción de calidad</p>",🔥🔥Ropa Vestidos para niña Vestidos para mujer Vestidos Ropa de danza Mujer Hombre Niña Bebé Ropa especializada pa Vestidos para mujer Mono para mujer Camisetas y tops para mujer Vestidos para niña Camisetas sin mangas para mujer Faldas para mujer Sudaderas sin capucha para mujer Trajes de vestir para mujer Trajes de una pieza de natación para mujer Mujer 2020 vestidos de fiesta mujer largos cortos tallas grandes para bodas boda elegantes verano coctel en blanco con mangas color vino r 🔥🔥Vestidos de danza para mujer Vestidos para mujer Vestidos de tenis para mujer Ropa deportiva para mujer Mono para mujer Vestidos de tenis para niña Ropa premamá Trajes de vestir para mujer Ropa eróticRopa especializada Mujer 2019 vestidos mujer casual verano invierno tallas grandes primavera largos manga larga playa talla grande corta blanco largo fiesta xxl elegante punto negro rojo liso vestidos mujer casual verano invierno tallas grandes primavera largos manga larga playa 🔥🔥Mujer Vintage Vestido de Fiesta Cortos Estampado Trompeta Manga Fiesta de Noche Vestidos Tops Mujer Mini Vestido Moda Atractiva cuello cuadrado Sin Tirantes Guay Sin Mangas Vestido de Playa Impreso Chaleco Vestido de Verano Verano Elegante Mangas Corta Slim Fit Vestido para Mujer Party Dress Boho Mujer Verano sin mangas Beach Printed Mini vestido corto Mujer Casual Manga Larga Cuello Redondo Hals con Capucha Sudadera para Mujer Slim Fit Vestido Vestido 🔥🔥vestir los huesos trajes hombre completos juvenil baratos tallas grandes azul blanco calvin rojo negro zapatillas de dress dress blancas baratas munich under armour pantalones mujer elegantes rosas prime zapatos casual traje piel marrones outlet callaghan armario empotrado bebe muñecas pantalon monos imanes con cordones papel pegatinas fiesta largos de noche para bodas elegantes dolores promesas vestidos baratos desigual vestidos mujer talla vestidos play 🔥🔥mujer abrigo marron abrigo plumas abrigos de pelo mujer mujer rebajas abrigo color camel abrigo plumifero mujer acolchada mujer abrigo capa trench mujer abrigo parka abrigo verde mujer chaquetas y abrigos mujer abrigo paño ofertas abrigos mujer abrigo parka mujer parka mujer abrigos de vestir abrigo mujer chaqueta mujer parka marron mujer abrigo largo plumas mujer plumifero rojo mujer abrigos parka roja mujer abrigo borrego mujer abrigo,KanLin1986-Ropa,Verde
B0818TKB98,es,Kanlin1986 Vestido De Navidad Largo Manga Larga Mujer Invierno Fiesta Tallas Grandes Vestido Papa Noel Elegantes Casual Redondo OtoñO Traje De Navidad Ropa Noche Rebajas Mujer,"<p><b>🔥🔥Bienvenido KanLin1986. Si necesita otros estilos, consulte nuestra tienda haciendo clic en la marca KanLin1986 en el lado izquierdo del título del producto🔥🔥</b></p><p><b>🔥🔥Tamaño: S</b> UE: 34 Busto: 86cm Hombro: 37cm Manga: 56cm Cintura: 66cm Longitud: 103cm</p><p><b>🔥🔥Tamaño: M </b> UE: 36 Busto: 92cm Hombro: 38cm Manga: 57cm Cintura: 72cm Longitud: 104cm</p><p><b>🔥🔥Tamaño: L</b> UE: 38 Busto: 98cm Hombro: 39cm Manga: 58cm Cintura: 78cm Longitud: 105cm</p><p><b>🔥🔥Tamaño: XL</b> UE: 40 Busto: 104cm Hombro: 40cm Manga: 59cm Cintura: 84cm Longitud: 106cm</p><p><b>🔥🔥Tamaño: XXL</b> UE: 42 Busto: 110cm Hombro: 41cm Manga: 60cm Cintura: 90 cm Longitud: 107 cm</p><p><b>🔥🔥★★Nota:</b></p><p>🔥🔥Por favor, considere cuidadosamente los detalles del tamaño antes de comprar. Si tiene preguntas sobre el tamaño, no dude en contactarnos. Prometemos trabajar arduamente para ayudarlo a resolver el problema</p><p>🔥🔥Debido a la medición manual, permita una diferencia de tamaño de 2-3 cm.</p><p>🔥🔥Dado que somos compradores chinos, el tiempo de transporte de los bienes es generalmente de 15 días a 25 días.</p><p>🔥🔥Si accidentalmente necesita este proyecto, puede contactarnos, Le proporcionaremos satisfacción de calidad</p>",🔥🔥Ropa Vestidos para niña Vestidos para mujer Vestidos Ropa de danza Mujer Hombre Niña Bebé Ropa especializada pa Vestidos para mujer Mono para mujer Camisetas y tops para mujer Vestidos para niña Camisetas sin mangas para mujer Faldas para mujer Sudaderas sin capucha para mujer Trajes de vestir para mujer Trajes de una pieza de natación para mujer Mujer 2020 vestidos de fiesta mujer largos cortos tallas grandes para bodas boda elegantes verano coctel en blanco con mangas color vino r 🔥🔥Vestidos de danza para mujer Vestidos para mujer Vestidos de tenis para mujer Ropa deportiva para mujer Mono para mujer Vestidos de tenis para niña Ropa premamá Trajes de vestir para mujer Ropa eróticRopa especializada Mujer 2019 vestidos mujer casual verano invierno tallas grandes primavera largos manga larga playa talla grande corta blanco largo fiesta xxl elegante punto negro rojo liso vestidos mujer casual verano invierno tallas grandes primavera largos manga larga playa 🔥🔥Mujer Vintage Vestido de Fiesta Cortos Estampado Trompeta Manga Fiesta de Noche Vestidos Tops Mujer Mini Vestido Moda Atractiva cuello cuadrado Sin Tirantes Guay Sin Mangas Vestido de Playa Impreso Chaleco Vestido de Verano Verano Elegante Mangas Corta Slim Fit Vestido para Mujer Party Dress Boho Mujer Verano sin mangas Beach Printed Mini vestido corto Mujer Casual Manga Larga Cuello Redondo Hals con Capucha Sudadera para Mujer Slim Fit Vestido Vestido 🔥🔥vestir los huesos trajes hombre completos juvenil baratos tallas grandes azul blanco calvin rojo negro zapatillas de dress dress blancas baratas munich under armour pantalones mujer elegantes rosas prime zapatos casual traje piel marrones outlet callaghan armario empotrado bebe muñecas pantalon monos imanes con cordones papel pegatinas fiesta largos de noche para bodas elegantes dolores promesas vestidos baratos desigual vestidos mujer talla vestidos play 🔥🔥mujer abrigo marron abrigo plumas abrigos de pelo mujer mujer rebajas abrigo color camel abrigo plumifero mujer acolchada mujer abrigo capa trench mujer abrigo parka abrigo verde mujer chaquetas y abrigos mujer abrigo paño ofertas abrigos mujer abrigo parka mujer parka mujer abrigos de vestir abrigo mujer chaqueta mujer parka marron mujer abrigo largo plumas mujer plumifero rojo mujer abrigos parka roja mujer abrigo borrego mujer abrigo,KanLin1986-Ropa,Azul
B0818VQ544,es,Kanlin1986 Vestidos Navidad Mujer De La Navidad De Manga Larga O Cuello De ImpresióN Vintage Vestido De Fiesta De La Noche Vestidos De Fiesta Christmas Dress Women,"<p><b>Bienvenido KanLin1986. Si necesita otros estilos, consulte nuestra tienda haciendo clic en la marca KanLin1986 en el lado izquierdo del título del producto. </b></p><p><b>Tamaño: S</b> UE: 34 Busto: 86cm Hombro: 37cm Manga: 56cm Cintura: 66cm Longitud: 103cm</p><p><b>Tamaño: M </b> UE: 36 Busto: 92cm Hombro: 38cm Manga: 57cm Cintura: 72cm Longitud: 104cm</p><p><b>Tamaño: L</b> UE: 38 Busto: 98cm Hombro: 39cm Manga: 58cm Cintura: 78cm Longitud: 105cm</p><p><b>Tamaño: XL</b> UE: 40 Busto: 104cm Hombro: 40cm Manga: 59cm Cintura: 84cm Longitud: 106cm</p><p><b>Tamaño: XXL</b> UE: 42 Busto: 110cm Hombro: 41cm Manga: 60cm Cintura: 90 cm Longitud: 107 cm</p><p><b>★★Nota:</b></p><p>1. Por favor, considere cuidadosamente los detalles del tamaño antes de comprar. Si tiene preguntas sobre el tamaño, no dude en contactarnos. Prometemos trabajar arduamente para ayudarlo a resolver el problema</p><p>2. Debido a la medición manual, permita una diferencia de tamaño de 2-3 cm.</p><p>3. Dado que somos compradores chinos, el tiempo de transporte de los bienes es generalmente de 15 días a 25 días.</p><p>4. Si accidentalmente necesita este proyecto, puede contactarnos, Le proporcionaremos satisfacción de calidad</p>",🔥🔥Ropa Vestidos para niña Vestidos para mujer Vestidos Ropa de danza Mujer Hombre Niña Bebé Ropa especializada pa Vestidos para mujer Mono para mujer Camisetas y tops para mujer Vestidos para niña Camisetas sin mangas para mujer Faldas para mujer Sudaderas sin capucha para mujer Trajes de vestir para mujer Trajes de una pieza de natación para mujer Mujer 2020 vestidos de fiesta mujer largos cortos tallas grandes para bodas boda elegantes verano coctel en blanco con mangas color vino r 🔥🔥Vestidos de danza para mujer Vestidos para mujer Vestidos de tenis para mujer Ropa deportiva para mujer Mono para mujer Vestidos de tenis para niña Ropa premamá Trajes de vestir para mujer Ropa eróticRopa especializada Mujer 2019 vestidos mujer casual verano invierno tallas grandes primavera largos manga larga playa talla grande corta blanco largo fiesta xxl elegante punto negro rojo liso vestidos mujer casual verano invierno tallas grandes primavera largos manga larga playa 🔥🔥Mujer Vintage Vestido de Fiesta Cortos Estampado Trompeta Manga Fiesta de Noche Vestidos Tops Mujer Mini Vestido Moda Atractiva cuello cuadrado Sin Tirantes Guay Sin Mangas Vestido de Playa Impreso Chaleco Vestido de Verano Verano Elegante Mangas Corta Slim Fit Vestido para Mujer Party Dress Boho Mujer Verano sin mangas Beach Printed Mini vestido corto Mujer Casual Manga Larga Cuello Redondo Hals con Capucha Sudadera para Mujer Slim Fit Vestido Vestido 🔥🔥vestir los huesos trajes hombre completos juvenil baratos tallas grandes azul blanco calvin rojo negro zapatillas de dress dress blancas baratas munich under armour pantalones mujer elegantes rosas prime zapatos casual traje piel marrones outlet callaghan armario empotrado bebe muñecas pantalon monos imanes con cordones papel pegatinas fiesta largos de noche para bodas elegantes dolores promesas vestidos baratos desigual vestidos mujer talla vestidos play 🔥🔥mujer abrigo marron abrigo plumas abrigos de pelo mujer mujer rebajas abrigo color camel abrigo plumifero mujer acolchada mujer abrigo capa trench mujer abrigo parka abrigo verde mujer chaquetas y abrigos mujer abrigo paño ofertas abrigos mujer abrigo parka mujer parka mujer abrigos de vestir abrigo mujer chaqueta mujer parka marron mujer abrigo largo plumas mujer plumifero rojo mujer abrigos parka roja mujer abrigo borrego mujer abrigo,KanLin1986-Ropa,Negro
B0818WGCXC,es,Kanlin1986 Mujer Retro Navidad Gato Nota Musical ImpresióN Sin Mangas Vestido Falda Vendimia Vestido De Bengala,"<p>🔥🔥Bienvenido KanLin1986. Si necesita otros estilos, consulte nuestra tienda haciendo clic en la marca KanLin1986 en el lado izquierdo del título del producto. 🔥🔥</p><p>🔥🔥Tamaño: S UE: 34 Busto: 86cm Hombro: 37cm Manga: 56cm Cintura: 66cm Longitud: 103cm</p><p>🔥🔥Tamaño: M UE: 36 Busto: 92cm Hombro: 38cm Manga: 57cm Cintura: 72cm Longitud: 104cm</p><p>🔥🔥Tamaño: L UE: 38 Busto: 98cm Hombro: 39cm Manga: 58cm Cintura: 78cm Longitud: 105cm</p><p>🔥🔥Tamaño: XL UE: 40 Busto: 104cm Hombro: 40cm Manga: 59cm Cintura: 84cm Longitud: 106cm</p><p>🔥🔥Tamaño: XXL UE: 42 Busto: 110cm Hombro: 41cm Manga: 60cm Cintura: 90 cm Longitud: 107 cm</p><p>🔥🔥 Tamaño: XXXL EU: 46 Busto: 115cm Hombro: 42cm Manga: 61cm Cintura: 95 cm Longitud: 108 cm</p><p>🔥🔥★★Nota:</p><p>🔥🔥Por favor, considere cuidadosamente los detalles del tamaño antes de comprar. Si tiene preguntas sobre el tamaño, no dude en contactarnos. Prometemos trabajar arduamente para ayudarlo a resolver el problema</p><p>🔥🔥 Debido a la medición manual, permita una diferencia de tamaño de 2-3 cm.</p><p>🔥🔥 Dado que somos compradores chinos, el tiempo de transporte de los bienes es generalmente de 15 días a 25 días.</p><p>🔥🔥Si accidentalmente necesita este proyecto, puede contactarnos, Le proporcionaremos satisfacción de calidad</p>",🔥🔥Ropa Vestidos para niña Vestidos para mujer Vestidos Ropa de danza Mujer Hombre Niña Bebé Ropa especializada pa Vestidos para mujer Mono para mujer Camisetas y tops para mujer Vestidos para niña Camisetas sin mangas para mujer Faldas para mujer Sudaderas sin capucha para mujer Trajes de vestir para mujer Trajes de una pieza de natación para mujer Mujer 2020 vestidos de fiesta mujer largos cortos tallas grandes para bodas boda elegantes verano coctel en blanco con mangas color vino r 🔥🔥Vestidos de danza para mujer Vestidos para mujer Vestidos de tenis para mujer Ropa deportiva para mujer Mono para mujer Vestidos de tenis para niña Ropa premamá Trajes de vestir para mujer Ropa eróticRopa especializada Mujer 2019 vestidos mujer casual verano invierno tallas grandes primavera largos manga larga playa talla grande corta blanco largo fiesta xxl elegante punto negro rojo liso vestidos mujer casual verano invierno tallas grandes primavera largos manga larga playa 🔥🔥Mujer Vintage Vestido de Fiesta Cortos Estampado Trompeta Manga Fiesta de Noche Vestidos Tops Mujer Mini Vestido Moda Atractiva cuello cuadrado Sin Tirantes Guay Sin Mangas Vestido de Playa Impreso Chaleco Vestido de Verano Verano Elegante Mangas Corta Slim Fit Vestido para Mujer Party Dress Boho Mujer Verano sin mangas Beach Printed Mini vestido corto Mujer Casual Manga Larga Cuello Redondo Hals con Capucha Sudadera para Mujer Slim Fit Vestido Vestido 🔥🔥vestir los huesos trajes hombre completos juvenil baratos tallas grandes azul blanco calvin rojo negro zapatillas de dress dress blancas baratas munich under armour pantalones mujer elegantes rosas prime zapatos casual traje piel marrones outlet callaghan armario empotrado bebe muñecas pantalon monos imanes con cordones papel pegatinas fiesta largos de noche para bodas elegantes dolores promesas vestidos baratos desigual vestidos mujer talla vestidos play 🔥🔥mujer abrigo marron abrigo plumas abrigos de pelo mujer mujer rebajas abrigo color camel abrigo plumifero mujer acolchada mujer abrigo capa trench mujer abrigo parka abrigo verde mujer chaquetas y abrigos mujer abrigo paño ofertas abrigos mujer abrigo parka mujer parka mujer abrigos de vestir abrigo mujer chaqueta mujer parka marron mujer abrigo largo plumas mujer plumifero rojo mujer abrigos parka roja mujer abrigo borrego mujer abrigo,KanLin1986-Ropa,Rojo
B081T55SQF,es,"Biográ Lentejas Rojas, 500g",,"Este tipo de legumbre, a diferencia de la lenteja pardina, se digiere mejor ya que no tiene piel. Está cultivado de forma consciente en el norte del Mediterráneo. Las lentejas rojas son especialmente ligeras y se cocinan rápidamente, quedando suaves y cremosas. Este paquete contiene 500 gramos de lenteja roja. Ingredientes: Lenteja roja 100% procedente de cultivo ecológico. Elaborado en una fábrica que utiliza derivados lácteos, huevo, gluten, soja, sésamo, frutos secos de cáscara y apio. Almacenar en lugar seco y fresco. Modo de empleo recomendado: Como guarnición para 2 personas: llevar a ebullición 150 g de lentejas rojas enteras en el doble de agua y cocer a fuego lento unos 10-15 minutos. No añadir sal hasta que estén hechas. Valor nutricional por cada 100 gramos: 1572 KJ / 376 kcal; Grasas: 1,3 g de las cuales saturadas: 0,2 g; Hidratos de carbono: 67.4 g de los cuales azúcares: 2,4 g; Fibra: 3,9 g; Proteínas: 23.7 g. Este producto ecológico está libre de OGM (Organismos Genéticamente Modificados) no contiene sal, tiene bajo contenido en grasas saturadas y no contiene azúcares. Apto para veganos.",Biográ,
B082GRDSDB,es,TwoCC Vestido de Navidad Vestido de Cóctel Elegante Vestido Vintage de Los Años 50 Elegante Ceremonia de Invierno Manga Larga Swing Ropa Disfraz de Navidad con Cinturón,"<b>Tabla de tallas:</b><br><br>➤ Tamaño:S US: 6 UK: 10 EU: 36<br>Busto: 90cm/35.4 '' Cintura: 70cm/27.6 '' Longitud: 100cm/39.37 ''<br><br>➤ Tamaño:M US: 8 UK: 12 EU: 38<br>Busto: 95 cm/37.4 '' Cintura: 75 cm/29.5 '' Longitud: 101 cm/39.76 ''<br><br>➤ Tamaño:EE. UU. L: 10 UK: 14 US: 40<br>Busto: 100cm/39.3 '' Cintura: 80cm/31.5 '' Longitud: 102cm/40.16 ''<br><br>➤ Tamaño:XL US: 12 UK: 16 EU: 42<br>Busto: 105cm/41.3 ' 'Cintura: 85cm/33.5 '' Longitud: 103cm/40.55 ''<br><br>➤ Tamaño:XXL US: 14 UK: 18 EU: 44<br>Busto: 110cm/43.3 '' Cintura: 90cm/35.4 ' 'Longitud: 104cm/40.94' '<br><br>➤ Tamaño:XXXL US: 16 UK: 20 EU: 46<br>Busto: 115cm/45.2' 'Cintura: 95cm/37.4' 'Longitud: 105cm/41.34' '<br>❖Notas musicales navideñas para mujeres con mangas largas Vestido acampanado vintage con estampado de Santa<br>❖Consulte la Tabla de tallas:antes de realizar el pedido. Si no está seguro del tamaño, envíenos un mensaje<br><br><b>Características:</b><br>❖Diseño Diseño elegante, vestido midi, disfraz de Navidad, vestido bonito, súper elegante!<br>❖PEUde tomarlo como vestido de vestir en otoño/invierno otoño. extraño: perfecto para Navidad, fiesta, fiesta de graduación, vacaciones, viajes, ropa informal, día de entretenimiento dominical, ropa de calle, etc.<br>❖Si desea estar más relajado y cómodo, se recomienda elegir uno o dos tamaños.<br>❖printL 'el estampado navideño vintage más el estilo real europeo le da un aspecto retro y elegante; la silEUta en forma y llamarada adula su figura<br><br><b>Información del producto:</b><br>❖Temporada: primavera, otoño, invierno<br>❖Género: Mujeres<br>❖Ocasión: Diario, Navidad<br>❖Material: Poliéster<br>❖Decoración: Ninguna<br>❖Estilo : Informal, Moda<br>❖Longitud de la manga: Largo<br>❖CEUllo: CEUllo en V<br>❖Ajuste: Se adapta a la talla<br>❖Espesor: Estándar<br>❖Cómo lavar: Lavado en frío, colgar o lavar sec<br>❖Lo qEU tienes: 1PC Dress for women",1.Vestido Vestido de noche de Navidad para mujer Vestido de cóctel para mujer Vestido vintage de los años 50 Elegante ceremonia de invierno Vestido largo de manga larga Vestido clásico 2019 Sudadera Mujer Navidad Día de San Valentín Regalo Novia Otoño Invierno Lindo Gato con capucha de manga larga Sudadera casual Camisetas Camisa Casual para hombres 2.Copos de nieve de moda Casual Santa Candy para Navidad Regalos de Navidad Mujeres Navidad Correas de manga larga Sudadera Impreso Tops Blusa Regalos de Navidad Navidad Mujeres Puntos Cremallera Imprimir Tops Sudadera con capucha Blusa Camiseta Mujeres Damas Sexy Casual Encaje O CEUllo Otoño Invierno SEUlto Elegante Camiseta sólida Tops de manga larga Blusa de moda 3.Conjunto de pijama de combinación Ropa de dormir Ropa de Halloween Disfraz de Navidad Disfraces de fiesta Niños Unisex Anime Animal Disfraz de Cosplay Pijamas Navidad Familia Ropa de dormir Disfraz Algodón Camisas de manga larga Pantalones largos Sudadera Invierno Primavera Navidad para hombres Mujeres Niños 2020 NEUva Navidad Sudadera Mujer Otoño Primavera Invierno Navidad Carta Impreso Sudadera de manga larga Suéter Tops 4.Blouse top de la camisa de la blusa camiseta de la camiseta de la mujer de la bufanda grande de la tela escocesa de las lanas de acrílico bufanda larga caliente VogEU otoño/invierno Cabo cómodo suave NEUva Navidad del reno imprimir imprimir de punto de manga larga de pEUnte retro unisex NEUva Jersey Gran nEUvo de las mujeres de punto para hombre de Navidad del reno jersey de manga larga tapa del suéter retro unisex qEU es perfecto La colección a su guardarropa cómodo material de manga la 5.CEUllo cruzado Hermoso reno Jersey detallado Suéter de invierno qEU da un estilo clásico impresionante Reloj Navidad Ocasión Niño Niña Mujer Camiseta con ribete Deportes Verano Camiseta de manga corta Béisbol Tops Tops Camisa Sudadera de la serie de TV Fan Sudadera con capucha Chica Sudadera deportiva Mujer Invierno Elegante Abrigo de moda Mujer Vetement de gran tamaño Mujer Blusa de moda barata Blusa de niña Mujer Enagua de primavera 50s Vintage Tulle Rockabilly Trench Coat,TwoCC,08
B082PR44HT,es,"OROPY Estantes Flotantes Juego de 2, Madera Maciza Estantes de Pared Estante de Exhibición Colgante para Marcos de Cuadros, Fotos y Libros Estante Organizador de Almacenamiento en el Hogar, Blanco","¿Te preocupa quedarte sin almacenamiento de escritorio?<br> ¿Estás molesto por ver todo sobre la mesa?<br> ¿Quieres hacer que las paredes se vean más creativas?<br> Las repisas para fotos OROPY son ideales para exhibir accesorios decorativos para el hogar, marcos de fotos, libros y más.<br> El estante de pared agrega personalidad y elegancia a su habitación, y el estante también tiene una apariencia flotante, que es adecuado para cualquier hogar con estilo de decoración.","Conjunto de 2 Estantes de Repisa de Imagen - Las dimensiones de cada estante de pared son 38cm (L) x 11,5cm (W), el peso es 400g. La repisa viene con un tope frontal para evitar que los artículos almacenados se caigan 100% Madera Maciza - Hecho de madera maciza, acabado pintado con spray ecológico, liso y delicado, fácil de limpiar, resistente y duradero. Cada estante puede soportar un peso de 5 kg Ahorra Espacio - Los estantes colgantes aprovechan al máximo el espacio de la pared y lo ayudarán a ahorrar espacio en el piso. Cree almacenamiento adicional para cualquier cosa que desee mostrar y haga que su habitación esté más ordenada y organizada Decorativo y Práctico - Este conjunto de estantes flotantes tiene un estilo de diseño simple y moderno, adecuado para todas las habitaciones y oficinas. Ideal para exhibir libros, CD, marcos de fotos, tazas o baratijas. También puede montarlo en las paredes de la sala de estar, dormitorio, cocina, estudio, baño Fácil de Instalar - Con tornillos y agujeros pretaladrados para una fácil instalación en la pared",OROPY,White
B082VVLV3X,es,Bionsan Lenteja Roja de Cultivo Ecológico | Alto Contenido en Hierro | 1 Paquete de 500 gr,,"🌿ALIMENTO ECOLÓGICO - No irradiado. Apto para vegetarianos y veganos 📦 FORMATO - 1 Paquete de 500 gr 🍽CONSEJOS DE USO - Cocer 25 minutos a fuego medio. ""🌱PROPIEDADES - Ricas en hierro, fibra, selenio, zinc, hidratos de carbono, proteínas y vitamina B1. Excelente fuente de fósforo, manganeso y ácido fólico. Bajas en grasas. Ayudan a prevenir la anemia durante el periodo de gestación gracias a su alto contenido de hierro.Son más fáciles de digerir que las lentejas comunes. Regulan los niveles de estrógeno y testosterona gracias a sus hidratos de carbono, vitaminas y proteínas. Ideal para purés."" 🥙 INFORMACIÓN NUTRICIONAL (100gr) - Energia: 1288KJ/306Kcal, Proteína: 21g., Grasa: 1.5g; de las cuales saturadas: 0.3g; hidratos de carbono: 43g; de los cuales azúcares: 1g., Fibra: 18g., Sal: 0.02g",Bionsan,
B082VZP3J5,es,[12-Set]OOTSR 70x70mm Tornillos adhesivos desmontables Clavos para colgar pegajosos de montaje en pared sin dejar rastro No perforar para el baño Cocina Cuarto de almacenamiento Azulejo Pared Ducha,"<b>OOTSR Pegatina autoadhesiva con tornillos para montaje en pared desmontable para la decoración del hogar</b><br> <br> <b>Hecho de materiales de primera calidad:</b><br> 1. La adherencia es sólida, fiable, impermeable y a prueba de aceite. 2.Puede cargar la gravedad alta, gran cojinete hasta 6kg/14lbs.<br> 3.Los tornillos son de acero, muy firmes.<br> <br> <b>Muchas ventajas:</b><br> 1.No hay daños, no hay rastros, no hay taladros en la superficie a la que los pegamos.<br> 2.Tornillos de diferentes longitudes para satisfacer diferentes necesidades, puede mostrar el tamaño adecuado del tornillo como desee.<br> 3.Puede ser firmemente pegado en vidrio, azulejos, metal, plástico pulido, o paredes de madera pintada, no para la pared áspera o fuera de la pintura.<br> 4.Perfectas para el montaje de estantes, organizadores de pared, y bastidores de cocina, también equipado con un destornillador en el paquete para su comodidad.<br> 5.Muy fácil de instalar, simplemente despegue la película protectora y péguela a una superficie lisa.<br> <br> Cuelgue y monte sus accesorios de casa sin ninguna preocupación con los clavos de suspensión de tornillos autoadhesivos de OOTSR! <br> <br> <b>Aquí está la lista de empaque para ayudarle a tomar una decisión:</b><br> 1) Cada paquete viene con 12 juegos de tornillos autoadhesivos de montaje <br> 2) Tornillos de 2 longitudes diferentes, 0.62inch(16mm) y 0.39inch(10mm), cada uno tiene 6 piezas! 3) Tamaño de la pegatina del tornillo: 70mm x 70mm <br> 4) Viene con un destornillador de doble cabeza desmontable <br> 5) Viene en una caja de PP reutilizable <br>","12-Set pegatina autoadhesiva de montaje en pared con tornillos desmontables con 2 formas diferentes en el centro - redondo y floral, muy bonito y encantador; mientras que los tornillos son de diferente longitud, 16mm y 10mm, cada uno tiene 6pcs, para satisfacer diferentes necesidades en nuestra habitación Fabricado con material de calidad: acero de primera calidad, ABS, PVC y cola sin rastro. Atención: Puede haber un ligero olor al abrir el paquete. Puede dejarlo solo por un tiempo, luego desaparecerá Cada pegatina autoadhesiva (LxA: 70mm x 70mm) con tornillo tiene una capacidad de carga de hasta 18 libras, y son muy adecuadas para paredes de vidrio, azulejos, metal, plástico pulido o madera pintada, NO para paredes rugosas o sin pintar Con el uso de estos tornillos adhesivos, no se dañará la superficie, no habrá rastros, no habrá taladro, y se podrá volver a utilizar mediante el lavado con agua Simplemente despegue la película del reverso, presione firmemente sobre la superficie lisa, sugiera que espere 24 horas, que será mejor para que se utilice la pegatina de tornillo",OOTSR,"Tornillo Adhesivo Para Montaje En Pared: 12 Juegos, Redondo Y Flor"
B0837V9T36,es,Harina de lentejas rojas sin gluten BIO 450 g - PROBIO,"INGREDIENTES Harina de lentejas * (* ingrediente orgánico) DESCRIPCIÓN La harina de lentejas es ideal para espesar platos de carne, verduras y sopas, para hornear galletas, muffins, empanar o preparar pasteles y panqueques. Valor nutricional en 100 g. Valor energético: 1580 kJ / 378 kcal Grasas: 1,7 g Ácidos grasos saturados: 0,0 g Hidratos de Carbono: 67 g Incluyendo azúcares: 0.0 g Fibra: 10 g Proteína: 24 g Sal: 0.02 g INFORMACIÓN DE ALÉRGENOS El producto puede contener sésamo. CONDICIONES RECOMENDADAS DE ALMACENAMIENTO Almacene a temperaturas de hasta 25 ° C y humedad relativa de hasta 70%.",Ingrediente orgánico Producto vegetariano Producto vegano Producto natural No contiene gluten,Probio 7,
B083B8L7Q9,es,"CHUWI HeroBook Pro Ordenador Portátil Ultrabook Laptop 14.1' Intel Celeron N4020 hasta 2.8 GHz, 4K 1920*1080, Windows 10, 8G RAM 256G SSD, WiFi, USB 3.0, 38Wh","<p>Información general:</p> <p>Marca: CHUWI</p> <p>Tipo: Ordenador Portatil</p> <p>Peso neto: 1390 g</p> <p>Material de la carcasa: policarbonato.</p> <p>CPU: procesador Intel Celeron N4020, con una frecuencia de 1.1GHz a 2.8GHz.</p> <p>GPU: gráficos HD para el procesador Intel UHD Graphics600</p> <p>Tamaño de pantalla / resolución: 14.1 pulgadas / 1920 * 1080</p> <p>Tamaño de la estructura de la pantalla (largo * ancho * grosor mm): 320.4 * 187.1 * 21.3</p> <p>RAM: 8 GB LPDDR4</p> <p>ROM: SSD 256G</p> <p>Batería: 38 Wh</p> <p>Altavoces: 8R / 1W * 4BOX</p> <p>Conexión de video HD: soporte 1.4</p> <p>Sistema operativo: Windows 10</p> <p>Almacenamiento extendido:</p> <p>La interfaz de la tarjeta TF admite hasta 128 G y la interfaz M.2 SSD 2280 tiene un máximo de 1 TB SSD.</p> <p>Accesorios estandar:</p> <p>Cargador de interfaz de CC de escritorio de 12V / 2A: mm3.5mm. Manual multilingüe, certificado de conformidad, certificado de calidad, tarjeta de garantía.</p> <p>Observaciones:</p> <p>El idioma predeterminado del producto es el inglés. Si necesita otros idiomas, puede cambiar la configuración asociada.</p>","HeroBook Pro con Windows 10 Home OS pre-instalado, la nueva generación de CPU Intel Celeron N4020, caché de 4M, la frecuencia desde 1.1Ghz hasta 2.8 GHz, construido en GPU Intel UHD Graphics 600, soporta decodificación de vídeo 4k CHUWI Ordenador Portatil lleva con IPS pantalla antideslumbrante de 14.1 pulgadas le brinda una vista más amplia, un imagen más clara y vívida.la resolución ultra alta de 1920*1080, además, el modo nocturno ayuda a reducir la fatiga visual Portátil equipado con 8GB RAM hace que el procesamiento multitarea sea más eficiente, 256GB SSD tiene una alta velocidad de lectura y escritura,las Apps se pueden ejecutar con eficiente,admite expandible a 128GB por Micro SD card, max hasta 1TB por M.2 SSD Ultrabook con teclado de tamaño completo, el diseño del teclado sin límites es compacto y sencillo, el lado C del teclado está diseñado sin marco, con las teclas grandes hacen que su mecanografía sea más agradable y cómoda, viene con las pegatinas de silicona en español CHUWI Laptop con CPU Ultra low-power permite uso útil de más de 9 horas al dia. lleva con multi-interfaces como Micro SD, M.2 slot, USB 3.0, Micro HD, Puerto DC de carga rápida, proporcionando conectividad sin barreras",CHUWI,
B083BM815K,es,TECLAST F5 2 en 1 360 ° convertible pantalla táctil portátil 11.6 pulgadas 1920 x 1080 Full HD IPS Laptop 8GB RAM 256GB ROM SSD Notebook,"<p>Teclast F5 Cuaderno </p><p>Equipado con bisagra de 360 grados, se puede cambiar entre seis modos versátiles, incluyendo tableta, portátil, soporte, tienda de campaña, portátil y modos de dibujo. Equipado con una pantalla táctil FHD IPS de 11,6 pulgadas, que da vida a tus fotos y vídeos. El potente sistema operativo Windows 10 facilita la comprobación de correo electrónico y la gestión de archivos digitales. Equipado con el procesador Intel Gemini Lake N4100, le ofrece un funcionamiento fluido y una experiencia multitarea estable. Diseñado con salida HDMI, te permite conectarlo a monitores, televisores o proyectores, perfecto para crear tu cine en casa personal. Doble banda 2.4GHz / 5.0GHz WiFi compatible, garantiza la navegación de alta velocidad. </p><p>Características principales: </p><p>Bisagra giratoria de 360°. </p><p>Le permite cambiar los modos entre los modos de tableta, portátil, soporte, tienda, portátil y de dibujo. </p><p>● Procesador Intel Gemini Lake N4100 </p><p>La plataforma de voltaje ultra bajo y el procesamiento Quad Core proporcionan la máxima potencia de alta eficiencia. </p><p>● 8GB DDR 256GB SSD </p><p>8 GB de RAM permiten a F5 ejecutar sin problemas sus juegos, múltiples programas y navegador. Almacenamiento de 256 GB para guardar archivos rápidamente y almacenar más datos. </p><p>● GPU gráfica Intel UHD </p><p>Los gráficos UHD de 9ª generación con frecuencia de 700 MHz proporcionan calidad de imagen diaria para uso en Internet, edición de fotos básica y juegos casuales. </p><p>● Pantalla IPS FHD de 11,6"" con resolución de 1920 x 1080. </p><p>F5 viene con bisel estrecho y pantalla FHD de 11.6 pulgadas con tecnología IPS. La resolución de 1920 x 1080 cuenta con un color y claridad impresionantes. </p><p>● 7000 mAh / 3,8 V (2,6 Wh). </p><p>Batería de larga duración le ofrecerá una gran experiencia. </p><p>● Cámara frontal para fotos y chat cara a cara </p><p>La cámara frontal de 1,0 MP te permite capturar momentos memorables o chatear con amigos. </p><p>Salida HDMI/puerto tipo C. </p><p>Puede conectar el dispositivo a un monitor o proyector de alta definición, creando su propio teatro. El tipo c po","【Cambio de forma convertible 360°】F5 adopta un diseño de pantalla táctil convertible de 360º, que se puede cambiar entre el portátil y el formulario de Tablet PC y manejar fácilmente tareas como oficina, visualización, pantalla, escritura/dibujo a mano. 【 1 kg Ultrabook 】F5 adopta un diseño de cuerpo de metal ultrafino de 13 mm, el tamaño de toda la máquina es como tamaño de papel A4; solo 1 kg de peso ligero hace que F5 sea nada, fácil y portátil. Pantalla táctil Full HD de 11.6"" con resolución de 1920 × 1080, bisel ultra estrecho, compatible con el toque de diez puntos, con lápiz T6 (se vende por separado) puede lograr caligrafía y pintura a mano sensibles a la presión de 1024 niveles. 【Alto rendimiento】Procesador GeminiLake Intel de 8.ª generación con ráfaga de hasta 2.4 GHz; tarjeta gráfica UHD 600 de 9ª generación; 8GB LPDDR4 RAM, 256 GB SSD de alta velocidad; expansión de tarjeta TF, también compatible con actualización de reemplazo SSD. 【Interconexión de alta velocidad de duración】F5 tiene 26600 mWh de gran potencia, 7 horas de uso integrado de la batería y 5 horas de duración de la batería de reproducción de vídeo; con AC Dual Band WiFi, Bluetooth 4.2 y otra transmisión inalámbrica de alta velocidad, dos USB 3.0 estándar fácil de conectar una variedad de periféricos, salida HDMI audio y vídeo de alta definición. 【Software de sistema original】Sistema operativo original de Windows10, compatible con todo tipo de software de oficina de oficina, software de productividad de Adobe, compatible con todo tipo de entretenimiento audiovisual, software de aplicación general, entretenimiento en la oficina es práctico.",TECLAST,Plateado
B0845NSYM3,es,"HAVERLAND IGLU-9 | Aire Acondicionado Portátil | 9000BTU | Bajo Consumo | 3 en 1 Enfría, Ventila y Deshumidifica | Mando a Distancia | Kit Ventana Incluido",,"¡IMPORTANTE! Esperar 24h antes de enchufar en posición vertical para que se asienten los gases y enfríe lo máximo posible. ACONDICIONADOR DE AIRE MÓVIL 3 EN 1: el acondicionador de aire IGLU le ofrece una solución de aire acondicionado ideal gracias a sus 3 modos de funcionamiento, ENFRIADOR, DESHUMIDIFICADOR y VENTILADOR, así como a su alta movilidad, lo que le permite moverlo donde quiera que esté en su casa Haverland IGLU ha sido diseñado para satisfacer sus necesidades durante el ve ALTA CAPACIDAD Y EFICIENCIA: Con una capacidad de enfriamiento de no menos de 9000 BTU / h, una potencia de 2600 W y una capacidad de deshumidificación de 1.2 L / h, el IGLU-9 le brindará toda la eficiencia que necesita en vosotras. También es un dispositivo con bajo consumo de energía, que asciende a 1000 W. Para una eficiencia óptima, se recomienda para un área de hasta 18 m². COMODIDAD MÁXIMA EN CASA: este aire acondicionado también está equipado con un control remoto, un temporizador de hasta 24 horas, 2 velocidades de ventilación, ruedas de transporte para facilitar el movimiento, etc. … Todo para brindarte la máxima comodidad en casa este verano. DISEÑO MINIMALISTA Y DISCRETO: además de su alto rendimiento, la gama Haverland IGLU le ofrece un diseño ordenado, minimalista y discreto para combinar con sus habitaciones. KIT DE INSTALACIÓN COMPLETO: el modelo IGLU viene con su kit de instalación completo y accesorios, que incluyen un tubo de escape de aire caliente y un sistema de ventana deslizante, lo que garantiza una instalación rápida y fácil.",Haverland,Blanco
B084BPS1LS,es,Pasta sin gluten (de lentejas rojas) BIO 250 g - FABIJAŃSCY,,,FABIJAŃSCY,
B085PCPNCV,es,"Acer Chromebook 314 CB314-1H - Ordenador Portátil 14"" HD, Laptop (Intel Celeron N4020, 4GB RAM, 64GB eMMc, Intel UHD Graphics, Chrome OS), PC Portátil Color Plata - Teclado Qwerty Español",,"PROCESAMIENTO POTENTE: el procesador de Intel proporciona un bajo consumo de energía (hasta 12,5 horas de autonomía) y una respuesta rápida; el rendimiento extra hace que los proyectos gráficos se ejecuten con mayor fluidez para hacer las tareas más rápidamente PANTALLA HD: diseñado para trabajar en condiciones de luz brillante, la pantalla IPS de 14 pulgadas y 7,3 mm de espesor del Acer Chromebook 314 potencia tu productividad y te permite disfrutar de imágenes vivas y colores brillantes DISEÑO LIGERO: diseñado para transportarlo fácilmente, este Chromebook es un PC portátil profesional y ligero más pequeño que una hoja DIN A4 y pesa menos de 2 kg para que puedas llevarlo contigo a cualquier parte WIFI POTENTE: mantén una señal inalámbrica fuerte y consistente con la antena Wi-Fi 5 (802.11ac) estratégicamente situada con 2x2 MU-MIMO que ofrece wifi de alta velocidad y puede manejar más dispositivos inalámbricos a la vez SISTEMA OPERATIVO CHROME: aumenta la productividad con los portátiles Acer Chromebook; Chrome OS es intuitivo y fácil de usar, incluye un arranque rápido, alta seguridad y una batería de larga duración (hasta 12,5 horas de autonomía) para poder trabajar todo el día con una carga",Acer,Plata
B085WY78SG,es,"Latas de Lentejas Verdes orgánicos austríacos 6x400g sin gluten, de lentejas verde-marrón Laird, 100% de Austria orgánicos calidad extra 2,4kg",,,Bio-leben,
B085XRDHXQ,es,"AGPTEK 300CM Aislamiento Ventanas para Aire Acondicionado Móvil y Secadora, Sello de Ventanas Impermeable, Anti UV, Anti-Mosquitos, con Dual Cremallera","<b>¿Por qué necesita Aislamiento de Ventanas para Aire Acondicionado móvil?</b><p> <b>❄Ahorra la Energía y Eeducir las Emisiones: </b>Nuestros paños suaves ayudan a los acondicionadores de aire móviles a bajar las temperaturas de manera más eficiente y mantienen el ambiente interior fresco durante los calurosos días de verano, lo que le permite ahorrar sus facturas de electricidad. <br> <b>❄Fácil de Instalar: </b>La instalación de este paños suaves solo necesita unos minutos. <p> <b>Pasos de instalación: </b><br> 1. Limpie el borde de la ventana con un trapo, pegue la banda autoahesivo con la superficie adhesiva en el borde de la ventana.<br> 2. Doble el paño suave hasta la mitad y pegue la posición central del paño suave contra el centro de la ventana abierta. <br> 3. El ángulo que se abre a lo largo de los lados de la ventana se adhiere a las esquinas y el exceso permanece en las esquinas. <br> 4. La cremallera del deflector de tela suave se introduce en el tubo de escape, y la doble cremallera tiene una función de autobloqueo, que puede fijar de manera estable el tubo de escape.<p> <b>Si tiene alguna pregunta, por favor contáctenos.</b><p> <b>Parámetros:</b><br> 1, Tamaño: 300 CM <br> 2, Peso: 285g <br> 3, Material: poliéster 190T<br> 4, Color: Blanco <p> <b>Listas de paquete:</b><br> AGPTEK Aislamiento de Ventanas 300CM<br> Banda autoadhesivo<br> Instrucciones de instalación en Español<br>","❃【Efectivamente Mantener Fresco】--Nuestro sello de ventana para bloquear el retorno de aire caliente, ayudar al acondicionador de aire móvil a reducir la temperatura del interior más eficiente y mantener un ambiente interior fresco. ❃【Impermeable y Anti-UV】--Consiste en poliéster 190T + tela impermeable, así que se puede utilizar normalmente en días de lluvia. Y no te preocupes por los rayos UV fuera de la ventana. ❃ 【Efectivo para Evitar la Entrada de Mosquitos】 -Nuestro paño deflector suave y el tubo de aire acondicionado se combinan para tener una muy buena estanqueidad, que puede aislar efectivamente el polvo de insectos de la habitación. ❃【Fácil de Instalar】-- Sin necesidad de taladrar agujeros. No necesita comprar otro herramiento de instalación, incluye banda de autoadhesiva y dual cremallera para una fijación más estable en el tubo de escape. Viene con instrucciones de instalación en Español. ❃【Amplia Compabilidad】-- Apto para todos los tipos de ventanas de uso común. Adecuado para ventanas con un perímetro inferior o igual a 300 cm. Nota: No se aplica a ventanas o puertas corredizas a izquierda y derecha.//Adecuado para casi todas las unidades de aire acondicionado móviles, secadores, secadores de escape y deshumidificadores.",AGPTEK,300cm
B0869L7SSX,es,Guillermo Lenteja Beluga Caviar Negra Salamanca Gourmet Calidad Extra Saco 500 g,,"Lenteja Beluga Caviar Negra Salamanca Gourmet Extra de la mejor calidad escogidos entre las mejores cosechas de nuestros principales agricultores. También llamadas lentejas caviar que destacan por su pequeño tamaño, su intenso color negro y por ser muy sabrosas. Su diferenciación del resto de lentejas, por su color y por no perder la piel. Se pueden comer como un plato de cuchara y son ideales para ensaladas. Alto contenido en proteínas y carbohidratos complejos (50%) y fibras (10%), Son muy ricas también en potasio, fósforo, hierro y vitaminas B6 y B1. Legumbres Guillermo empresa familiar con mas de 40 años de experiencia, izada en el mundo de las legumbres, los arroces y los súper alimentos, tanto convencionales como ecológicos “BIO”",Guillermo,
B0869LJW6J,es,Guillermo Lenteja Roja Turca Sin Piel Gourmet Calidad Extra Saco 500 g,,"También llamadas lentejas turcas tienen un tamaño similar o un tanto más pequeñas a la lenteja pardina, su fuerte color anaranjado la diferencia a simple vista y su sabor es un poco más delicado. Están desprovistas de la piel u hollejo que las protege, lo que las convierte en un alimento ideal para todas aquellas personas que tienen problemas digestivos con las legumbres. Ideales para prepararlas en cremas, purés o sopas y suelen emplearse en hamburguesas vegetarianas, croquetas, patés o purés muy espesos. Gran aporte de hierro, zinc, selenio, hidratos de carbono, proteínas, vitaminas B1 o tiamina, etc. Además de ser una fuente de fósforo, manganeso y ácido fólico. Legumbres Guillermo empresa familiar con mas de 40 años de experiencia, izada en el mundo de las legumbres, los arroces y los súper alimentos, tanto convencionales como ecológicos “BIO”",Guillermo,
B086PZBWZ3,es,Guillermo Lentejas Pardina Legumbres Calidad Extra 1000 g,,"Lentejas Pardina Legumbres Calidad Extra de la mejor calidad escogidos entre las mejores cosechas de nuestros principales agricultores. Nuestras legumbres son sometidas a un riguroso control de selección y envasado Conservar en lugar fresco y seco Legumbres Guillermo empresa familiar con mas de 40 años de experiencia, especializada en el mundo de las legumbres, los arroces y los súper alimentos, tanto convencionales como ecológicos “BIO”",Guillermo,
B08742951P,es,"Aislamiento de Ventanas para Aire Acondicionado Móvil y Secadora, Adecuado para Unidad de Aire Acondicionado Portátil, Parada de Aire Caliente Fácil Instalación Evita La Entrada de Mosquitos(400CM)","El sellador de ventana para aire acondicionado de AmzKoi aporta un verano fresco para ti. <p></p>Información básica: <br>* Material: poliéster. <br>* Longitud: 400 cm. <br>* Ancho: 40 cm. <br>* Color: blanco. <br>* Peso: 365 g. <br>* Paquete: 1 x junta de ventana, 1 x cinta adhesiva (8,3 m). <p></p>Características del producto: <br>Resistente al agua. <br>Lavables y extraíbles. <br>Bloquea los mosquitos y el agua de lluvia. <br>> Mantener fresco en el interior. <br>> Ahorro de energía. <br>> Fácil de instalar, sin perforaciones ni herramientas. <p></p>Consejos: <br>1. Por favor, mantén este producto lejos del fuego, cosas tóxicas, inflamables y peligrosas. <br>2. Por favor, ten en cuenta que si el contorno de tu ventana es inferior a 158 pulgadas, es posible que tengas que ajustarlo después de la instalación para doblar la junta de la ventana. <br>3. Como el producto es blanco, puede estar más sucio, se puede quitar para lavarse las manos o lavar a máquina. <br>","【Protección del medio ambiente y ahorro de energía】 El dispositivo de aire acondicionado mantiene el aire frío en su habitación, distribuyendo el aire caliente de la ventana de forma eficaz. Mantenga su habitación fresca durante más tiempo y ahorre costes de electricidad. 【Práctico y práctico】el sellado de ventanas climatizado está hecho de poliéster de alta calidad y material impermeable respetuoso con el medio ambiente, puede regular el intercambio de aire de forma eficiente y mantener alejado el polvo y la lluvia. 【Amplia aplicación】 El sellado de ventanas de techo es ideal para aire acondicionado, secadoras, secadores de escape y deshumidificadores. Válido para ventanas con un máximo de tres lados de 400 cm. Adecuado para tipos de ventanas inclinadas y inclinadas. 【Fácil de instalar】 La manguera de aire acondicionado para ventanas es fácil de instalar, no hay que troquelar ni utilizar herramientas. Pega el cierre de velcro en el marco de la ventana y fija la junta de ventana en el cierre de velcro. Utilice la cremallera para controlar el tamaño de la apertura. Ten en cuenta que el producto es blanco, si se ensucia, se puede quitar para lavar las manos o a máquina. Si tiene alguna pregunta, puede contactar con nosotros.",AmzKoi,Blanco
B087K4RPXS,es,"Zinus Van 40,6 cm Estructura de Cama con Superficie de Metal con ángulo Redondeado / Base del colchón / No es Necesario los muelles / Bed in Box / Montaje fácil / 80 x 190 cm",,"El somier de metal Classic ofrece un soporte fiable y duradero para el colchón El soporte de listones de acero resistente aumenta la vida útil del colchón 35,56 cm de espacio bajo la cama Tamaño: 190 x 80 x 40,6 cm No son necesarios muelles – Las láminas de metal fiables están diseñadas para soportar y prolongar la vida útil de tu colchón de látex, espuma viscoelástica o de muelles sin la necesidad de muelles.",Zinus,Negro
B087K9G4YP,es,"Zinus Cama de plataforma metálica Modern Studio 2000 de 25,4 cm, Base para colchón, Sin necesidad de usar un somier, Sólido soporte de listones de madera, Fácil montaje, 135 x 190 cm",,"La cama de plataforma con armazón de acero Arnav 2000 de cuenta con listones de madera que proporcionan un soporte sólido para tu colchón de espuma viscoelástica, látex o muelles. Altura de perfil bajo de 25,4 cm con 17,8 cm de espacio bajo el armazón. Las aperturas en dos de las patas permiten acoplar un cabecero a la cama de plataforma. La cama de plataforma Arnav 2000 te ofrece un soporte sólido y con mucho estilo para tu colchón. Esta sólida base para colchón evita que el colchón se hunda y prolonga su vida útil. Con un diseño único para ofrecer un soporte y una resistencia óptimos, esta sólida base para colchón de acero cuenta con múltiples puntos de contacto con el suelo para una mayor estabilidad y evita que el colchón se hunda, prolongando su vida útil. Tiene una altura de 26 cm y 15 cm de espacio bajo el armazón para guardar todo lo que quieras. Composición básica: listones de madera y estructura de acero. La distancia entre los listones de madera es de 7,18 cm.",Zinus,Negro
B087K9MB1B,es,"Zinus Cama de plataforma resistente y de perfil bajo Trisha de 17,8 cm, Base para colchón, Sin necesidad de usar un somier, Sólido soporte de listones de madera, Fácil montaje, 90 x 190 cm",,"Esta base de colchón ultrarresistente está diseñada para ofrecerte solidez y estilo. Es perfecta para colchones de perfil más alto o para los que buscan un estilo moderno. Esta base de colchón con armazón de acero ultrarresistente de cuenta con listones de madera que proporcionan un soporte sólido para tu colchón de espuma viscoelástica, látex o muelles. La cinta antideslizante evita el movimiento del somier o el colchón sobre los listones de madera. Tiene una altura de 17,8 cm y pue Esta base de colchón ultrarresistente está diseñada para ofrecerte solidez y estilo. Base de colchón de 17,78 cm para colchones viscoelásticos, de muelles e híbridos. La distancia entre los listones de madera es de 6,1 cm. Dimensiones: 190 x 90 x 18 cm",Zinus,Negro
B087KBB8V4,es,"Zinus Cama de plataforma de madera con cabecero Alexia de 30,5 cm, Base para colchón, Sin necesidad de usar un somier, Sólido soporte de listones de madera, Fácil montaje, 150 x 200 cm",,"Esta cama de plataforma de madera con cabecero de paneles combina con cualquier estilo o decoración. El bastidor de 8,9 cm y las patas están fabricados en madera de pino y te proporcionan un soporte óptimo para tu colchón de espuma viscoelástica, látex o muelles. Esta cama de plataforma de madera de tiene una altura de 30,5 cm y puede utilizarse con o sin somier. Un soporte sólido y con estilo para tu colchón a un precio asequible. Otra innovación en el confort de Zinus. Esta estructura de madera de pino con estilo rústico incluye una sólida base de listones de madera para prolongar la vida útil de tu colchón. Cabecero de paneles de madera de 93,98 cm. La distancia entre los listones de madera es de 8,7 cm. Dimensiones: 204 x 150 x 30.5/94 cm",Zinus,Marrón
B087KBBHSM,es,"Zinus Cama de plataforma metálica Mia Modern Studio 1500H de 35,5 cm, Base para colchón, Sin necesidad de usar un somier, Sólido soporte de listones de madera, Fácil montaje, 135 x 190 cm",,"La cama de plataforma con armazón de acero y cabecero Mia Modern Studio 1500 de cuenta con listones de madera que proporcionan un soporte sólido para tu colchón de espuma viscoelástica, látex o muelles. Tiene una altura de 35,6 cm y 30,5 cm de espacio bajo el armazón para guardar todo lo que quieras. La cama de plataforma con cabecero Mia Modern Studio 1500 te ofrece un soporte sólido y con mucho estilo para tu colchón. Otra innovación en el confort de Zinus. A la vanguardia de la com Esta sólida estructura de acero con armazón de listones de madera prolonga la vida de tu colchón. Tiene una altura de 35,5 cm y 30,5 cm de espacio bajo el armazón para guardar todo lo que quieras. La distancia entre los listones de madera es de 7,18 cm Dimensiones: 190 x 135 x 35.6 cm",Zinus,Negro
B087KFR855,es,"Microsoft Surface Go 2 - Portátil 2 en 1 de 10.5 pulgadas Full HD, Wifi, Intel Pentium Gold 4425Y, 8 GB RAM, 128 GB SSD, Windows 10 Home Platino",,"Procesador Dual-Core Intel Pentium Gold 4425Y (2 núcleos, 2 MB Cache, 1.7 GHz) Memoria RAM de 8 GB LPDDR3 Disco SSD de 128 GB Tarjeta gráfica integrada Intel Sistema operativo Windows 10 Home. Actualización gratuita a Windows 11 cuando esté disponible (ver abajo).",Microsoft,Platino
B087Q5SLQT,es,"Piorlado Baldas Pared Negro de 3 Niveles, Estantes de Pared MDF, Estanteria Pared Estable para Sala de Estar, Dormitorio, Pasillo, Cocina, Oficina, Baldas Flotantes Longitud 27/34/42cm","<b>⏩Piorlado Shleves flotante⏪</b><br> Los muebles de Piorlado tienen una artesanía estricta y de alto nivel. El rectificado y la pintura de los muebles se realizan a mano, con calidez y comodidad, esperamos pasarlo a su hogar a través del medio de los muebles.<br><br> <b>⏩¿Estás buscando un estante flotante multifuncional para pared?⏪</b><br> ¡Los estantes de madera Piorlado son la mejor opción para ti! Utilice eficientemente su pared vacía y cree una solución de almacenamiento sin ocupar ningún espacio valioso en el piso. Los estantes de madera rústica combinan con casi todas las decoraciones y son excelentes para su cocina, armario, comedor, sala de estar, dormitorio, baño u oficina.<br><br> <b>⏩Ahorre más espacio para su cocina.⏪</b><br> Los estantes de la cocina montados en la pared podrían ayudarlo a organizar sus especias, latas, etc. de manera ordenada, facilitarle la búsqueda de la especia que desea y ofrecerle más espacio en la encimera.<br><br> <b>⏩Versátil para baño⏪</b><br> Los estantes de baño son excelentes para usar en varios espacios, puede usar estantes de decoración de paredes para ordenar su baño con facilidad. Ideal para organizar sus artículos de tocador, suministros para el cuidado del cabello, maquillaje, accesorios de baño y muchos más.<br><br><b>Especificaciones:</b><br> Nombre del producto: estantes de pared de madera<br> Material: madera<br> De color negro<br> Peso del artículo: 2 kg<br> Capacidad de peso: 20 libras<br> Tamaño del producto: <br> Grande: 16,53 x 5,9 x 0,59 pulgadas; <br> Medio: 13,58 x 5,9 x 0,59 pulgadas; <br> Pequeño: 10,63 x 5,9 x 0,59 pulgadas.<br><br> <b>Instrucciones:</b><br> Mida la distancia y marque la ubicación de los agujeros;<br> Taladre agujeros y presione el ancla de plástico en los agujeros;<br> Apriete los anclajes de pared.<br>","☕️ 【estantes de pared funcional】: el estante pequeño y exquisito aprovecha al máximo el espacio vacío sobre la mesa y crea un espacio de almacenamiento multifuncional para organizar tus artículos elegantes, ideal para exhibir y guardar libros, plantas, coleccionables, fotos y latas coincidir con la sala de estar, dormitorio, cocina, baño Espere por cada habitación. ☕️ 【Diseño único】: la madera maciza procesada con antorcha y el fondo cuadrado combinan una forma única, los estante flotante no solo mejoran el toque estético de cualquier hogar contemporáneo, sino que también agregan una sensación rústica y hermosa a cualquier pared. ☕️ 【Buena capacidad de peso】: los baldas pared de los dormitorios son muy fijos y duros. El estante cuadrado, la madera gruesa y el anclaje de pared pueden fijarlo mejor para una capacidad máxima de 20 lb. ☕️ 【Ensamblaje diferente para diferentes estilos】: El diseño cuadrado único ofrece múltiples formas de visualización únicas. Instale estos estantes con el tablero en la parte superior de los soportes o debajo, lo que se adapte a su gusto. Elija su forma favorita de exhibir los estantes y combinar su decoración. ☕️ 【Instalación fácil】: Juego de 3 repisas estante pared flotante, tamaño: Pequeño: 10.63 ""x 5.9"" x 0.59 "". Mediano: 13.58 ""x 5.9"" x 0.59 "". Grande: 16.53 ""x 5.9"" x 0.59 "". Tamaño cuadrado: 5.12 ""X5.12"" X0.59 "", incluye accesorios de montaje, solo necesita seguir las instrucciones simples y puede ensamblar en minutos.",piorlado,Nergo
B087QYF1WC,es,"Pipishell Baldas Pared, Estanteria de Pared de 3 Niveles, Estante Pared de Madera,Ideal para Dormitorio, Sala de Estar, Estudio, la Sala de Estar, la Oficina en el Hogar, etc",,"【Decorativo y Útil】- Estos baldas pared se pueden utilizar como estantes de almacenamiento, estantes de exhibición montados en la pared. Los estanteria pared no solo mejoran el toque estético de muchos hogares contemporáneos, sino que también sirven de una decoración encantadora que se adapta a muchos estilos de diseño de una habitación, agregando un toque agradable a su habitación 【UN CONJUNTO DE 3 ESTANTES】- Grande: 42x 15x 1.8 cm, Medio: 36 x 15 x 1.8 cm, Pequeño: 29 x 15 x 1.8 cm. El estantería flotante es diseñado para instalar en diferentes orientaciones y tres tamaños diferentes disponibles que se pueden organizar para diferentes estilos de diseño como desee 【Material de Calidad】 - Hecho de madera de paulownia, que es ligero y fuerte. Tiene la ventaja de resistencia a la humedad, resistencia a la envoltura, resistencia al desgaste y posee textura hermosa. Es adecuada para el baño, el dormitorio, la sala de estar, la cocina, la lavandería, la oficina en el hogar, el inodoro, etc 【Sólido y Resistente】- Compuesto de tableros de madera robusta y soportes metálicos de construcción sólida, así que puede soportar un peso de hasta 20 kg en cada estante. Puede exhibir cualquier artículo pequeño como quiera, por ejemplo velas, marcos, coleccionables, libros, juguetes, obras de arte, trofeos, plantas pequeñas, artículos de cocina y más 【Montaje simple】- Nuestros estantes vienen con todos los componentes que pueda necesitar. Y es fácil para montar, incluso para un novato",Pipishell,Rústico
B087WJK7CP,es,GASMOBE Soporte aire acondicionado lateral - PEQUEÑO. Palas apoyo 1100mm de longitud. Fabricado en chapa de acero de 3mm espesor. Carga máxima 100kg. Cartelas de refuerzo de 2mm espesor (850X600X60X2),"❄️Soporte para aire acondicionado para unidad exterior de aire acondicionado. Soporte de lateral - GRANDE. ❄️Juego de soportes para unidades exteriores de equipos de aire acondicionado. Palas apoyo equipo 1100mm de longitud. ❄️Fabricado en chapa de acero de 3mm espesor. Cartelas de refuerzo de 2mm espesor. ❄️Para uso en hogares, oficinas, restaurantes, farmacias, estancos Para la carga tipo split de aire acondicionado de unidad de la puerta hacia fuera.","❄️ Soporte unidad exterior aire acondicionado plegable/soldado. Resistente a los factores atmosféricos. ❄️ Destaca por su gran resistencia, soportando cargas de hasta 100 kilos. Palas apoyo equipo 1100mm de longitud. ❄️ Fácil de instalar. Fabricado en chapa de acero de 3mm espesor. Productos nuevos directamente del fabricante. ❄️ Carga máxima 100kg. Cartelas de refuerzo de 2mm espesor. ❄️ Resistente a la intemperie – alta resistencia a la corrosión. No se incluyen accesorios. Envíos a toda España.",Genérico.,
B08822GWJV,es,"Lenovo Yoga Chromebook C630 - Portátil táctil convertible 15.6"" FullHD (Intel Core i5-8250U, 8GB RAM, 128GB eMMC, Intel UHD Graphics, Chrome OS), Color azul - Teclado QWERTY español",,"Pantalla de 15.6"" FullHD (1920x1080) IPS 300nits Anti-glare Procesador Intel Core i5-8250U (4C / 8T, 1.6 / 3.4GHz, 6MB) Memoria RAM de 8GB Soldered DDR4-2133 , Almacenamiento de 128GB eMMC 5.1 , Tarjeta gráfica integrada Integrated Intel UHD Graphics 620 Sistema operativo Chrome OS Descubre Chromebook, una nueva generación de portátiles sencillos, rápidos y seguros que funcionan con el sistema operativo “Chrome OS” desarrollado por Google.",Lenovo,No aplica
B0883B57JC,es,"ASUS Chromebook Z1400CN-BV0306 - Ordenador portátil de 14"" HD (Intel Celeron N3350, 4GB RAM, 32GB EMMC, Intel HD Graphics 500, Chrome OS) Plata - Teclado QWERTY Español",,"Pantalla de 14"" HD (1366x768) Procesador Intel Celeron N3350 (2 nucleos, 2 MB Cache, 1.1 GHz hasta 2.4 GHz) Memoria RAM de 4 GB LPDDR4, 2400 MHz Almacenamiento de 32GB EMMC Tarjeta gráfica integrada Intel HD Graphics 500",ASUS,silver
B0883BHSY5,es,"ASUS Chromebook Flip Z3400FT-AJ0111 - Ordenador portátil de 14"" FullHD (Intel Core M3-8100Y, 8GB RAM, 64GB EMMC, Intel UHD Graphics 615, Chrome OS) Plata - Teclado QWERTY Español",,"Pantalla de 14"" FullHD (1920 x 1080) Procesador Intel Core m3-8100Y (2 nucleos, 4 MB Cache, 1.1 GHz hasta 3.4 GHz) Memoria RAM de 8GB LPDDR3, 2133 MHz Almacenamiento de 64GB EMMC Tarjeta gráfica integrada Intel UHD Graphics 615",ASUS,silver
B089FYKC2P,es,"Jumper Portátiles 14 Pulgadas, Ordenador Portátil 12GB+256GB SSD, PC Laptop de Sistema Operativo Windows 10,Dual-Core Full HD IPS,Intel Celeron N4020,Cámara frontal HD, USB3.0, WiFi,Expandible SSD",,"【Gran memoria】 12 GB DDR4, 256 GB SSD, ordenador portátil, Windows 10, CPU Intel Celeron N4020, ejecución rápida. Soporta tarjeta TF de 256 GB y SSD de 1 TB para ampliar la memoria (requiere compra adicional) 【Alta productividad】 Sistema Windows 10, un procesador Intel Celeron N4020 de nueva generación, bajo consumo de energía, alta velocidad de ejecución del software, más que suficiente para el aprendizaje, la oficina en casa y el rendimiento de Internet. 【Pantalla grande】 Pantalla Full HD de 14 pulgadas, marco ultradelgado de 8 mm, para maximizar la experiencia de visualización. Cámara frontal de alta definición, reunión / aula en línea, la comunicación es más conveniente. Dura de 5 a 8 horas, es confiable y duradero, y tiene una vida útil más larga. 【Disipación de calor silenciosa】 Disipación de calor silenciosa, lo que le permite mantenerse alejado del ajetreo y el bullicio. Se puede conectar a 2.4G / 5G de doble banda, Bluetooth 4.0, y la velocidad de transmisión de la conexión es más rápida. La computadora portátil pesa 1.25 kilogramos, que es más liviana y delgada, sin peso en la mano. 【1 año de garantía】 Ofrecemos 365 días de garantía, si tiene alguna pregunta, comuníquese con nosotros, le responderemos dentro de las 12 horas para ayudarlo a resolver el problema.",JUMPER,"14,0 pulgadas"
B089YT2VDN,es,"Acer Spin 1 SP111-33 - Ordenador Portátil Táctil 11.6"" HD, (Intel Celeron N4020, 4GB RAM, 64GB eMMc, Intel UHD Graphics 600, Windows 10 Home S), Color Negro - Teclado QWERTY Español",,"Pantalla de 11.6"" FullHD Procesador Intel Celeron N4020 Memoria RAM de 4GB Almacenamiento de 64GB SSD Tarjeta gráfica Intel UHD Graphics",Acer,
B08BWTFMV4,es,"KES Estanteria Baño sin Taladro Baldas Pared sin Agujero con Orificio para el Cable del Cargador Estanterias Baño Adhesivas 2 Piezas Aluminio Plata, BSC410S15-P2","<b> ESPECIFICACIONES </b> <br/> <b> Material </b>: Aluminio <br/> <b> Acabado </b>: Aluminio anodizado plata <br/> <b> Tipo de instalación </b>: Con pegamento o con tornillos <br/> <b> Dimensiones generales </b>: 150 mm x 120 mm x 48 mm <br/> <b> Carga máxima </b>: 11 lbs (5 kg) <br/> <br/> <b> EL PAQUETE INCLUYE </b> <br/> 2 x Baldas pared sin agujeros <br/> 1 x Paquete de tornillos <br/> 1 x Paquete de pegamento sin taladro <br/> 1 x Instrucciones de instalación <br/> <br/> <b>SOBRE KES</b><br/> Fundada en 1996, KES es un fabricante profesional en la industria de la cocina y el baño. Nos dedicamos a ofrecer productos asequibles y de calidad líder en la industria a clientes de todo el mundo <br/> - Sistema de gestión de calidad certificado ISO9001 <br/> - Empresa socialmente responsable, compatible con BSCI <br/> - Diseños originales bajo protección de patente mundial <br/> - Sirvió a millones de usuarios de Europa, América del Norte y Asia <br/> - Proveedor de confianza de Home Depot y Walmart <br/>","Diseño Reflexivo: Esta KES balda baño sin taladrar es un complemento de decoración perfecto para su hogar compacto y experto en tecnología. Además tiene un diseño único con la ranura para sostener su iPhone o iPad. Además, el diseño del orificio del cable es conveniente para cargar cuando coloca su iPhone, iPad, altavoz Bluetooth u otros dispositivos digitales en el estante. Carga Máxima: 11 lbs / 5 kg. Mantenga el Artículo Seguro: El borde de esta estanteria pared baño no solo evita que sus cosas se caigan, sino que también puede sostener su iPhone o iPad en un ángulo adecuado. Antioxidación: Este estante para baño está hecho de aluminio anodizado resistente y resistente al óxido, lo que garantiza durabilidad y vida útil. Adecuado para ambientes húmedos, como baños y cocinas. Los tornillos de acero inoxidable también son anticorrosivos. 2 Formas de Instalar: Use PEGAMENTO FUERTE para instalarlo en minutos, instalación rápida y fácil. O puede instalarlo con tornillos y anclajes de acero inoxidable SUS 304 de alta calidad incluidos en el paquete (* tamaño de la broca: 6 mm). Nota: La instalación sin taladros es adecuada para superficies planas y lisas sin polvo ni agua, como baldosas, vidrio y metal. Espere 48 horas para usarlo. El Paquete Incluye: 2 x estanterias pared, 1 x paquete de hardware(para montaje con tornillos), 1 x paquete de pegamento, 1 x instrucciones de instalación.",KES,Astilla de Aluminio
B08BZ58J1D,es,"ASUS VivoBook Flip TP412FA-EC649T - Portátil 14"" FullHD (Intel Core i3-10110U, 8GB RAM, 256GB SSD, UHD Graphics, Windows 10 Home) Azul Galaxia - Teclado QWERTY español",,"Pantalla de 14&quot; Full HD 1920 x 1080 pixeles IPS 250 nits Procesador Intel Core i3-10110U (2C/DualCore 2.1 / 4.1GHz, 4MB) Memoria RAM de 8GB SO-DIMM DDR4 2400MHz Almacenamiento de 256GB SSD M.2 NVMe PCIe Tarjeta gráfica integrada Intel UHD Graphics",ASUS,silver
B08BZ5SNTJ,es,"ASUS VivoBook 14 X413JA-EB470 - Ordenador Portátil de 14"" FullHD (Intel Core i5-1035G1, 8GB RAM, 512GB SSD, Intel UHD Graphics, Sin Sistema Operativo) Negro-Teclado QWERTY español",,"Pantalla de 14&quot; Full HD 1920 x 1080 pixeles IPS 250 nits Procesador Intel Core i5-1035G1 (4C/QuadCore 1 / 3.6GHz, 6MB) Memoria RAM de 8GB SO-DIMM DDR4 2400MHz Almacenamiento de 512GB SSD M.2 NVMe PCIe Tarjeta gráfica integrada Intel UHD Graphics",ASUS,black
B08CDNV942,es,"STOREMIC Estanteria Pared, Baldas Pared Blanca 40cm de 3 Niveles, estante decorativo fácil de instalar, Ideal para Dormitorio, Baño, Oficina en casa, Sala de estar",,"Fácil de montar: puede montar fácilmente los estantes de pared con la descripción de las instrucciones en unos minutos, porque el estante de pared Storemic ofrece todos los accesorios que necesita Diseño simple y flexible: el estante blanca de pared es una estructura simple de una sola línea, pero los estanteria pared de pared negros mate no solo pueden hacer que su hogar sea más moderno, sino que también se adaptan a diferentes diseños de apartamentos. Los paneles de pared consiguen un aspecto perfecto y organizado de cada habitación Robusto y duradero: el estanteria pared Storemic está hecho de madera MDF, por lo que el estante de pared es ignífugo, resistente al calor y a la humedad, que no se deforma fácilmente. En el estanteria madera de la pared también hay dos pequeñas piezas de plástico que pueden evitar temblores. El estanteria pared puede poner muchas cosas pequeñas en el estante de la pared durante mucho tiempo, pero el más pesado no supera los 9 kg Adecuado para diferentes paredes: no importa si se trata de una pared, un panel de yeso o una pared de hormigón. El estanteria pared blanca para la pared también se puede instalar fácilmente. Todo lo que tiene que hacer es elegir los pernos correctos según sea necesario MÁS PROPÓSITOS: puede combinar los estanteria pared entre sí o colgarlos individualmente como desee. Entonces puede descubrir varios propósitos del borad montado en la pared",STOREMIC,Blanco
B08CMZQLSB,es,"Placa De Kit De Ventana, Adaptador De Ventana para Aire Acondicionado Portátil O 2 Piezas Placa De Sellado Ajustable Placa De Kit De Deslizamiento, 1PC 6"" Kit De Deslizamiento De Sello De Ventilación","<p><p>Característica:<br>? Material: ABS<br>? Adaptador de ventana 1PC:<br>- Para permitir conexiones a la manguera de escape y la placa del kit de ventana.<br>Adecuado para: todos los acondicionados portátiles con una salida de aire de 15 cm de diámetro.<br>? Placa de kit de ventana ajustable de 2 piezas:<br>- Se puede estirar y ajustar libremente en longitud.<br>- Longitud máxima ajustable: aproximadamente 110 cm / 43.30 en<br><br>Aviso:<br>1.Por favor permita un error de 1-5 mm debido a la medición manual. Asegúrese de que no le importa antes de ofertar.<br>2. Debido a las diferentes pantallas, el color del producto que se muestra en la imagen puede diferir del color real del producto. Gracias por su comprensión.<br><br>Lista de paquetes:<br>Adaptador de ventana (1PC) o placa de kit de ventana (2PCS)</p></p>","✅ DISEÑO DE INGENUIDAD: nuestra placa de kit ventana aire acondicionado portatil portátil es diferente en ese diseño, pista ajustable, muy resistente, no se preocupe, separe entre dos placas. ✅ FÁCIL DE INSTALAR: ajuste la placa de sellado para que se ajuste al tamaño de su ventana, deslice su ventana y colóquela en la placa de sellado, y listo. Combine perfectamente después de la instalación, sin redundancia de material de sellado en su ventana. ✅ MATERIALES DURADEROS: el kit ventana aire acondicionado portatil hecho de materiales duraderos de PVC, peso ligero portátil fácil de instalar y quitar, traje para usar en el hogar o la oficina. ✅ SOLICITAR: Se puede estirar y ajustar libremente en longitud. Apto para todos los acondicionados portátiles con una salida de aire de 15 cm de diámetro. Longitud máxima ajustable: aproximadamente 110 cm / 43.30 pulg. ✅ SERVICIO SATISFACTORIO: Nos comprometemos a garantizar que esté 100% satisfecho. Si tiene alguna pregunta durante el uso, no está satisfecho con nuestros productos o servicios, contáctenos directamente por correo electrónico, haremos todo lo posible para brindarle un servicio satisfactorio y amable.",whelsara,Kit de Ventana de Placa
B08CS7D3RL,es,"ASUS ZenBook Flip 13 UX363JA-EM189T - Portátil convertible 13.3"" FullHD (Intel Core i5-1035G4, 16GB RAM, 512GB SSD, Intel Iris Plus Graphics, Windows 10 Home) Gris Pino-Teclado QWERTY español",,"Pantalla de 13.3"" Full HD (1920 x 1080) Procesador Intel Core i5-1035G4 (1.1GHz, 6MB) Memoria RAM de 16GB (en placa) LPDDR4x-3733MHz Almacenamiento de 512GB M.2 NVMe PCIe Tarjeta gráfica integrada Intel Iris Plus Graphics",ASUS,Gris
B08CVR88WM,es,"Lenovo IdeaPad Duet Chromebook - Pantalla de 10.1"" FullHD (MediaTek P60T, 4 GB de RAM, Almacenamiento de 128 GB, Chrome OS, WiFi+BT) Lenovo Keyboard Pack, Azul/Gris - Teclado QWERTY Español, Gray",,"Pantalla táctil de 10.1"" FullHD, 1920x1200 píxeles, IPS, 400nits, Lenovo Keyboard Pack incluido Procesador MediaTek P60T (8C, 4x A73 @2.0GHz + 4x A53 @2.0GHz) Memoria RAM de 4GB Soldered LPDDR4x Almacenamiento de 128GB eMCP Tarjeta gráfica integrada ARM Mali-G72 MP3 GPU",Lenovo,Gray
B08CXPPSX8,es,"ESR Coque/Étui Folio Compatible Avec iPad Air 4 (2020), Avec [Porte-Stylet] [Coque Souple & Flexible] [Rabat à 3 Volets] Séries Rebound – Bleu",,"[AJUSTE PERFECTO]: Diseñada para el iPad Air de 4ª generación de 10,9” (2020). Tiene recortes hechos a medida y botones fáciles de presionar. No es compatible con ningún otro modelo de iPad. NOTA: Para Touch ID, por favor, registra tu huella antes de colocar la funda. [COMPATIBLE CON EL PENCIL]: El soporte integrado te ofrece un lugar seguro donde guardar tu Pencil 4. [CUBIERTA INTELIGENTE]: Funciona perfectamente con el modo automático de reposo/actividad de tu iPad. [SOPORTE EN LOS 4 SENTIDOS]: Su soporte magnético tríptico permite escoger entre el modo de visualización y el modo de escritura. [CÓMODO Y ERGONÓMICO]: Está hecha de un polímero parecido a la goma, muy agradable al tacto y con un agarre muy firme.",ESR,03 Azul
B08DKWQD8R,es,Eono by Amazon Funda Compatible con iPad Air 4 2020 de 10.9” [Funda Shell Trasera] [Mate Transparente][Funda Fina y Rígida] [Compatible con iPad Air 4] – Translúcida,,"COMPATIBILIDAD - Compatible con iPad Air 4 10.9"" (2020). No es compatible con ningún otro modelo de iPad. FINA Y LIGERA: El fino PC protege sin añadir volumen. Su simple diseño translúcido muestra el aspecto original de tu iPad. PROTECCIÓN MEJORADA: Funda rígida resistente para una protección que no dejará marcas en tu iPad. COMPATIBLE CON EL PENCIL 2: Especialmente diseñada para poder emparejar y cargar magnéticamente tu Pencil 2 con la funda puesta. AJUSTE PERFECTO: Sus recortes a medida permiten un acceso completo a los altavoces, puertos, cámara y Touch ID. Las cubiertas de sus botones son fáciles de presionar y ayudan a evitar el polvo.",Eono,
B08DTXGJJW,es,"Imperial Confort - Base Tapizada con 5 barras transversales y 4 patas, transpirable y con sistema anti-deslizamiento, color beige, 105x190",,"La base tapizada esta compuesta de estructura de tubo de acero y madera tapizada con tejido 3 D El colchón queda sujeto con la sistema anti-deslizamiento de la base Reforzada con 5 barras transversales de acero Proporciona un descanso más firme y transpirable Incluye patas, que se enroscan fácilmente a la base",Imperial Confort,Beige
B08DXHWQZC,es,"ZtotopCase Funda para iPad Air 4 10.9"" 2020/ iPad Pro 11 2018, Carcasa Trasera de Silicona Suave, con Portalápices, Negro",,"Diseñado exclusivamente para iPad Air 4 10.9 ""2020 / iPad pro 11 2018, NO para otros modelos de iPad. (Consulte la parte posterior del iPad para verificar el modelo antes de comprarlo). Ranura para Apple Pencil incorporada: puede llevar Apple Pencil en cualquier momento y en cualquier lugar para un uso conveniente. Protección para todo el cuerpo: la cubierta trasera de silicona líquida suave puede proteger el iPad 10.9 de los impactos, lo cual es seguro y ecológico. El forro de microfibra suave y la capa exterior de cuero PU pueden evitar que la tableta se raye. El diseño de tres pliegues, el imán incorporado, puede fijar el soporte de tres pliegues, proporcionar una entrada de teclado más cómoda y una experiencia de visualización de películas. brindamos 180 días de servicio al cliente, no dude en contactarnos, le brindaremos un servicio de calidad.",ZtotopCase,Nero
B08FC69VMH,es,"Acer Chromebook Spin 514 - Ordenador Portátil 2 en 1 Convertible y Tactil 14"" Full HD, (AMD Ryzen 3 3250C, 8GB RAM, 128GB SSD, UMA Graphics, Chrome OS), Color Plata - Teclado QWERTY Español",,"Pantalla de 14"" FullHD Procesador AMD Ryzen 3 3250C Memoria RAM de 8GB Almacenamiento de 128GB SSD Tarjeta gráfica UMA Graphics",Acer,Plata
B08FMH2YHQ,es,"PNNP Estanterias de Pared Set de 3 Estantes Flotantes, Estanterias Metalicas Almacenaje, Decoración Pared, para Dormitorio, Salón, Cocina, Oficina,Baño(Negro con Tablero de Madera)",,"✅【Establecer combinación】 3 bastidores flotantes de diferentes tamaños, el borde más grande es 43x13x16cm, seguido de 33x12x15cm, el borde más pequeño es 23x11x14cm y está equipado con 8 tornillos de expansión, 6 ganchos, 6 clavos sin rastro. La capacidad de carga del tornillo de expansión es de aproximadamente 10 kg, la carga del gancho adhesivo es de aproximadamente 4 kg y el peso del clavo sin rastro es de aproximadamente 5 kg. Utilice el hardware ensamblado provisto para la ins ✅【Material de Alta Calidad y Ecológico】Hechos a base de madera respetuosa con el Medio Ambiente y estanterias metalicas， Bañado en laca de alta calidad y brillo la superficie es lisa y resistente al agua y la humedad.La superficie de la estanterias pared es muy duradera y es particularmente fácil de limpiar. ✅【Decoración de Pared】Este estante pared funcional está lleno de modernidad y diseño y se puede utilizar en diferentes estilos de espacio para almacenar obras de arte personales, objetos pequeños, plantas y libros.le da un estilo moderno, tradicional, industrial, rústico o natural con un aspecto sofisticado y rústico. ✅【Ahorro de Espacio】Estanterias de pared set de 3 ,puede acomodar múltiples objetos con una buena vista del espacio,los estanterias metalicas pueden crear una sensación adicional de espacio sin ocupar espacio, prácticos estantes de pared adecuados para estudios, dormitorios o salas de estar pequeñas, fáciles de adaptar a sus necesidades. ✅【Instalación de 3 tipos】 Hay 3 tipos que puede elegir para instalar los estantes. Gancho adhesivo adhesivo adecuado para paredes lisas, el peso máximo es de 5 kg; No hay clavos para marcar adecuados para pintar paredes con látex, el peso máximo es de 5 kg; Tornillos de expansión adecuados para paredes solitarias o superficies rugosas y resistentes, el peso máximo es de 10 kg.",PNNP,Negro
B08FQQWVTP,es,"Fintie Funda para iPad Air 10.5"" (3.ª Gen) 2019/iPad Pro 10.5"" 2017 con Soporte Integrado para Pencil - Trasera Transparente Mate Carcasa Ligera con Auto-Reposo/Activación, Morado","<b><p>¡Fintie, un producto de calidad a su alcance! </b> </p><br> <b><p>Materiales: </b> <p>Frente interior está hecha de microfibra de cuero sintético de alta calidad, suave y sin arañazos; <p>Cubierta trasera es para protección duradera y ligera. </p><br> <b><p>Compatibilidad: </b> <p>Esta funda está diseñada para <b> iPad Pro 10.5 pulgadas lanzada en 2017 / iPad Air 10.5"" (3.ª generación) 2019</b> SOLAMENTE; <p>No es compatible con ningún otro dispositivo. </p><br> <b><p>Contenido del producto: </b> <p>1x Fintie SlimShell Funda </p><br><b><p>NOTA: Los colores que se muestran en las imágenes pueden diferir ligeramente del producto real debido a la configuración de iluminación y color. <p> Disponible en una variedad de colores brillantes y divertidos. </b>","Específicamente diseñado para iPad Air 10.5"" (3.ª generación) 2019 / iPad Pro 2017 de 10.5 pulgadas con recortes y aberturas precisas para un fácil acceso a todas las características de la tablet. Delgado, ligero, duradero cuero sintético y suave frente interior de microfibra sin arañazos. Y la cubierta posterior translúcida, especialmente tratada con acabado mate, mostrará con orgullo el icono. Incluye portalápices y ranura para adaptadores, toma su lápiz y adaptador sin esfuerzo siempre que lo desees, para llevar fácilmente su lápiz con su dispositivo. (Solo funda, otros accesorios no incluidos!) La cubierta frontal de tres pliegues tiene la capacidad de voltearse para transformar la funda en un soporte para ver y teclado. Fácil aplicación de clip. Activa o desactiva automáticamente el dispositivo cuando se abre y cierra la tapa.",Fintie,Morado
B08FT5QDWJ,es,"Dadanism Funda Compatible con iPad Air 4 (4ª Generación) iPad 10,9"" 2020，Cubierta con Función de Carga del Lápiz Auto Sueño/Estela Cover, Negro","<p><strong>Dadanism Funda de Tableta - El Compañero Perfecto para Su Tableta</strong></p><p><br/></p><p>Diseño personalizado para iPad Air 4ª Generación 2020 con A14 Bionic (iPad 10,9"" 2020). Nuestra funda presenta la combinación de funcionalidad y estilo.</p><p><br/></p><p><strong>Características Sobresalientes:</strong></p><p><br/></p><p>- Activa o desactiva automáticamente iPad Air 4ª Generación 2020 con A14 Bionic (iPad 10,9"" 2020) cuando se abre y se cierra la tapa.</p><p><br/></p><p>- Soporte de cubierta triple para ver películas y mecanografiar con el teclado.</p><p><br/></p><p>- La cubierta delgada y liviana minimiza el volumen mientras protege su tableta.</p><p><br/></p><p>- Alta calidad, elegante y duradera, fácil de instalar y quitar.</p><p><br/></p><p>- La carcasa inteligente de la integración cuenta con la cubierta protectora y el soporte confiable.</p><p><br/></p><p>- Sin biseles alrededor de la pantalla, lo que permite deslizar gestos sin obstrucciones.</p><p><br/></p><p><strong>El Paquete Incluye:</strong></p><p><br/></p><p>1*funda</p>","Compatibilidad: Está diseñado especialmente para iPad Air 4ª Generación 2020 con A14 Bionic (iPad 10,9"" 2020). Combina con todas las funciones y los accesorio de iPad Air 4ª Generación 2020 con A14 Bionic (iPad 10,9"" 2020).(Modelo: A2324 A2325 A2072 A2316) Carga de Lápiz: La carcasa trasera con diseño de borde descubierto le permite conectar Apple Pencil con su tableta magnéticamente para emparejar y cargar de forma inalámbrica sin quitar la carcasa. Inteligencia: Una vez que abre la funda, su tableta se activa automáticamente. Cuando se cierra la carcasa, el dispositivo entra instantáneamente en modo de suspensión. Soporte: La cubierta frontal de tres pliegues tiene la capacidad de voltear para transformar la funda protectora en el soporte de ver y de teclado. Portátil: El diseño de la integración es ultradelgado y liviano, lo que minimiza el volumen mientras protege su tableta. La funda sin costuras envuelve tanto la parte delantera como la trasera de iPad Air 4ª Generación 2020 con A14 Bionic (iPad 10,9"" 2020) a la vez que es ultradelgada y ligera.",Dadanism,Negro
B08G42DW2L,es,"TiMOVO Funda Compatible con Nuevo iPad Air 4ª Generación, iPad Air 10.9'' 2020, [Admitir Touch ID & Carga del iPencil] Delgada Carcasa Protectora de TPU Transparente con 4 Colchones de Aire, Claro","<p><strong>Compatibilidad:</strong></p><p><br/></p><p>Diseño personalizado para su preciada Nuevo iPad 10.9 inch, iPad Air 4.ª Generación 2020 (Número de modelo: A2072 / A2316 / A2324 / A2325), esta TiMOVO Funda ofrece una combinación de funcionalidad y estilo.</p><p>Bien construido para proteger su iPad 10.8-inch.</p><p><br/></p><p><strong>Descripción del Producto:</strong></p><p><br/></p><p>La funda de TPU suave es durable, ligero y protector. Y Tiene los recortes precisos, es compatible con la función de desbloqueo de Touch ID.</p><p>Se puede reducir la probabilidad de arañazos y caídas.</p><p>El diseño humanizado protege su preciosa tableta perfectamente con una mirada pasada de moda.</p><p>Frente hendidura de los bordes de la pantalla para protegerla cuando se pone cara abajo.</p><p>El diseño único de corte preciso y esquinas reforzadas que permite un fácil acceso a todos los botones, controles y puertos sin tener que quitar la tapa.</p>","Diseñado a personalizado para su preciada Nuevo iPad 10.9 inch, iPad Air 4.ª Generación 2020 (Número de modelo: A2072 / A2316 / A2324 / A2325). Equipado con la avanzada de cáscara dura de policarbonato + TPU flexible y 1 capa de anti-arañazo protector de pantalla completa. La funda protectora resistente con doble capa ofrecen una protección a las caídas, golpes y choques. 4 esquinas de colchón de aire pueden proporcionar protección adicional contra caídas, lo que lo hace tener una protección extrema contra caídas con la absorción adicional de impacto. La funda tiene los recortes precisos. Se cargará inmediatamente cuando se conecte al 2nd Gen ipencil sin necesidad de quitar la funda. Y es compatible con la función de desbloqueo de Touch ID. La funda protectora elegante y delgada hace que el ipad se vea como su tamaño original sin afectar la belleza. Y fácil de sostener y transportar, puede brindarle una experiencia cómoda y portátil.",TiMOVO,
B08GWN3GMX,es,"TiMOVO Funda para Nuevo iPad 10.9 Inch, iPad Air 4.ª Generación 2020, Cubierta de Tres Plegables con Posterior Transparente TPU Ligera con Auto Sueño/Estela, Oro Rosa","<p><strong>COMPATIBILIDAD:</strong></p><p>Esta funda está diseñado especialmente para Nuevo iPad 10.9 inch, iPad Air 4.ª Generación 2020 (Número de modelo: A2072 / A2316 / A2324 / A2325).</p><p><br/></p><p><strong>CARATERÍSTICAS:</strong></p><p>1. Esta funda diseñada perfectamente, ofrece la protección complecta a su dispositivo presenta recortes de puertos precisos, acceso completo a todos los puertos, botones y funciones, permite que todas las funciones del control remoto estén abiertas para su uso.</p><p>2. Se activa o desactiva automáticamente cuando la tapa se abre y se cierra. Puede ahorrar energía del teléfono móvil y reducir el consumo de batería.</p><p>3. Es compatible con la función de desbloqueo de Touch ID.</p><p>4. El diseño del respaldo delgado y ligero agrega un volumen mínimo a la vez que protege su precioso dispositivo. No hay biseles alrededor de la pantalla que permiten deslizar gestos sin obstrucciones.</p><p><br/></p><p><strong>CONTENIDO DEL PAQUETE:</strong></p><p>1x Funda de iPad Air 4.ª Generación 2020 (Número de modelo: A2072 / A2316 / A2324 / A2325)</p><p>（No incluye la tableta.）<br/></p>","Compatibilidad Perfecta - Diseñado especialmente para proporcionar una gran protección a Nuevo iPad 10.9 inch, iPad Air 4.ª Generación 2020 (Número de modelo: A2072 / A2316 / A2324 / A2325). Material Premium - La tapa trasera eatá hecho de TPU suave de alta calidad para una mejor función de absorción de impactos y mejora en gran medida la transferencia de calor. Auto-Desbloquear - Con solo abrir y cerrar la tapa, puede despertar automáticamente / poner a dormir su tableta de manera fácil y cómoda de usar. Ajusta Multi-ángulos - El imán más poderoso propociona ángulos de visión cómodos al mirar videos, mensajes de texto, juegos o aprendizaje, etc.. Y tiene los recortes precisos, Es compatible con la función de desbloqueo de Touch ID. Delgado y ligero - El diseño del respaldo delgado y ligero agrega un volumen mínimo a la vez que protege su precioso dispositivo. No hay biseles alrededor de la pantalla que permiten deslizar gestos sin obstrucciones.",TiMOVO,Rose Gold
B08GY7NPYN,es,"ProCase Funda para Nuevo iPad Air 4 10.9"" 2020 Modelo A2324 A2072 A2316 A2325, Carcasa Trasera Rígida Delgada con Tapa Inteligente para iPad Air 4.ª Generación 10.9 Pulgadas Versión 2020 -Azul Marino",,"🚩Estuche delgado para iPad Air 4 10.9"" 2020 (Modelos: A2324/A2072/A2316/A2325). No compatible con ningún otro dispositivo. OJO: Configure Primero su Touch ID Antes de Insertar el iPad en la funda. Comprueba la parte inferior trasera de tu iPad para encontrar el número de modelo 🚩El diseño de respaldo duro y liviano agrega un volumen mínimo al tiempo que ofrece a su dispositivo una gran protección contra caídas y golpes accidentales 🚩La cubierta posterior esmerilada translúcida le permite ver el ícono de Apple a través de su color favorito y proteger su dispositivo contra huellas dactilares y rasguños mientras tanto 🚩Diseño clásico y profesional; Acceso completo a todas las funciones (cámaras, altavoz, puertos y botones), pero NO es compatible con el teclado inteligente en este caso 🚩Admite la función de conexión y CARGA de Apple Pencil 2ª generación; Admite la función Auto Activación / Suspensión; El imán asegura el cierre de la caja, fácil de poner y quitar",Procase,Azul Marino
B08GYFBKD4,es,"Ordenadores Portatiles, iProda 360°Pantalla Táctil, Portátil Convertible 11.6 Pulgada, Intel Quad Core N4100, hasta 2,40 GHz 4GB RAM 64GB eMMC, Expansión de 512 GB, Windows 10 Pro, FHD 1920 x 1080",,"🌞Procesador Intel Celeron: portátil con pantalla táctil iProda con procesador Intel Celeron N4100 (hasta 2,4 GHz, 4 MB de caché Intel). Mejora el rendimiento del sistema en más de un 30% en comparación con el antiguo Intel N4100, 4 GB de RAM DDR3, 16 GB de capacidad de almacenamiento instalada, admite 512 GB de almacenamiento ampliado SSD, GPU: Intel UHD Graphics 600. 🌈Características: Potente portátil convertible Windows 10 con pantalla táctil FHD de 11,6 pulgadas con nivel IPS de 360º, Micro Tipo C, conector para auriculares, Micro HDMI, Micro USB, Micro TF. Intel WIFI AC es compatible con la red inalámbrica de doble banda. 💻Miniportátil ultrafino y ligero para la movilidad: Toda la carcasa metálica de aluminio tiene sólo 8 mm de grosor y pesa sólo unos 2,2bl. El portátil con pantalla táctil windows10 es duradero y portátil, por lo que es ideal para estudiantes, viajes y desplazamientos. Es la mejor opción para trabajar en cualquier momento y lugar. 🔋360 grados de rotación y pantalla táctil convertible windows 10 portátil, voltear en cualquier ángulo, 11,6 ""Full HD multi-touch. Si tocas la pantalla con el dedo, podrás conocer mejor la interfaz de usuario de WINDOWS 10. 👏Lo que usted posee: Portátil con pantalla táctil iProda M1169Y de 11,6 pulgadas (gris platino) x1, adaptador para Alemania, cable de conexión A, manual en alemán. Además, disfrutará de una garantía de producto de 365 días. Así que no se preocupe por hacer un pedido.",iProda,
B08HQJQRHT,es,"STOREMIC Estantes flotantes en Forma de U, fáciles de Instalar, estantes de Pared, Juego de 3, estantes de Pared Blancos de 30 cm, 45 cm, 60 cm para Cocina, Sala de Estar, baño y Dormitorio",,"Fácil de instalar - Cada estante tiene bocallaves pre-perforados y le proporcionamos las piezas que pueda necesitar. Para ti, la instalación es bastante rápida y fácil, toma menos de cinco minutos y sólo necesitas un destornillador y un martillo Guarda espacio para tu habitación - ¿Te molesta el caos que hay en tu habitación? Algo de conexión de pared que pueden instalar ellos mismos en la pared, puede crear ese importante espacio extra. S: 30*15*10cm, M: 45,2*15*10 cm, L: 60,2*15*10cm, Con estosestanteria pared de pared STOREMIC puede dar más espacio en su apartamento para ordenar la habitación desordenada No sólo más espacio, sino también una decoración - Los baldas pared STOREMIC tienen líneas limpias, lucen muy modernos y son lo suficientemente profundos para ser útiles. Así que no te limites a tu ubicación habitual, usa tu imaginación, organiza combinaciones creativas para aportar más diseños a tu estilo de vida Muy buena calidad - el tablero de estantería pared STOREMIC está hecho de madera MDF, por lo que el repisas de pared de la pared es ignífugo, resistente al calor, a la humedad, más resistente a la abrasión que los estantes enchapados normales y no se deforma fácilmente. Por lo tanto, puede instalar y utilizar los estanterias pared en cualquier lugar con confianza Adecuado para la mayoría de las paredes - No importa si lo instalas alrededor de la pared de madera, de yeso o de hormigón. Instalar el estante alrededor de estas paredes es muy adecuado. ¿Qué necesitas hacer? Sólo tienes que elegir los tornillos adecuados de acuerdo a tu necesidad",STOREMIC,Blanco
B08HZ3YBPH,es,"BMAX Y13 Pro Computadora Portatil, Convertible Tactil Laptop13.3 Pulgadas Ordenador Portatil, Windows 10 Core M5 6Y54 (hasta 2,7GHz) , 8GB RAM +256 SSD, 1920×1080 FHD, USB C, WiFi 2.4GHz/5GHz",,"&#9989Diseño de eje reversible de 360 grados，modo de trabajo plegable. Incluye cuaderno, tableta, cuaderno de dibujo y más modos. La eficiencia de la oficina móvil se antropomorfiza en dos en uno. &#9989El procesador In-tel Core M5 6Y54, alimentado por el procesador In-tel Core M5-6Y54, el BMAX Y13 Pro es muy potente. No tienes que preocuparte por su excelente rendimiento y connotación. &#9989 8GB RAM memoria y 256GB SSD, El estándar de 8 GB de RAM es suficiente para la informática de uso general y los sin causar serios problemas de velocidad o rendimiento. Por lo tanto, puedes guardar lo que quieras en el SSD de 256 GB. &#9989Teclado retroiluminado: puede trabajar o jugar en cualquier momento con una luz de fondo lo suficientemente brillante como para que pueda escribir en la oscuridad.Nota: este es un teclado americano QWERTY. &#9989Precision Touch: toque de 10 puntos para una experiencia más natural y receptiva, que le permite hacer clic sin problemas. Desliza, desliza y pellizca.",Bmax,
B08J9T11XW,es,"Fintie Funda para iPad Air 10,9"" (4.ª Generación, 2020) con Soporte Integrado para Pencil - Carcasa Ligera Trasera Transparente Mate con Auto-Reposo/Activación, Mármol Rosa","<b><p>¡Fintie, un producto de calidad a su alcance! </b> <b><p>Materiales: </b> <p>Frente interior está hecha de microfibra de cuero sintético de alta calidad, suave y sin arañazos; <p>Cubierta posterior translúcida es para protección duradera y ligera. </p><br> <b><p>Compatibilidad: </b> <p>Esta funda está diseñada solo para <b>iPad Air 10.9 pulgadas ( 4.ª generación, 2020) (Número de modelo: A2072/A2316/A2324/A2325)</p><br> <b><p>Contenido del producto: </b> <p>1x Fintie SlimShell Funda </p><br><b><p>NOTA: Los colores que se muestran en las imágenes pueden diferir ligeramente del producto real debido a la configuración de iluminación y color. <p> Disponible en una variedad de colores brillantes y divertidos. </b>","Específicamente diseñado para iPad Air 10.9"" ( 4.ª generación 2020) (Número de modelo: A2072/A2316/A2324/A2325). Delgado, ligero, duradero cuero sintético y suave frente interior de microfibra sin arañazos. Y la cubierta posterior translúcida, especialmente tratada con acabado mate, mostrará con orgullo el icono. Ábrela para activar y ciérrala para ponerlo en reposo para maximizar la duración de la batería. Soporte para lápiz óptico incorporado y ranura para adaptador, agarre su lápiz óptico y adaptador sin esfuerzo siempre que lo desee, fácilmente para llevar su lápiz óptico con su dispositivo. (Solo funda, otros accesorios no incluidos!) Disponible en una variedad de colores brillantes y divertidos.",Fintie,Z-Mármol Rosa
B08JCFN672,es,"HBorna Funda para 10.9"" iPad Air 4 2020 Carcasa Case - Clear TPU Silicone Back Case Anti Slip Shockproof Bumper Protector for iPad 10.9 [Compatible with Pencil 2nd Gen Charging], Transparente",,"100% Compatible para el nuevo 10.9 inch iPad Air 4th Generación 2020 Tableta (Modelo: A2324, A2072). NO Compatible with Apple Smart Cover y Keyboard Cover. La buena calidad del material de TPU le da a su iPad una apariencia elegante. La protección ideal contra arañazos, polvo. Elegante y duradero, fácil de instalar y quitar alta calidad. Ultra delgado y ligera, no notará que la lleva puesta. También te da un toque cómodo. Un fácil acceso a los altavoces, botones de volumen, el cargador y la cámara. Estuche perfecto para iPad Air 4a generación (10.9"" 2020). Admite el accesorio magnético Pencil de 2.a generación y la carga inalámbrica. Pero primero quítese la funda / estuche Pencil.",HBorna,transparente
B08JM5M345,es,"Base tapizada en 3D, Reforzada con 5 Barras transversales y Juego de 6 Patas metálicas. Cabeceroscamas.com (Crudo, 90x190)","<p><strong>Detalles de nuestros productos.</strong><br></p> Base fabricada con una fuerte y resistente estructura metálica de tubo de 30×30 sobre su estructura de 5 barras transversales Posterior colocado de tablero de aglomerado prensado de 10 mm. haciendo así una base tapizada muy resistente, (SE AÑADIRAN 7 PATAS METALICAS EN LAS MEDIDAS DE 135 Y 150 cmts COMO REFUERZO CENTRAL), recubierta de una capa de fibra siliconizada de 2,5cmts. de grosor para su posterior tapizado en rejilla 3D donde tendrá una gran variedad de colores donde elegir…. <br>ESTRUCTURA: Estructura metálica de tubo de 30×30 con 5 Barras de refuerzo transversales de 30×30 Tablero de aglomerado prensado de 10 mm. 6 / 7 Chapas de rosca para la posterior colocación de las patas.</br> <br> SOMOS FABRICANTES, DISEÑAMOS CUALQUIER MEDIDA, DESDE UNA BASE TAPIZADA DE 80x180 HASTA UNA BASE TAPIZADA DE 200x200…</br> <br> 2 Años de garantía ( los gastos de devolución por equivocación a la hora de medidas o colores correrán por cuenta de el cliente )</br><br> Grosor total de la base tapizada 6/7cm</br> <br> FABRICADO EN ESPAÑA POR: cabeceroscamas.com</br>","<p><strong>Nuestras BASES TAPIZADAS.</strong><br></p> están fabricadas con una estructura metálica de tubo de 30×30 fuerte y resistente, reforzada con 5 barras soldadas transversalmente para su mayor resistencia. Sobre esta estructura un tablero de aglomerado melaminado de 10 mm. de espesor, con una capa de espuma de 1 cm., y posteriormente tapizado en rejilla traspirable ""Air Fresh 3D”. Incluye un juego de 6 patas, que se unen a la base tapizada mediante rosca, de forma cilíndrica de 5 cm. de diámetro, y tapón de plástico para evitar daños en el suelo. Su colocación es extremadamente sencilla, no siendo necesaria ninguna herramienta. Puede que la mercancía sea entregada a pie de calle.",Cabeceroscamas,Crudo
B08JZVBZ13,es,"Microsoft Surface Laptop Go - Ordenador portátil de 12.4"" (Intel Core i5-1035G1, 8GB RAM, 128GB SSD, Intel Graphics, Windows 10) Platino - Teclado QWERTY Español",,"Súper ligero, con apenas 1,11Kg, para llevar a todas partes Pantalla táctil de 12.45 pulgadas, 1536x1024 pixels Procesador 10th Gen Intel Core i5-1035G1 Memoria RAM de 8GB Unidad SSD 128GB",Microsoft,Platino
B08KGCBKHJ,es,"Zouminyy Paño Oxford Impermeable 420D para Exteriores, Funda Protectora de Aire Acondicionado, Cubierta de Aire Acondicionado de Ventana para Exteriores para Unidades Exteriores(25.2x20.9x17.3in)","<p><b>Especificación:</b></p><p><br></p><p><br></p><p>Condición: 100% nuevo <br>Tipo de artículo: cubierta de aire acondicionado <br>Material: tela Oxford impermeable 420D <br>Color: negro <br>Características: Evita la salida de calor y la entrada de aire frío, a prueba de polvo, se puede lavar <br>Peso aproximado. 140g-300g/4.9oz-10.6oz <br>Tamaño del producto: Aprox. 43x34x32cm/16.9x13.4x12.6in, 64x53x44cm/25.2x20.9x17.3in, 70x64x48cm/27.6x25.2x18.9in (Opcional)</p><p><br></p><p><br></p><p><br></p><p><b>Lista de paquetes:</b></p>1 x cubierta de aire acondicionado <p><br></p><p><b>Nota:</b></p>1.Permita un error de 0 a 1 pulgada debido a la medición manual. Gracias por su comprensión.2.Los monitores no están calibrados del mismo modo, el color del elemento que se muestra en las fotos puede mostrarse ligeramente diferente del objeto real Tome el real como estándar.","AISLAR EL AIRE FRÍO Y EL POLVO: aire exterior, acondicionador de la cubierta protectora, evita la salida de aire caliente y la invasión de aire frío, adecuado para la mayoría de los acondicionadores de aire. PROTEJA SU UNIDAD DE AC: Se puede instalar en la parte superior, inferior y laterales de los marcos de ventanas estándar para evitar que la humedad y los escombros se acumulen externamente. MATERIAL IMPERMEABLE: Con material de tela Oxford impermeable 420D de primera calidad, es duradero, resistente al desgaste y a la intemperie. FÁCIL DE INSTALAR: Con correas ajustables y hebillas de plástico, fácil de instalar, se puede fijar firmemente, a prueba de viento y polvo. REDUZCA LOS COSTOS DE CALEFACCIÓN: Puede proteger los aires acondicionados exteriores y ahorrar energía al evitar que el aire frío ingrese a la casa en invierno.",Zouminyy,
B08KPYKNWZ,es,"INFILAND Funda Case para iPad Air 4 Generación,iPad 10.9 Inch 2020 Cover Soporte,[Auto-Reposo/Activación Cubierta] [Trasera Transparente] [Carcasa Ligera] [Ultra Delgada Estuche],(Menta Verde)","<b>Funciones:</b><br> Está hecho de cuero sintético de alta calidad, que puede brindar una protección integral a su tableta, sin preocuparse por arañazos, caídas y colisiones.<br> La cámara, los altavoces, los botones físicos y otros puertos tienen cortes perfectos.<br> Este es un artículo imprescindible para todos los propietarios de iPad Air 4 10,9 2020<br><br> <b>Notas:</b><br> Funda Case para iPad Air 4 10,9 2020<br> Debido a la configuración de luz y color, el color puede ser ligeramente diferente al de la imagen real del producto.<br><br>","[Compatibilidad] Diseñado para Nuevo iPad 10.9 Inch, iPad Air 4.ª Generación 2020. NO funcionará para ningún otro modelo de dispositivo. [Delgado, Fresco, Elegante] 100% nuevo, ligero y ultrafino. La carcasa colorida y hermosa está especialmente diseñada para el color original del iPad Air 4.ª Generación 10.9 Inch 2020. [Protección Completa] Borde suave de TPU con función de absorción de impactos. La parte trasera dura evita eficazmente que el ipad Air 4 se doble. Exterior de cuero sintético de primera calidad e interior suave para evitar arañazos. [Eficiente e Inteligente] Con la función de suspensión / activación automática, puede mejorar la eficiencia del consumo de electricidad.Admite Carga Inalámbrica Apple Pencil. [Soporte de múltiples ángulos] Se proporcionan múltiples ángulos para satisfacer sus necesidades de visualización y escritura, libere sus manos para otros entretenimientos.",INFILAND,Menta Verde
B08KTS1FZT,es,"KHOMO Funda iPad Air 4, 10.9 2020 Origami Smart Cover Tapa Delantera y Carcasa Semi Transparente Trasera Soporte Vertical y Horizontal - Negro",,"✔️✔️ Por favor comprueba la compatibilidad primero – Compatible solo con iPad Air de 4ª generación de 10,9 pulgadas (lanzado en octubre de 2020). ✔️ Diseño inteligente con una capa exterior ultra delgada (solo 0.3,8mm) ofrece una protección duradera pero ligera, protección contra arañazos, forro interior suave que proporciona protección completa de la pantalla. ✔️ Múltiples ángulos posiciones horizontales y verticales Se pliega para ver cómodamente películas y vídeos o colocarlo en un ángulo más bajo y ergonómico para escribir. Es fácil obtener siempre la vista correcta.",KHOMO,Negro
B08L1XPVFD,es,"MoKo Funda para iPad Air 4ta Generación 2020 iPad 10.9 2020 Tableta, [Admite Carga Inalámbrica Apple Pencil] Trasera Transparente Ultra Delgado Soporte Protectora Plegable Cubierta, Azul Claro","<p><strong>Compatibilidad:</strong><br/>Diseñar para su precioso <strong>iPad 10.9 2020 Tableta </strong>, esta MoKo funda ofrece una combinación de funcionalidad y estilo.<br/>Bien construida para proteger su <strong>iPad 10.9 2020 Tableta </strong> para los años venideros.<br/><br/><strong>Descripción del producto:</strong><br/>El diseño ultradelgado proporciona la máxima protección con un peso mínimo protege su precioso dispositivo.<br/>De alta calidad, elegante y durable, fácil de instalar y quitar.<br/>La buena calidad de PU cuero impulsa un aspecto elegante.<br/>Conveniente stand posición para ver la película o escribir.<br/>Con cierre magnético.</p>","Compatibilidad - Perfectamente diseñado para iPad Air cuarta generación, iPad 10,9, iPad Air 4 de 10,9 pulgadas y iPad Air 4 (Modelo: A2316, A2324, A2325 ,A2072). Acceso a todas las características y controles. Tríptico Diseño - Funda frontal con tres pliegues plegables y múltiples imanes incorporados se bloquean cuando está en modo de pie para ver película y escribir con estabilidad. Auto Estela / Sueño - Despierta o duerme automáticamente el dispositivo cuando se abre y cierra la funda. Dura Carcasa Trasera - Hecha de PU cuero de alta calidad con una microfibra suave en el interior impulsa un aspecto elegante. La funda posterior de plástico translúcido es muy duradero, puede evitar efectivamente caídas y arañazos. Recortes Exactos - Recortes precisos y abersuras para los botones de control y las cámaras permiten un fácil acceso. Conveninete de cargar sin quitar la funda.",MoKo,Azul Claro
B08L66P2D9,es,"Lenovo IdeaPad Duet 3 - Portátil 2 en 1 de 10.3"" WUXGA (Intel Celeron N4020, 4GB RAM, 64GB eMMC, Intel UHD Graphics 600, Windows 10 Home en Modo S), Gris - Teclado QWERTY Español",,"Pantalla de 10.3"" WUXGA (1920x1200) IPS, 340 nits, Lenovo IdeaPad Duet 3 Folio Procesador Intel Celeron N4020 (2C / 2T, 1.1 / 2.8GHz, 4MB) Memoria RAM de 4GB Soldered DDR4-2400 Almacenamiento de 64GB eMMC 5.1 Tarjeta gráfica integrada Intel UHD Graphics 600",Lenovo,No aplica
B08L6GSP7S,es,"Billionn Funda para iPad Air de 4ª generación 2020 + protector de pantalla, iPad Air 4 10.9 pulgadas 2020 funda con soporte para lápices, funda inteligente, apagado automático, color morado","Compatibilidad: <br>Diseñado exclusivamente para iPad Air de 4ª generación de 10,9 pulgadas versión 2020 (A2072 / A2316 / A2324 / A2325), no compatible con ningún otro dispositivo. Comprueba el modelo de tu dispositivo cuidadosamente antes de comprar. <br><br>Detalles: <br>1. La parte posterior de la funda está hecha de material de TPU transparente, y la parte delantera está hecha de poliuretano y material de silicona agradable al tacto. También tiene función de encendido y apagado automático para ahorrar la vida de la batería. <br>2. Tapa dura delgada y ligera que añade un volumen mínimo mientras protege tu preciado dispositivo. <br>3. Funcionamiento plegable, soporte de marco, se puede utilizar en vertical, ver películas. <br>4. Diseñado con un soporte para bolígrafos para tu lápiz Apple que puede proteger completamente tu lápiz Apple de cualquier daño. <br>5. Diseño perfecto para tu tableta: recortes precisos, fácil acceso a todas las funciones y controles. <br>6. La esquina de esta funda utiliza un material más grueso, que protegerá mejor tu iPad de golpes y la funda no se rompe fácilmente. <br><br>Servicio: <br>Valoramos sinceramente a nuestros clientes. Tu 100% satisfecho con nuestro producto es el mayor apoyo y servicio de nosotros. Sin embargo, si tienes cualquier problema con nuestro producto o servicio, por favor danos una oportunidad de comprobarlo primero y definitivamente lo resolveremos para ti. <br><br>Paquete: <br>1 funda para tablet (tableta no incluida). <br>1 protector de pantalla. <br>1 paño de limpieza de la marca Billionn (color al azar).","Compatibilidad: diseñado exclusivamente para iPad Air de 4ª generación de 11 pulgadas versión 2020 (A2072 / A2316 / A2324 / A2325), no compatible con ningún otro dispositivo. Comprueba el modelo de tu dispositivo cuidadosamente antes de comprar. Función de reposo/encendido automático: los imanes integrados activan al instante tu iPad cuando abres la funda y lo pones a dormir cuando la cierras. Protege y prolonga la vida de la batería. Diseño: soporte triple estable – la cubierta frontal se puede plegar en dos ángulos para disfrutar de la escritura más cómoda y los botones de todas las películas. Serie minimalista ligera: recortes precisos y aberturas que te permiten acceder a todos los puertos. La parte posterior de la funda está hecha de material de TPU transparente, y la parte delantera está hecha de poliuretano más material de silicona agradable al tacto. Diseño delgado y ligero de la parte trasera dura que añade un volumen mínimo mientras protege tu valioso dispositivo. [Protección completa]: diseño ultra delgado y ligero que añade un volumen mínimo mientras que ofrece a tu dispositivo una gran protección. No te preocupes, no nos hemos olvidado de esa cara pantalla LCD. Incluimos un protector de pantalla gratuito para que toda tu tableta esté protegida ahora",Billionn,Purple
B08L81WGD7,es,"Duérmete Online Base Tapizada 3D Reforzada | Anti Ruido con 5 Barras de Refuerzo | Válvulas de Ventilación | 6 Patas Madera Color Cerezo, Blanco, 90x190",,"Este artículo se envía en 2 cajas.Las diferentes cajas podrían entregarse en días diferentes,con una diferencia máxima de 72 horas. Base tapizada fabricada con estructura metálica reforzada de acero con 5 barras transversales, estructura metálica en tubo de 30 x 30 mm; sobre esta estructura apoya un tablero compuesto por madera aglomerada de 10 mm de gran resistencia y durabilidad; fabricada en españa La base está tapizada con tejido de malla 3d, muy transpirable, con propiedades antideslizantes, para evitar que el colchón se desplace; favorece la ventilación Incorpora 4 aireadores de ventilación, que mejoran considerablemente la transpirabilidad del colchón Incluye juego de 6 patas de madera cilíndricas de altura 25cm; se unen a la base tapizada mediante rosca con tapón para protejer el suelo de arañazos La base tapizada no precisa de montaje ni herramientas, tan sólo hay que roscar las patas que vienen incluidas",DUÉRMETE ONLINE,Blanco
B08LNS51YL,es,Pan Proteico SiempreTierno XXL 500 grs · Pan Keto Proteinado Bajo en Carbohidratos · 25% de Proteínas · Ideal dietas Hipocalóricas y Altas en Proteínas KETO · Dura hasta 270 días sin frio.,"<p><strong>Pan Proteico SiempreTierno by Cia&Co XXL 500 grs · Pan Keto Proteinado Bajo en Carbohidratos · 25% de Proteínas · 12% de Fibra · Ideal dietas Hipocalóricas y altas en Proteínas. 85% Menos de Carbohidratos.</strong></p><p>Gracias a su atmosfera protegida dura hasta 270 días sin necesidad de frio, ni congelación. Almacenable en cualquier armario en lugar fresco y seco.</p><p>Presentado en 1 Bolsa individual cortado en prácticas rebanadas, para poder usar poco a poco. Gran durabilidad.</p><p>Ideal para dietas Hipocalóricas, KETO, Altas en Proteínas como Dukan, Cetosis, Cetogénica, Siken, Kot, Keto...</p><p>El Pan SiempreTierno by Cia&Co es ideal para cualquier momento del día. Desayunos, Comidas, Cenas o en un momento de apuro, a horas donde sería imposible tener pan recién horneado.</p><p>Al no necesitar refrigeración, ni Congelación es perfecto para oficinas. Despreocúpate por descongelar pan o por hacer la compra del pan.</p><p> </p><p><strong>Producto envasado en Atmosfera Protectora;</strong></p><p>El Envasado en atmósfera modificada se realiza para ampliar la vida útil del producto hasta 270 días tras la fabricación reduciendo el oxígeno dentro de los envases hasta niveles mínimos.</p><p>Gracias a nuestro sistema de envasado, proporcionamos una larga vida útil de nuestros panes, garantizando su frescura, manteniendo su auténtico sabor, donde la existencia de conservantes brilla por su ausencia.</p><p> </p><p><strong>Sin necesidad de frío para su conservación</strong></p><p>La seguridad de su envasado y embalaje está concebida de acuerdo a las más rigurosas normas higiénicas para garantizar la máxima calidad del producto, múltiples y significativas son las ventajas del envasado en atmósfera protectora, ofreciendo una excelente garantía para la prolongación de su mejor conservación, sin tener que renunciar por ello a variación alguna en su sabor o aporte nutricional.</p><p> </p><p><strong>¡ADAPTANDOSE A LOS NUEVOS HOGARES¡</strong>","✅ 【Pocas Calorías, Muchas Proteínas, Pocos Hidratos】: Pan Keto Proteinado, Pan Bajo en Carbohidratos Pan de Semillas · 25% de Proteínas · 12% de Fibra · Ideal dietas Hipocalóricas y altas en Proteínas. 85% Menos de Carbohidratos. Pan Proteínas ✅ 【500 Grs de Pan Proteinado cortado en rebanadas】: Pan Proteico SiempreTierno by Cia&Co XXL 500 grs · Bocados Siempre Tiernos. ✅ 【Caducidad Hasta 270 días tras la fabricación】: Envasado en Atmosfera Modificada con una caducidad de hasta 270 días desde la fecha de fabricación. ✅ 【SiempreTierno y suave. Pan Fresco a cualquier hora】: Ideal para cualquier momento del día. Desayunos, Comidas, Cenas o en un momento de apuro. Se conservan en cualquier armario tierno, suave y fresco. ✅ 【Apto Para Dietas Keto, Dukan, Cetosis, Cetogénica, Siken, Kot, Keto...】: Su composición Protein Whey de hasta un 85% menos de CarboHidratos y su Alto contenido en Proteínas (25%) lo hacen ideal para dietas especificas de adelgazamiento, para adelgazar.",Cia&Co,
B08LPWCHV7,es,"YIGII Portarrollos Para Papel Higiénico Adhesivo - Portarrollos Baño Negro Matt Porta Rollos de Papel Higienico SUS 304 Acero Inoxidable con Estante de Almacenamiento, Autoadhesivo y Taladrar","<p>YIGII: </p> <p>Serie YIGII Simple Home (Portarrollos Baño): simple, elegante y práctico</p> <p> </p> <p>Descripción:</p> <p>Color: Negro</p> <p>Material: Acero inoxidable SUS 304</p> <p>Tamaño: 14 x 10 x 10 cm</p> <p>Método de instalación: autoadhesivo, taladrar.</p> <p>Paquete: Portarrollos para papel higiénico x 1</p> <p> </p> <p><b>El diseño simple está en línea con el concepto de vida minimalista actual, y el diseño negro discreto y tranquilo es adecuado para cualquier estilo de decoración de interiores.</b></p> <p> </p> <p>En la cocina:<b> </b>Fácil de sacar los pañuelos, mantén las manos secas y ordenadas en todo momento.</p> <p> </p> <p>En baño:<b> </b>Permite colocar rollos gruesos mientras puede colocar teléfonos móviles o aromaterapia en la parte superior.</p> <p> </p> <p>En el dormitorio: Coloque toallas de papel en la cabecera de la cama a su alcance, coloque plantas y aromaterapia en la parte superior para mantener fresca la habitación. </p> <p> </p> <p>Dos métodos de instalación, libre elección sin restricciones.</p> <p>Fuerte fuerza de soporte, sin necesidad de perforar agujeros, esta es una opción ideal para aquellos que no quieren perforar agujeros en hermosas paredes.</p> <p>Taladrar es adecuado para personas que buscan una estabilidad extrema.</p> <p> </p> <p> </p> <p><b>Instalación autoadhesiva:</b></p> <p>1. Limpiar y secar la superficie de la pared. (Debe ser una superficie lisa, como baldosas de cerámica, superficies metálicas, vidrio, etc., no apta para empapelar o pintar paredes)</p> <p>2. Retire la cinta autoadhesiva y pegue el producto en la superficie de la pared objetivo.</p> <p>3. Presione durante 30 segundos, espere 24 horas para que sea más estable.</p> <p> </p> <p><b>Instalación de tornillos:</b></p> <p>1. Taladre agujeros e inserte tornillos en el área marcada.</p> <p>2.Sujete el soporte del papel, inserte dos tornillos en los orificios y apriete los tornillos y las tuercas</p>","Material: Portarrollos baño negro acero inoxidable SUS-304, resistente al agua y al óxido, lo que garantiza calidad y longevidad. Multifuncional - Ahorro de espacio: Portarrollos para papel higienico diseño montado en la pared para cualquier habitación, no solo coloque papel higiénico o toalla, pero también puede proporcionar espacio para poner cosas en el estante superior, como teléfonos móviles, artículos de tocador, libros, revistas, pequeñas plantas en macetas Amplia aplicación: Portarrollos el diseño de soporte de papel higiénico para la mayoría de las marcas y tipos de toallas de papel, Bueno para casas, apartamentos, condominios, autocaravanas, cabañas, ampliamente utilizado para baños y aseos. Dos métodos de instalación: ①No es necesario perforar agujeros, es rápido y fácil de fijar el soporte del rollo de papel en una pared lisa. ② Taladre agujeros, atornille la instalación. Dimensiones: 14 x 10 x 10 cm.",YIGII,Negro
B08LVQPZQD,es,"INFILAND Funda Case para iPad Air 4 Generación,Cover Carcasa Resistente Antigolpes para iPad 10.9 Inch 2020,[Auto-Reposo/Activación Cubierta] [a Prueba de Golpes] [Ultra Delgada Estuche],Azul Oscuro","<b>Funciones:</b><br> Está hecho de cuero sintético de alta calidad, que puede brindar una protección integral a su tableta, sin preocuparse por arañazos, caídas y colisiones.<br> La cámara, los altavoces, los botones físicos y otros puertos tienen cortes perfectos.<br> Este es un artículo imprescindible para todos los propietarios de iPad Air 4.ª Generación 10.9 Inch 2020<br><br> <b>Notas:</b><br> Funda Case para iPad Air 4.ª Generación 10.9 Inch 2020 (Modelos: A2072/A2316/A2324/A2325)<br> Debido a la configuración de luz y color, el color puede ser ligeramente diferente al de la imagen real del producto.<br><br>","[Compatibilidad] Diseñado para iPad Air 4.ª Generación 10.9 Inch 2020 (Modelos: A2072/A2316/A2324/A2325). NO funcionará para ningún otro modelo de dispositivo. [Diseño de cojín de aire de malla de panal] que puede liberar más del 80% del calor, acelerar la disipación de calor, extender la vida útil de iPad Air 4 10.9 Inch 2020 y proporcionar un mejor rendimiento de absorción de impactos. [Protección completa] Es superprotector y puede ser perfectamente compatible con el Apple Pencil 2 y protegerlo sin preocuparse por arañazos, caídas o colisiones. [Eficiente e Inteligente] Con la función de suspensión / activación automática, puede mejorar la eficiencia del consumo de electricidad. [Soporte de múltiples ángulos] Se proporcionan múltiples ángulos para satisfacer sus necesidades de visualización y escritura, libere sus manos para otros entretenimientos.",INFILAND,Azul Oscuro
B08LYB2GP9,es,SupCase Funda iPad Air 4 10.9 Inch (2020) [Unicorn Beetle Pro Series] 360 Carcasa Completa con Soporte para Carga de Lápiz de Apple Y Protector de Pantalla Incorporado (Negro),,"Funda Compatible con iPad Air 4 (4ª Generación) iPad 10,9"" 2020 El soporte para lápiz de Apple incorporado facilita la extracción y el almacenamiento del lápiz (no incluye el lápiz de Apple) Protector de pantalla inlucido que previene los rasguños sin comprometer la sensibilidad táctil Funda de doble capa resistente a los golpes con carcasa rìgida para PC y Forro de TPU flexible que brinda proteccion contra caidas, golpes e impactos accidentales El soporte de pie de apoyo le permite acceder fácilmente a sus programas, peliculas y juegos favoritos mientras viaje",SupCase,Negro
B08LYZLJ35,es,"TiMOVO Funda Compatible con Nuevo iPad 10.9 inch, iPad Air 4.ª Generación 2020, Cubierta Suave de TPU Flexible con Borde de Almohada de Aire [con Soporte de Cargar de 2nd Gen Apple Pencil, Azul Marino","<p><strong>Compatibilidad:</strong></p><p>Esta Funda es diseñada especialmente para Nuevo iPad 10.9 inch, iPad Air 4.ª Generación 2020 (Número de modelo: A2072 / A2316 / A2324 / A2325). Con Función de Carga y Par para 2nd Gen Apple Pencil.</p><p><br/></p><p><strong>Principales Características:</strong></p><p>Es flexible, transparente y ultra-delgads con borde de almohada de aire para proteger su tableta de golpes.</p><p>Presenta recortes de puertos precisos, acceso completo a todos los puertos. Es compatible con la función de desbloqueo de Touch ID.</p><p>La funda para tableta es delgada y ligera, es conveniente para llevar su tableta a cualquier lugar.</p><p>Es fácil de abrir y apagar. Y no rayará su tableta.</p><p>Todas las características de la tableta son accesibles incluso con el funda encendida.</p><p><br/></p><p><strong>Paquete Incluido:</strong><br/></p><p>1 x Funda para Tableta (No incluye tableta)</p><p><br/></p>","Compatibilidad Perfecta - Está diseñada perfectamente para Nuevo iPad 10.9 inch, iPad Air 4.ª Generación 2020 (Número de modelo: A2072 / A2316 / A2324 / A2325), puede proporcionar la máxima protección a dispositivo. Tiene los recortes precisos. Es compatible con la función de desbloqueo de Touch ID. Admite Carga Inalámbrica - Funda protectora admite la carga inalámbrica y el emparejamiento sin quitar la funda. Puedes usar su 2nd Gen Apple Pencil cuando quieras y nunca te pierdas fácilmente. Cubierta Posterior Transparente de PC - La funda transparente para tableta cuenta con recortes precisos que se ven a la moda y le permiten ver el atractivo diseño de su tableta. A Prueba de Golpes - El borde flexible de TPU con tecnología de almohada de aire protege de forma efectiva su iPad contra el impacto diario. Cómodo agarre y resistente al desgaste. Delgada y Ligera - Diseñada para enfatizar la delgadez sin comprometer la seguridad de su tableta. La funda ultra liviana para iPad es portátil y perfecta para viajar, largas horas de lecsura con la mano y trabajar.",TiMOVO,Navy Blue
B08LZYZ1FJ,es,"Ringke Fusion Compatible con Funda iPad Air 4 (2020) Transparente Fina Slim Carcasa Rigida, Parachoque TPU Funda para iPad Air 4 (10.9 Pulgadas) - Clear",<b> Resistente y liviano </b> <br> Ringke Fusion es resistente a los golpes contra caídas accidentales y está diseñado para evitar que su dispositivo se raye. ¡Mantenga su dispositivo liviano y a mano donde quiera que vaya! El estuche transparente Fusion protege la cámara frontal del dispositivo y protege la cámara trasera con un bisel elevado envolvente. <br> <br> <b> Natural </b> <br> El policarbonato de doble capa brinda máxima protección sin dejar de ser delgado y preservando el diseño natural del iPad Air 4th. El parachoques de poliuretano termoplástico de Fusion se ha mejorado con cojines en las esquinas interiores que agregan protección adicional contra caídas. Los recortes precisos permiten un acceso cómodo a todos los botones y puertos con una defensa de borde a borde. <br> <br> <b> Duo-QuikCatch </b> <br> ¡Dos orificios para cordón recientemente agregados hacen que el dispositivo sea adaptable y portátil para cualquier situación! Los orificios están ubicados en la parte superior e inferior de la tableta para una colocación cómoda. Lleve su dispositivo fácil y cómodamente colocando accesorios como una muñequera y una correa para el cuello. Incluso las correas cruzadas se pueden usar con orificios para cordón QuikCatch mejorados para asegurar su teléfono. <br> ** Las correas NO están incluidas ** <br> <br> <b> Diseño exclusivo y refinado </b> <br> Los parachoques de TPU en las esquinas internas elevadas brindan estabilidad y protección adicionales para su dispositivo contra caídas y golpes. Retire la película protectora de ambos lados de la caja para revelar un panel transparente como el cristal. Personalice su funda agregando una foto de sus cosas o personas favoritas a través del panel posterior transparente.,La parte trasera transparente muestra el diseño original del dispositivo. Disminuye drásticamente el impacto de fuertes caídas y caídas accidentales. Los labios elevados protegen la pantalla frontal de posibles arañazos y daños. Fortificado con un respaldo de PC transparente duradero y TPU absorbente de golpes para protección contra caídas. Sujete las correas para las manos o el cuello con los orificios de cordón dobles QuikCatch integrados. (La correa se vende por separado),Ringke,Clear
B08M3LJX5H,es,"Lenovo IdeaPad Flex 5 - Portátil táctil convertible 14"" FullHD (AMD Ryzen 7-4700U, 8GB RAM, 512GB SSD, AMD Radeon Graphics, Windows 10 Home), Color Gris - Teclado QWERTY Español",,"Pantalla de 14"" FullHD 1920x1080 pixeles, TN, 220nits, táctil convertible Procesador AMD Ryzen 7 4700U (8C / 8T, 2.0 / 4.1GHz, 4MB L2 / 8MB L3) Memoria RAM de 8GB Soldered DDR4-3200 Almacenamiento de 512GB SSD M.2 2242 PCIe NVMe Tarjeta gráfica integrada AMD Radeon Graphics",Lenovo,Gris
B08M3YK354,es,"MoKo Funda Compatible con iPad Air 4ta Generación 2020 iPad 10.9 2020, Protector Ultra Suave con Borde de Parachoques de Transparente TPU a Prueba de Golpes para iPad Air 4 10.9 2020, Negro","<p><strong>COMPATIBILIDAD:</strong></p><p>MoKo carcasa transparente de TPU transparente a prueba de golpes está especialmente diseñada para su precioso <strong>iPad Air 4ta Generación 2020 iPad 10.9 2020 (Modelo: A2316, A2324, A2325 ,A2072)</strong>. Bien construida para proteger su dispositivo.</p><p><br/></p><p><strong>CARATERÍSTICAS:</strong></p><p><br/></p><p>Hecho de material de TPU de alta calidad y bordes de parachoques de acrílico, protege completamente su <strong>iPad Air 4ta Generación 2020 iPad 10.9 2020 </strong>de daños causados por deslizamientos accidentales.</p><p><br/></p><p>El borde de TPU flexible protege su preciado dispositivo contra golpe. Fácil de instalar y quitar y admite carga inalámbrico.</p><p><br/></p><p>Los recortes precisos para todos los puertos, botones y altavoces le brindan acceso completo a todas las funciones y controles sin tener que quitar la carcas.</p><p><br/></p><p>Los bordes elevados en las otras cuatro esquinas brindan protección adicional para la pantalla de la tableta.</p><p><br/></p>","⚡Compatibilidad Perfecta - Este estuche está especialmente diseñado para iPad Air 4ta Generación 2020 iPad 10.9 2020 (Modelo: A2316, A2324, A2325 ,A2072). Fácil acceso a todas las funciones y controles. ⚡Materiales de Alta Calidad - Hechos de TPU suave y materiales acrílicos con tecnología de colchón de aire y una carcasa trasera dura, duraderos, livianos y protectores. ⚡Admite Touch ID Función - El diseño delgado y de ajuste perfecto de la funda de cuero no afectará el uso de Touch ID. Esto le permitirá ingresar directamente a la página principal siempre que coloque el dedo en el botón Inicio, sin tener que ingresar una contraseña, lo que facilita su uso. ⚡Fácil de Usar - Fácil de instalar, quitar y limpiar la carcasa. Con orificio para cordón, fácil de transportar. Puede cargar directamente sin quitar la funda. ⚡Recortes Precisos - Los recortes precisos para todos los puertos, botones y altavoces le permiten utilizar completamente todas las funciones y controles sin quitar la carcasa.",MoKo,Black
B08MCDPVCJ,es,"HP Pavilion 14 x360 14-dw1018ns - Ordenador portátil convertible de 14"" FullHD Táctil (Intel Core i7-1165G7, 8GB de RAM, 1TB SSD, Intel Iris Xe, Windows 10 ) Plata - teclado QWERTY Español",,Procesador Intel Core i7 1165G7 quad 8GB de memoria RAM Almacenamiento de 1TB SSD Tarjeta gráfica integrada Intel Iris Xe Windows 10,HP,Plata
B08MF41QVT,es,"TiMOVO Funda para Nuevo iPad 10.9 Inch, iPad Air 4.ª Generación 2020, Funda con Soporte Giratorio de 90 Grados, [Soporte para Carga de Lápiz de Apple] con Auto Estela/Sueño, Dorado","<p><strong>Compabilidad:</strong></p><p>Esta funda es desiñada para Nuevo iPad 10.9 inch, iPad Air 4.ª Generación 2020 (Número de modelo: A2072 / A2316 / A2324 / A2325), ofrece la protección máxima.</p><p><br/></p><p><strong>Principales Características:</strong></p><p>Hecha de materiales de alta calidad, puede proporcionar la máxima protección para su dispositivo durante el uso diario.</p><p>El diseño de giración de 90 grados le permite colocar su depositivo con una posición vertical o horizontal para ver videos o leer libros.</p><p>El diseño de apertura lateral está diseñado para soportar el accesorio magnético del lápiz y la tecnología de carga inalámbrica, que es fácil de usar.</p><p>Se activa o desactiva automáticamente su dispositivo cuando se abre y cierra la tapa.</p><p>Es ligera y fácil de transportar, puede brindarle una buena experiencia. Tiene los recortes precisos. Es compatible con la función de desbloqueo de Touch ID.</p><p><br/></p><p><strong>Paquete Incluido:</strong></p><p>1 x Funda para Tableta</p>","Compatibilidad Perfecta - Diseñado especialmente para proporcionar una gran protección a Nuevo iPad 10.9 inch, iPad Air 4.ª Generación 2020 (Número de modelo: A2072 / A2316 / A2324 / A2325). Soporte Giratario de 90 Grados - El diseño de giración de 90 grados le permite colocar su depositivo con una posición vertical o horizontal para ver videos o leer libros. Fácilmente disfruta de facetime de manos libres. Protección Completa - Hecho de PU cuero en exterior y microfibra suave interior, puede proteger bien su dispositivo de los golpes y anti caídas. Auto Sueño / Estela - Con solo abrir y cerrar la tapa, puede hacer que su tableta se despierte o se duerma fácilmente, de manera fácil y cómoda de usar. Diseño Delgado - Diseñado para enfatizar la delgadez sin comprometer la seguridad de su tableta. Presenta recortes de puertos precisos, acceso completo a todos los puertos. Es compatible con la función de desbloqueo de Touch ID.",TiMOVO,Gilding Texture
B08MJBJWLP,es,"ULAK Funda Compatible para iPad Air 4, Carcasa para Pencil Función Despertador Automático Magnético y Sueño Smart Cubierta Trifold Soporte Caso para iPad Air 4ª Generación 10,9 Pulgada - Flor de Menta","La funda ULAK para iPad Air 4 encaja perfectamente con el nuevo iPad Air de 4ta generación de Apple 2020 de 10,9 pulgadas (número de modelo: A2072 / A2316 / A2324 / A2325). <br> <br> Material de primera calidad <br> <br> Cuero sintético de primera calidad y suave El forro de microfibra ofrece una protección completa para la pantalla, la cámara y las esquinas. La parte posterior de TPU suave, translúcida y esmerilada protege su dispositivo de huellas dactilares y arañazos. <br> <br> Soporte para lápiz Apple integrado <br> <br> Este estuche para iPad Air4 2020 con ranura para lápiz integrado ofrece un lugar seguro y conveniente para guardar su Apple Pencil y es compatible con el Apple Pencil (2.a generación) que Vinculado magnéticamente a su iPad Air 4th Generation 2020 de 10,9 pulgadas para emparejarlo y cargarlo sin quitar la funda. <br> <br> Soporte tríptico <br> <br> Cómoda posición del soporte Libere sus manos para ver películas o escribir. <br> <br> Protección completa <br> <br> Esta funda para iPad Air4 es muy fácil de transportar y ofrece a su tableta una protección perfecta contra golpes, daños, polvo y rayones. <br> <br> Recortes precisos <br> <br> Los recortes precisos permiten un acceso completo a todos los botones, altavoces, cámaras y puertos de carga.","【Compatibilidad】 Funda con tapa para iPad Air 4th 10.9 pulgadas 2020, Número de modelo: A2072 / A2316 / A2324 / A2325 (Verifique la parte inferior de la parte posterior de su iPad para encontrar el número de modelo A ****.) 【Apariencia Clásica y Profesional】El diseño de espalda ultra delgada y ligera agrega el mínimo volumen a su dispositivo sin perder la protección eficiente 【Materiales de Alta Calidad】 La cubierta frontal hecha de cuero PU de primera calidad con forro de microfibra suave. La espalda mate translúcida esmerilada permite ver el símbolo de Apple a través de su color favorito, mientras tanto protege su dispositivo contra huella dactilar y arañazos 【Diseño de Soporte Manos Libres】La cubierta frontal de tres pliegues se puede plegar en un soporte para la visualización más cómoda de teclados y películas. Soporte para lápiz óptico incorporado, agarre su lápiz óptico sin esfuerzo siempre que lo desee, fácilmente para llevar su lápiz óptico con su dispositivo. (Solo funda, otros accesorios no incluidos!) 【Función Suspensión/Activación Automática】Los imanes más fuertes aseguran que la función de auto sleep / wake se active rápidamente en todo momento, ahorre energía y prolongue la vida útil de la batería",ULAK,Flor de Menta
B08MQ42Z6P,es,"INFILAND Funda Case para iPad Air 4 Generación,iPad 10.9 Inch 2020 Cover Soporte,[Auto-Reposo/Activación Cubierta] [Espalda translúcida mate] [Carcasa Ligera] [Ultra Delgada Estuche],Plateado","<b>Funciones:</b><br> Está hecho de cuero sintético de alta calidad, que puede brindar una protección integral a su tableta, sin preocuparse por arañazos, caídas y colisiones.<br> La cámara, los altavoces, los botones físicos y otros puertos tienen cortes perfectos.<br> Este es un artículo imprescindible para todos los propietarios de iPad Air 4 10,9 2020<br><br> <b>Notas:</b><br> Funda Case para iPad Air 4 10,9 2020<br> Debido a la configuración de luz y color, el color puede ser ligeramente diferente al de la imagen real del producto.<br><br>","[Compatibilidad] Diseñado para iPad Air 4.ª Generación 10.9 Inch 2020. NO funcionará para ningún otro modelo de dispositivo. [Delgado, Fresco, Elegante] 100% nueva, delgada, diseño único, ligera, y perfecta. Con colores brillantes y una carcasa delgada translúcida. [Protección Integral] TPU soft shell design.Cuatro esquinas tienen un diseño de colchón de aire de absorción de impactos. Sin preocuparse por rayones caídas o colisiones. [Eficiente e Inteligente] Con la función de suspensión / activación automática, puede mejorar la eficiencia del consumo de electricidad. Compatible con Pencil 2. [Soporte de múltiples ángulos] Se proporcionan múltiples ángulos para satisfacer sus necesidades de visualización y escritura, libere sus manos para otros entretenimientos.",INFILAND,Plateado*
B08MSR1SJS,es,"ProCase Funda con Protector de Pantalla para Nuevo iPad Air 4 10,9"" 2020, Carcasa Delgada con Tapa Inteligente y Protector Vidrio Templado para iPad Air 4 Generación 2020 A2324/A2072/A2316/A2325-Rosa","Compatibilidad: Compatible con iPad Air 4th Generation 10.9 Inch 2020 lanzado SOLAMENTE, no compatible con ningún otro modelo de iPad.","🍅【Diseño Único】Estuche Delgado para iPad Air 4ª Generación 2020 10.9"" 2020 (Modelos：A2324/A2072/A2316/A2325).No es compatible con otros dispositivos.Compruebe la parte inferior trasera de su iPad para encontrar el número de modelo ""A ***"" antes de comprar 🍅【Ultra Delgada】 El diseño liviano de la parte posterior dura agrega un volumen mínimo al tiempo que ofrece a su dispositivo una gran protección contra caídas y golpes accidentales 🍅【Translúcido Posterior】La cubierta trasera esmerilada translúcida le permite ver el ícono de Apple a través de su color favorito y proteger su dispositivo contra huellas dactilares y rasguños mientras tanto 🍅【Protector de Pantalla de Vidrio Templado】Viene con un protector de pantalla de vidrio templado adicional para iPad Air 4th Gen; Instalar fácilmente y sin burbujas; Alta definición con 99.9% de transparencia, protege eficazmente toda la pantalla 🍅【Recortes Precisos】Acceso completo a todas las funciones (cámaras, altavoces, puertos y botones). Apoya la función suspensión/activación automática",Procase,Rosa
B08N6MJYNM,es,"Vobafe Funda Compatible con iPad Air 4ª Generación 2020 10.9 Pulgadas, Funda Plegable Protector Cover con Portalápiz - Admite Carga Inalámbrica Pencil 2, Auto-Sueño/Estela, Pino Verde","<b> Vobafe 10.9 Pulgadas Funda Compatible con iPad Air 4ª Generación (2020) </b><br> <br> <br> <b> Modelos Compatibles: </b><br> Compatible con iPad Air 4ª Generación (2020) Modelo: A2072/A2316/A2324/A2325 <br> <br> <br> <b> ¿Por qué elegir Vobafe? </b> <br> Carcasa trasera de TPU flexible, suave al tacto, fácil de quitar e instalar. <br> Protege tu tableta de golpes, arañazos y polvo por todas partes. <br> Exterior de cuero PU, le da a su tableta una apariencia elegante. <br> Fuerte soporte de tres pliegues, le brinda ángulos cómodos para escribir y ver. <br> Compatible con el accesorio magnético y la carga inalámbrica del Apple Pencil. <br> Función Auto Wake / Sleep, activa o desactiva automáticamente la tableta cuando se abre y se cierra la tapa. <br> Con portalápices, fácil de sacar y guardar tu lápiz, evita que se caiga. <br> Diseñado con orificio para lápiz, saca tu lápiz fácilmente. <br> Resistente al agua y lavable. <br> Diseño de panal, permite una disipación de calor y una amortiguación más eficientes. <br> Recortes precisos, permiten un fácil acceso a todos los botones y puertos. <br> <br> <br> <b> Elige un color para vestir tu tableta</b><br> Negro, Rojo, Papaya, Lavanda, Azul Claro, Pino Verde, Amarillo, Oro Rosa, Verde matcha, Gris Azulado. <br> <br> <br> <b> Embalaje:</b><br> - 1 x TPU Funda Compatible con iPad 10.9"" 2020 (Air 4ª Generación) <br> <br> <br> <b>Recordatorio amable: solo la funda, la tableta no está incluida.","◆ Compatibilidad: Esta funda protectora es compatible con Apple iPad de 10,9 pulgadas. Compatible con Apple iPad Air 4th Generation 2020 solo. (Apto para modelos de iPad: A2072 / A2316 / A2324 / A2325). Nota: NO se ajusta a ninguna otra tableta. Compruebe la parte inferior trasera de su iPad para encontrar el número de modelo. ◆ Auto-Sueño/Estela: La funda de 10,9 pulgadas Compatible con iPad con función Auto-Sueño/Estela. Tira magnética incorporada, se despierta o duerme automáticamente cuando abre o cierra la cubierta inteligente. Fácil y conveniente de usar. ◆ Portalápices & Carga Inalámbrica: Esta funda Compatible con iPad air 4 con portalápices, diseñada con un orificio para el lápiz, quita fácilmente el lápiz cuando se usa. Admite el accesorio magnético y la carga inalámbrica sin sacar el lápiz, lo que te brinda una experiencia de vida conveniente y flexible. (El lápiz no está incluido) ◆ Múltiples ángulos de Visión: La funda Compatible con iPad Air de cuarta generación diseñada con un soporte de tres pliegues, ajusta fácilmente el ángulo para satisfacer sus necesidades de visualización y escritura. Libera tus manos para otros entretenimientos. ◆ Protección Total: Esta funda Compatible con iPad air 2020 hecha de material de TPU suave y forro de microfibra con exterior de cuero PU, evita que su tableta se golpee, caiga y raye. Diseño delgado y liviano, fácil de transportar.",Vobafe,Pino Verde
B08N9HYMDW,es,"Dadanism Funda Compatible con iPad Air 4 Case iPad 10.9 2020, Suave Protector de PU Cuero con Cierre Magnético Case Cover con Soporte y Correa de Mano Auto-Sueño/Estela, Azul Marino",,"Compatibilidad Perfecta - Esta funda con auto-sueño / estela diseñada perfectamente para iPad Air 4 Case iPad 10.9 2020. (Modelo: A2324 A2325 A2072 A2316) Material Premium - Hecha por la material de PU cuero, de alta calidad, elegante y durable, ofrece la protección para su dispositivos. Comveniente Posición - Conveniente stand posición para ver la película o escribir. Soporte y Correa - Funda con soporte, ligera y protectora. Con la interior correa de mano se puede usar con una sola mano cómodamente. Preciso Recortes - Fácil acceso para todas las funciones y controles.",Dadanism,Azul Marino
B08ND8VXN4,es,"TiMOVO Funda Compatible con Nuevo iPad 10.9 Inch, iPad Air 4.ª Generación 2020 con Portalápices para Apple Pencil, Funda Protectora Delgada y Ligera con Estela/Sueño Auto, Azul Claro","<p><strong>Compatibilidad:</strong></p><p>Esta funda tiene una amplia gama de usos, está diseñado especialmente para Nuevo iPad 10.9 inch, iPad Air 4.ª Generación 2020 (Número de modelo: A2072 / A2316 / A2324 / A2325).</p><p><br/></p><p><strong>Principales Características:</strong></p><p>Hecha de materiales de alta calidad, tiene una excelente resistencia al impacto y puede proporcionar la máxima protección para su dispositivo.</p><p>Con una ranura para lápiz, puede colocar el Apple Pencil para usarlo fácilmente en cualquier momento y evitar pérdidas.</p><p>Se activa o desactiva automáticamente cuando la tapa se abre y se cierra. Puede ahorrar energía del teléfono móvil y reducir el consumo de batería.</p><p>Presenta recortes de puertos precisos, acceso completo a todos los puertos, botones y funciones, permite que todas las funciones del control remoto estén abiertas para su uso. Es compatible con la función de desbloqueo de Touch ID.</p><p>Con un diseño único, el ángulo se puede ajustar para brindar comodidad para ver videos o escribir.</p><p><br/></p><p><strong>Nota: </strong>Antes de comprar, confirme el modelo y el tamaño de la tableta.</p><p><br/></p><p><strong>Paquete Incluido:</strong></p><p>1 x Funda Protectora (Sin Tableta)</p><p><br/></p><p><br/></p>","Compatibilidad Perfecta - La funda protectora está especialmente diseñada para Nuevo iPad 10.9 inch, iPad Air 4.ª Generación 2020 (Número de modelo: A2072 / A2316 / A2324 / A2325), tiene una amplia gama de aplicaciones y puede proporcionarle una buena experiencia. Material de Alta Calidad - La funda protectora está hecha de materiales de alta calidad, la parte delantera está hecha de material de PU y la parte trasera está hecha de material de TPU suave, que puede proporcionar la máxima protección para su dispositivo. Estela/Sueño Auto - La funda protectora adopta una función de estela/aueño Auto. Se activa o desactiva automáticamente cuando la tapa se abre y se cierra, que es fácil de usar. Delgado y Ligero - El diseño del respaldo delgado y ligero agrega un volumen mínimo a la vez que protege su precioso dispositivo. No hay biseles alrededor de la pantalla que permiten deslizar gestos sin obstrucciones. Ranura de Lápiz - Incluyendo una ranura para insertar cómodamente el lápiz, su exclusiva ranura lateral para el ipencil, le otorga una fácil accesibilidad. Tiene los recortes precisos. Es compatible con la función de desbloqueo de Touch ID. Nota: no es compatible con la carga inalámbrica cuando el ipencil se coloca en la ranura del ipencil (el ipencil NO está incluido).",TiMOVO,Sky Blue
B08NV5FQY4,es,"KES Estanteria Baño Balda Baño sin Taladrar Acero Inoxidable SUS304 Estanterias Baño Adhesivas 40CM Acabado Cepillado, BSC205S40B-2",<b> ESPECIFICACIONES </b> <br/> <b> -Material: </b> Acero inoxidable SUS304 <br/> <b> -Acabado: </b> Acabado cepillado <br/> <b> -Dimensión : </b> 400 x 100 x 79 mm <br/> <b> -Carga máxima: </b> 6.6 lbs (3 KG) en una pared sólida <br/> <b> -Método de instalación: </b> Autoadhesivo <br/> <br/> <b> El paquete incluye </b> < br /> 1 x Estanteria pared baño <br/> <br/>,"Antioxidación: Estas baldas de pared para baño está hecho de acero inoxidable SUS304 de primera calidad para proteger contra la oxidación, lo que garantiza durabilidad y longevidad. Barandilla de Protección: Barandilla de protección de 63 mm de altura. Diseño considerado para aumentar la altura de la barandilla para evitar que los artículos se caigan. Dimensión: 400 x 100 x 79 mm. Mayor espacio para colocar una variedad de artículos, como jabón líquido, champú, limpiador facial, etc. Tira Autoadhesiva: Montaje fácil y rápido. Fuerte adhesividad e impermeabilidad. La instalación sin taladro evita que la pared se dañe. Carga máxima: 6,6 libras (3 kg). Superficie Aplicable: Superficies de pared limpias, secas y lisas como baldosas de cerámica, piedra de mármol, metal, vidrio, etc. Asegúrese de limpiar y secar las superficies de las paredes antes de la instalación. No recomendable para pintura, papel tapiz o superficies irregulares. Espere 12 horas antes de usar. Se recomienda instalar en una zona seca.",KES,Acabado Cepillado
B08NW3YCY6,es,"Pasta de leguminosas - 6 paquetes - Garbanzos, guisantes, lentejas rojas 2 cada uno - 250 gramos cada uno",,"Pasta 100% italiana hecho con harina de legumbres 2 paquetes de garbanzos, 2 paquetes de guisantes verdes, 2 paquetes de lentejas rojas 250 gramos por paquete",ITALIA REGINA,
B08PFJVLGD,es,"HP Chromebook X360 14a-ca0003ns - Ordenador portátil de 14"" FullHD Convertible táctil (Celeron N4020, 4GB RAM, 64GB Emmc, Gráficos Intel UHD, Chrome OS ) Plata - teclado QWERTY Español",,"Pantalla FHD (1920 x 1080) de 14"" (35,6 cm) en diagonal, táctil, IPS, bisel micro-edge, antirreflectante, 250 nits, 45 % NTSC Procesador Intel Celeron N4020 (2 núcleos, 1,1 GH/ 2,8 GHz, 4 MB) Memoria RAM de 4 GB LPDDR4-3733 MHz Almacenamiento de 64 GB eMMC Tarjeta gráfica integrada Intel UHD 600",HP,Mineral silver
B08PFJXSW5,es,"HP Pavilion X360 14-dw1028ns - Ordenador portátil convertible de 14"" FullHD Táctil (Intel Core i5-1135G7, 8GB de RAM, 512GB SSD, Intel Iris Xe, Windows 10 ) Plata - teclado QWERTY Español",,"Pantalla Full HD de 14"" (35,6 cm) en diagonal; función multitáctil; IPS; vidrio de extremo a extremo; bisel micro-edge; 250 nits; 45 % NTSC (1920 x 1080) Procesador Intel Core i5-1135G7 (hasta 4,2 GHz con tecnología Intel Turbo Boost, 8 MB de caché L3, 4 núcleos) Memoria RAM DDR4-3200 MHz de 8 GB Almacenamiento de 512 GB SSD Tarjeta gráfica integrada Intel Iris Xe",HP,Plata
B08PFK1TTF,es,"HP Pavilion X360 14-dw1023ns - Ordenador Portátil Convertible de 14"" FHD Táctil (Intel Core i7-1165G7, 8GB de RAM, 512GB SSD, Intel Iris Xe, Windows 10) Plata - Teclado QWERTY Español",,"Pantalla Full HD de 14"" (35,6 cm) en diagonal; función multitáctil; IPS; vidrio de extremo a extremo; bisel micro-edge; 250 nits; 45 % NTSC (1920 x 1080) Procesador Intel Core i7-1165G7 (hasta 4,7 GHz con tecnología Intel Turbo Boost, 12 MB de caché L3, 4 núcleos, 8 subprocesos) Nemoria RAM DDR4-3200 MHz de 8 GB Almacenamiento de 1TB SSD Tarjeta gráfica integrada Intel Iris Xe",HP,Plata
B08PPFGGK3,es,"Vobafe Funda Magnética Compatible con iPad Air 4ª Generación 2020 10,9 Pulgadas/iPad Pro 11 2018, Triple Soporte Funda con Solapa Plegable, Carga Inalámbrica Pencil 2, Auto Sueño/Estela-Azul Claro","<b> Vobafe Funda Magnética Compatible con iPad Air 4ª Generación 2020 10,9 Pulgadas/iPad Pro 11 2018 </b><br> <br> <br> <b> Modelos Compatibles: </b><br> Compatible con iPad Air 4ª Generación 10,9 (2020) Model : A2072/A2316/A2324/A2325 <br> Compatible con iPad Pro 11 inch (2018) Model : A1934/A1979/A1980/A2013 <br> <br> <br> <b> Funciones </b> <br> Diseño de una pieza, ultrafino y ligero. <br> Cierre magnético protector, brinda protección adicional para su tableta. <br> Exterior de cuero PU, le da a su tableta una apariencia elegante. <br> El soporte magnético de tres pliegues, el modo de soporte de escritura y visualización satisfacen todas sus necesidades. <br> Compatible con el accesorio magnético y la carga inalámbrica del segundo Apple Pencil. <br> Función Auto Wake / Sleep, activa o desactiva automáticamente su tableta cuando se abre y se cierra la tapa. <br> Varios colores para elegir, adecuados para cualquier ocasión. <br> <br> <br> <b> Elige un color que te guste </b><br> Oro Rosa, Pino Verde, Azul Claro, Negro, Rosado, Verde Matcha. <br> <br> <br> <b> El empaque incluye:</b><br> - 1 x Funda Magnética Compatible con iPad Air 4 2020 / iPad Pro 11 2018 <br> <br> <br> <b>Recordatorio amable: solo la funda, la tableta no está incluida.","★ 【Compatibilidad】 Esta funda inteligente es compatible con iPad Air 4ª Generación de 10,9 pulgadas 2020 (Modelos: A2072 / A2316 / A2324 / A2325) / iPad Pro 11 pulgadas 2018 (Modelos: A1934 / A1979 / A1980 / A2013). Nota: NO se ajusta a ninguna otra tableta. Compruebe la parte inferior trasera de su iPad para encontrar el número de modelo. ★ 【Accesorio Magnético Fuerte & Carga del Segundo Lápiz】 La funda para iPad Air 2020 con fuertes imanes incorporados en la contraportada garantiza un cierre fuerte entre la funda y la tableta. Admite la carga inalámbrica del segundo lápiz sin quitar la funda, conveniente para usar en la vida diaria. (El lápiz no está incluido) ★ 【Cierre Magnético Plegable】 Esta funda para iPad Air 4 generacion tiene un diseño especial con cierre plegable, que puede mantener su lápiz seguro durante la carga, no se preocupe por caerse y perderse. ★ 【Auto-Sueño/Estela & Soporte Triple】La funda magnética para iPad Air 4 ofrece la funcionalidad de abrir para despertar y cerrar para dormir, fácil de usar y ahorra energía. Soporte de tres pliegues, ajuste fácilmente el ángulo para satisfacer sus necesidades de visualización y escritura. ★ 【Delgado y Ligero】 Diseño único de una pieza, ultrafino y ligero, cómodo de llevar, perfecto para trabajar, viajar, etc. 6 elegantes colores para que elijas, personaliza tu tableta.",Vobafe,Azul Claro
B08PVGW98R,es,"LincPlus P1 Ordenador Portátil de 13,3 Pulgadas, PC con Windows 10 S Intel Celeron N4000, 4GB RAM 64GB eMMC Storage hasta 500GB por SSD Aluminium Portatiles","<br> LincPlus es una elegante computadora portátil de gran potencia. Está diseñado para ofrecer un valor excepcional para quienes buscan sacar más provecho de la vida. Con un rendimiento confiable y gráficos fantásticos, puede disfrutar del tiempo libre y trabajar de buen humor. <br> <br> <br> <b> Gran portabilidad: </b> con una carcasa de metal firme y elegante pero ultradelgada y liviana, con un peso de menos de 1,5 kg, puede llevarlo con usted en un viaje de negocios o de vacaciones. convenientemente. <br> <br> <b> Conjunto de chips Intel: </b> noveno procesador Intel Gemini N4000 más reciente. La excelente CPU ofrece la mejor experiencia de usuario y posee un rendimiento operativo perfecto. No será una carga para los programas multitarea y exigentes en energía. <br> <br> <b> Aspecto fantástico: </b> Carcasa de metal con brillo metálico gris oscuro. Con forma para comodidad y estilo, con cubierta de vidrio. La pantalla de microborde se sincroniza a la perfección con un teclado de tamaño completo para un diseño compacto increíble. <br> <br> <b> Conexión fácil y estable: </b> El Wi-Fi de banda dual 802.11 b / g / n AC incorporado proporciona una distribución razonable del flujo de wifi. AC Wi-Fi ofrece hasta tres veces la velocidad de una conexión Wi-Fi tradicional. Y BT4.2 Bluetooth ofrece más opciones para la transferencia de datos. <br> <br> <b> Gráficos y pantalla: </b> La resolución de 1920 * 1080 ofrece imágenes de alta calidad impresionantes y brinda un gran efecto visual. Elegante, envolvente y adaptable para expandir su experiencia visual. El fantástico procesador de gráficos le permite ver películas e imágenes con gran placer. <br> <br> <b> Almacenamiento grande y variado: </b> Es la combinación perfecta de espacio de almacenamiento y capacidad de respuesta con 4 GB de RAM y 64 GB de almacenamiento interno ampliable mediante tarjeta TF hasta 128G y SSD hasta 512 GB. La computadora portátil LincPlus ofrece una variedad de opciones de almacenamiento. <br> <","1.Portátil basada en Windows - El ultrabook LincPlus P1 cuenta con la última generación de Intel Celeron Procesador Gemini N4000 integrado. También a bordo: Windows 10 S y versión de prueba de Microsoft Office. 2.Peso ligero: carcasa de aluminio delgada y ligera combinada con un teclado QWERTY para una amplia gama de usos, como en la universidad, el trabajo, el entretenimiento o para toda la familia. 3.Compatible con WiFi: el netbook LincPlus tiene un módulo WiFi interno de 2.4G + 5G, que garantiza un Internet estable y más rápido. 4.Portátil Full HD: la pantalla brinda imágenes nítidas y claras con una resolución de 1920x1080. 5. La batería incorporada con una capacidad de 4500 mAh / 34,2 vatios proporciona de 6 a 8 horas de funcionamiento.",LincPlus,grey
B08Q3KQ1KZ,es,"MoKo Funda Compatible con iPad Air 4ta Generación 2020 iPad 10.9 2020, [Admite Carga Inalámbrica Apple Pencil] Liviana del Soporte con Adsorción Magnética con Auto Sueño/Estela - Gris Espacial","<p><strong>Compatibilidad:</strong><br/>Diseñado especialmente para su precioso iPad 10.9"" 2020. Esta MoKo funda presenta una combinación de funcionalidad y estilo.<br/>Bien construido para proteger su iPad 10.9"" 2020 para los próximos años.</p><p><strong>Descripción del producto:</strong><br/>iPad 10.9"" 2020 automáticamente se despierta o sueño cuando se abre y cierra la funda. Acceso a todas las funciones y controles.<br/>El diseño sin funda trasero permite disfrutar de una vista flexible del paisaje y el retrato. Además, es un soporte libre para la mayoría de las tabletas, lectores electrónicos y teléfonos inteligentes.<br/>La cubierta delgada y liviana agrega un volumen mínimo a la vez que protege su precioso dispositivo.<br/>Alta calidad, elegante y duradero, fácil de instalar y quitar.<br/>La carcasa inteligente de una pieza tiene una cubierta protectora.</p>","💥Automáticamente se despierta o sueño cuando se abre y cierra la funda. Acceso a todas las funciones y controles. 💥La fuerte adsorción magnética garantiza que la tableta se mantenga segura y fácilmente. Sin funda trasero, puede colocar sus dispositivos en ángulo horizontal o vertical. 💥El diseño delgado y liviano de una pieza agrega un volumen mínimo a la vez que protege su precioso dispositivo. Exterior de cuero PU premium y interior de microfibra. 💥No hay biseles alrededor de la pantalla que permiten deslizar gestos sin obstrucciones. 💥Busque iPad 10.9 2018 iPad Air 4ta generación, iPad 10.9"", iPad Air 4 10.9 pulgadas, iPad Pro 11 2018 (Modelo: A2316, A2324, A2325, A2072，A1980, A2013, A1934, A1979 ) para otros accesorios.",MoKo,Space Gray
B08R6H2TXD,es,"ODOXIA Juego de 2 Paneles de Rejilla Decoracion Pared con Accesorios | Incluye Cestas para Colgar, Ordenador de Cartas, Estante y Percheros | Decoración para Colgar en Casa, Oficina y Cocina",,"ATESORA TUS RECUERDOS - Vale la pena recordar algunos de los mejores momentos para siempre. Crea tu tablero personar de recuerdos con estos paneles de rejilla para pared de alambre. ¡Los accesorios incluidos en la rejilla para pared te permiten decorar la rejilla de la manera que quieras! ELEGANTE, VERSATIL Y PRÁCTICO - Decora cualquier habitación con esta adorable decoración de pared DIY Home & Office. Utilízalo para recordatorios mentales en tu oficina o sala de estudio, como collage de pared en tu dormitorio o simplemente como tablón de alambre para anuncios en el pasillo o en el salón. ¡Las posibilidades de este producto son infinitas! SET COMPLETO DE ALTA CALIDAD - Este set incluye dos rejillas de pared de 40x30 cm, 4 ganchos de pared, 4 conectores, una cuerda de 4 m y 10 clips color madera. También incluye una pequeña cesta con ganchos, un estante de exhibición y un perchero. Un conjunto perfecto para decorar cualquier espacio. FÁCIL DE INSTALAR - Nuestras rejillas de pared vienen con ganchos de fácil colgado que no dejan marcas. Utilízalos para colgar las rejillas donde quieras, ¡no necesitas instrucciones! CALIDAD EN LA QUE PUEDES CONFIAR - Nos dedicamos a ofrecer los mejores productos y servicios a todos nuestros clientes. Si nuestro producto no te ha satisfecho por cualquier motivo, ponte en contacto con nosotros y te reembolsaremos el importe de tu pedido sin hacer preguntas.",ODOXIA,
B08RJCFK4R,es,"Aire Acondicionado, 4 en 1 Móvil Climatizador Evaporativo Ventilador Humidificador Purificador, con Ruedas y Tanque de Agua 5L, 3 Velocidades, Temporizador, Mando a Distancia Hogar Oficina",,,QUARED,
B08RS2N1VY,es,"Fintie Funda Compatible con iPad 9.7 (2018/2017) con Soporte Integrado para Pencil - Trasera Transparente Carcasa Ligera Función de Auto-Reposo/Activación, Azul Claro","<b><p>¡Fintie, un producto de calidad a su alcance! </b> <b><p>Materiales: </b> <p>Frente interior está hecha de microfibra de cuero sintético de alta calidad, suave y sin arañazos; <p>Cubierta posterior translúcida es para protección duradera y ligera. </p><br> <b><p>Compatibilidad: </b> <p>Esta funda está diseñada solo compatible con <b>iPad 9,7 2018 iPad 6.ª Generación (A1893/A1954) / iPad 9,7 2017 5.ª Generación (A1822/A1823) </b>; <p>No será compatible con iPad Pro 9.7 pulgadas, 2016 Tablet u otras tablets iPad. </p><br> <b><p>Contenido del producto: </b> <p>1x Fintie SlimShell Funda </p><br><b><p>NOTA: Los colores que se muestran en las imágenes pueden diferir ligeramente del producto real debido a la configuración de iluminación y color. <p> Disponible en una variedad de colores brillantes y divertidos. </b>","Específicamente diseñado compatible con iPad 9,7 pulgadas 2018 (A1893/A1954) / 2017 (A1822/A1823) con recortes y aberturas precisas para un fácil acceso a todas las características de la tablet. Delgado, ligero, duradero cuero sintético y suave frente interior de microfibra sin arañazos. Y la cubierta posterior translúcida, especialmente tratada con acabado mate, mostrará con orgullo el icono. Ábrela para activar y ciérrala para ponerlo en reposo para maximizar la duración de la batería. Soporte para lápiz óptico incorporado y ranura para adaptador, agarre su lápiz óptico y adaptador sin esfuerzo siempre que lo desee, fácilmente para llevar su lápiz óptico con su dispositivo. (Solo funda, otros accesorios no incluidos!) Disponible en una variedad de colores brillantes y divertidos.",Fintie,Azul Claro
B08RZ19NDS,es,"BMAX Ordenador portátil Y11 2 en 1 de 11,6 pulgadas (29,46 cm), pantalla táctil convertible Intel N4100, 8 GB de RAM, 256 GB de SSD, Windows 10 de 64 bits, Full HD IPS-1920 x 1080, tipo C",,"💚 Con la bisagra de 360 °, puedes girar la pantalla en diferentes situaciones para leer, escribir, esbozar o ver cómodamente tu portátil. 💚 Ultraligera y ultrafina: la BMX Y11 es ligera y portátil y cuenta con una carcasa de aleación de aluminio de calidad aeroespacial que resiste todo. Un diámetro superfino de 13 mm pesa además de 1 kg. Ideal para entretenimiento y productividad. 💚 Para el rápido rendimiento del ordenador portátil Y11 tiene un procesador Intel N4100. Velocidad del procesador: 1,10 GHz/velocidad máxima turbo: 2,40 GHz. Permite navegar por Internet de forma rápida y eficaz en programas de oficina. 💚 8 GB de memoria RAM DDR4 + 256 GB de SSD, además hay una ranura para tarjeta TF para añadir más espacio. No solo puede satisfacer tus necesidades de productividad en la oficina, sino que también te ayudará a permanecer en tu entretenimiento y juegos favoritos. 💚 La BMAX Y11 cuenta con una pantalla táctil Full HD IPS de 11,6 pulgadas con un alto contraste y nitidez de 1920 x 1080, la pantalla Full HD IPS con sorprendentes detalles y colores, cada imagen es hermosa y vibrante, con un gran ángulo de 178, ofrece una visión masiva que es más abierta y cómoda, y te ofrece un impresionante impacto y disfrute.",Bmax,
B08S3WZX4M,es,Wopeite Estanteria Ducha Sin Taladro Estante Ducha Aluminio Estanteria Baño Ducha Adhesivo Estante de Baño Inoxidable Rectangular Negro,,"Sin Taladrar: Se puede utilizar sin taladrar paredes y sin necesidad de herramientas adicionales; Espere 24 horas antes de poner algo en el estante. Material de Calidad: Hecho de aluminio de alta calidad, resistente al agua y antioxidante; ADHESIVO único con gran capacidad de carga, se puede adherir a todas las superficies lisas, incluidas baldosas, vidrio y metal. Muy adecuado para todos los baños. Adhesivo Fuerte: El adhesivo fuerte puede adherirse fuertemente y garantizar la durabilidad y confiabilidad de la canasta de ducha; La gran capacidad de carga puede satisfacer sus necesidades de poner cosas pesadas como champú en el estante. Gran Espacio: La cesta ofrece una gran capacidad de almacenamiento; Puede contener champú, geles de ducha, acondicionador, detergente, jabón y accesorios de baño en el baño. Instalación Rápida: No se requieren herramientas ni daños en la pared, es fácil de instalar y quitar sin dejar residuos.",Wopeite,Negro
B08SHYQGSZ,es,Queta 70-110cm Barra de Cortina de Ducha Barra de Cortina de Sujeción de 32 diámetro sin taladrar extensible Barra Telescópica de acero inoxidable negra,"<b>Queta Barra de baño multifuncional --- mejora la vida </b> <br/> <b> Ventaja: </b> <br/> 1. Hecho de metal de alta calidad, muy resistente y resistente a la oxidación <br/> 2. No solo es muy adecuado para muebles de baño existentes, la barra enchufable también se puede utilizar como barra de cortina de ducha en un baño, como secadora de ropa en un dormitorio, como barra de cortina o como barra de separación de ambientes. <br/> 3. Cuando se usa como barra de cortina, no hay ningún agujero en el estado ensamblado. El diámetro es de 2,5 a 3,2 cm y es adecuado para la mayoría de los anillos de cortina. <br/> 4. Úselo en el armario para mantener su ropa limpia. <br/> <b> Bloqueo de bola </b> <br/> Utilice el bloqueo de bola para establecer la longitud deseada. <br/> <b> Resorte de alta resistencia </b> <br/> El robusto resorte incorporado lo asegura firmemente a la pared y no se cae. <br/> <b> Extremo antideslizante </b> <br/> El extremo de silicona antideslizante protege la pared de daños. <br/> <b> Extremo del material de silicona </b> <br/> El tamaño del casquillo del extremo corresponde al diámetro del extremo de la barra telescópica. <br/> <b> Funciona en cualquier caso </b> <br/> Baldosas de cerámica, mármol, superficie de vidrio, superficie de madera, pared lacada en blanco","🛀 🛀 [Especificaciones] Color: negro, mejor uso Largo: 70-110 cm, capacidad de carga máxima 40 kg, diámetro: 3,2 cm. La barra de la cortina de ducha está hecha de acero inoxidable y acero al carbono. Después del enchapado se oxida y no se decolora. 🛀🛀 [Diseño innovador] El resorte grande en la varilla telescópica proporciona un voltaje más alto, y el bloqueo de bola incorporado fija la varilla a una longitud adecuada. Las mangas antideslizantes en ambos extremos son adecuadas para diferentes superficies de pared. Se puede instalar sin taladrar y protege la pared. 🛀🛀 [Amplia gama de aplicaciones] Queta barra de cortina de ducha no es solo una barra de cortina de ducha, sino también una barra de ropa en el armario, una barra de cortina en la ventana, una barra separadora en la habitación y un perchero en el balcón. La varilla telescópica multifuncional se puede utilizar de forma flexible en diferentes situaciones. 🛀🛀 [Uso de habilidades] Apriete el bloqueo de bola y gire la varilla telescópica, tire del bloqueo de bola hacia atrás en la varilla y ajuste la longitud. La longitud de la varilla debe ser cm más larga que la distancia entre las paredes y la varilla telescópica para asegurar mejor 4-6. 🛀🛀 【Garantía de satisfacción del 100%】 Si tiene alguna pregunta, comuníquese con nosotros. Te ofreceremos una solución 100% satisfactoria.",Queta,
B08SWF4FZ2,es,"Acer Spin 3 SP314-21-R572 - Ordenador Portátil Táctil 14"" Full HD SlimBezel Touch LCD, Laptop (AMD Ryzen 5 3500U, 8GB RAM, 512GB SSD, UMA Graphics, Windows 10 Home), PC Portátil Color Plata",,"PROCESAMIENTO POTENTE: Spin 3 es un PC portátil delgado y convertible con pantalla táctil 2 en 1 para aumentar la productividad en cualquier parte; con procesador AMD Ryzen 5 3500U, memoria RAM de 8 GB, tarjeta gráfica integrada AMD Radeon Vega 8 y SSD de 512 GB PANTALLA TÁCTIL FULL HD: pantalla IPS multitáctil de 14 pulgadas con colores y detalles brillantes y un impresionante marco ultraestrecho; la atenuación de CC te permite reducir el brillo sin que la pantalla parpadee FLEXIBILIDAD: la bisagra de 360° de Acer ofrece cuatro formas distintas de disfrutar del portátil; los modos carpa, tablet, portátil tradicional o pantalla ofrecen comodidad desde todos los ángulos DISEÑO LIGERO: Spin 3 es un portátil ligero y delgado con una batería de larga duración (hasta 10 horas) diseñado para satisfacer todas tus necesidades; no solo es sinónimo de ligereza, sino también garantía de portabilidad multimodo COMUNICACIÓN RÁPIDA: mantén la conexión con amigos y familiares con el Killer Wi-Fi 6 AX1650 siempre conectado y una gran variedad de puertos (incluidos HDMI, USB 3.2 Tipo A y USB 3.2 Tipo C) para todas sus necesidades",Acer,
B08TM55DKR,es,"Pasapair Aires acondicionados móvil, Deshumidificador 20L/día para habitaciones de hasta 195m³ (~ 30 m²),7000BTU/h Refrigeración con Pantalla LED|Mando a distancia|24h-Temporizador|Kit de ventana|R290",pasapair Aires acondicionados móvil Deshumidificador,"❆ 【POTENCIA DE REFRIGERACIÓN DE 7000 BTU】: El acondicionador de aire compacto de 7000 BTU de clasificación ASHRAE (70x30x30cm) que cabe en cualquier rincón proporciona un enfriamiento constante, rápido y efectivo para habitaciones de hasta 20㎡. apertura de ventana horizontal y diseño de oscilación vertical, será ideal para una distribución uniforme del aire en toda la habitación. Es perfecto para dormitorios, apartamentos, cabañas, autocaravanas, oficinas, dormitorios o salas d ❆【FUNCIONALIDAD 3-en-1】: Este aire acondicionado tiene 3 funciones: modos de enfriamiento, ventilador y deshumidificación, todo en una sola máquina. No solo obtiene el efecto refrescante, sino que también ayuda a reducir los niveles de humedad, actúa como purificador, recolecta la humedad y libera aire fresco, brindándole un ambiente saludable y confortable. Nota: recuerde conectar la tubería de agua cuando utilice el modo de deshumidificación. (Se incluye la manguera de desagüe de ❆ 【195m³ (~ 30 m²) DESHUMIDIFICADOR】: Este deshumidificador elimina hasta 20L (a 30 ℃, 80% RH) de humedad del aire por día. Es ideal para habitaciones de hasta 195m³ (~ 30 m²), rápidamente Elimina la humedad que no te hace sentir pegajoso ni seco. ¡Es un gran regalo para tu familia! Y solo puede Drenaje continuo, en comparación con el drenaje manual, se ahorra la molestia de tirar con frecuencia el agua recolectada. Nota: Si la temperatura del aire es de ＜ 15 ℃, la máquina n ❆ 【FUNCIONAMIENTO SIN ESFUERZO】 ： El AC portátil cuenta con una pantalla LED de fácil lectura e incluye un control remoto compacto (baterías no incluidas) para usarlo fácilmente. Puede seleccionar dos velocidades de ventilador para una comodidad óptima. El diseño silencioso te alejará del molesto ruido al dormir o estudiar. El filtro extraíble y lavable significa un fácil mantenimiento: simplemente límpielo cada semana para prolongar la vida útil y el rendimiento de esta unida ❆ 【SEGURIDAD, MEDIO AMBIENTE Y ECONÓMICO】: Las aspas del ventilador del enfriador de aire se pueden cerrar manualmente para evitar que los niños inserten los dedos, además de la función de bloqueo para niños para evitar que el bebé corra peligro. Con el refrigerante R290 ecológico, no solo tiene un buen efecto de enfriamiento, sino que tampoco destruye la capa de ozono. Programe el temporizador de 24 horas para que se adapte a su estilo de vida y ahorre costos de energía.",pasapair,Blanco
B08TP4PWBX,es,"Lenovo IdeaPad 1 - Ordenador portátil 11.6"" HD (Intel Celeron N4020, 4GB RAM, 64GB eMMC, Intel UHD Graphics 600, Windows 10 Home en modo S), Color Azul - Teclado QWERTY Español",,"Pantalla de 11.6"" HD 1366x768 píxeles, TN, 250nits, Anti-glare Procesador Intel Celeron N4020 (2C/2T, 1.1/2.8GHz, 4MB) Memoria RAM de 4GB Soldered DDR4-2400 Almacenamiento de 64GB eMMC 5.1 Tarjeta gráfica Integrada Intel UHD Graphics 600",Lenovo,No aplica
B08TX2KN7L,es,"Lenovo IdeaPad Flex 3 Chromebook - Portátil táctil convertible 11.6"" HD (Intel Celeron N4020, 8GB RAM, 128GB eMMC, Intel UHD Graphics 600, Chrome OS), Color Azul oscuro - Teclado QWERTY español",,"Pantalla táctil convertíble de 11.6"" HD 1366x768 pixeles, IPS, 250nits Procesador Intel Celeron N4020 (2C / 2T, 1.1 / 2.8GHz, 4MB) Memoria RAM de 8GB Soldered LPDDR4-2400 Almacenamiento de 128GB eMMC 5.1 Tarjeta gráfica integrada Intel UHD Graphics 600",Lenovo,Blue
B08V213JPV,es,"Lenovo IdeaPad 3 - Ordenador Portátil 15.6"" FullHD (Intel Core i7-1165G7, 16GB RAM, 512GB SSD, Intel Iris Xe Graphics, Sin Sistema Operativo) Gris - Teclado QWERTY Español",,"Pantalla de 15.6"" FullHD 1920x1080 píxeles, 250nits Procesador Intel Core i7-1165G7 (4C/8T, 4.7GHz, 12 MB) Memoria RAM de 16GB (8GB Soldered DDR4-3200 + 8GB SO-DIMM DDR4-3200) Almacenamiento de 512GB SSD M.2 2242 NVMe Tarjeta gráfica Integrada Intel Iris Xe Graphics",Lenovo,
B08V249BKY,es,"Lenovo IdeaPad 3 - Ordenador portátil 14"" FullHD (Intel Core i5-1135G7, 8GB RAM, 512GB SSD, Intel Iris Xe Graphics, Windows 10 Home en modo S), Color Gris - Teclado QWERTY Español",,"Pantalla de 14"" FullHD 1920x1080 píxeles, TN, 250nits Procesador Intel Core i5-1135G7 (4C/8T, 4.2 GHz, 8 MB) Memoria RAM de 8GB (4GB Soldered DDR4-3200 + 4GB SO-DIMM DDR4-3200) Almacenamiento de 512GB SSD M.2 2242 NVMe Tarjeta gráfica integrada Intel Iris Xe Graphics",Lenovo,Gris
B08V54D9JP,es,"Acer Chromebook Spin 513 CP513-1H - Ordenador Portátil 2 en 1 Convertible y Táctil 13.3” Full HD IPS (Qualcomm Snapdragon SC7180, 8GB RAM, 64GB eMMc, UMA Graphics, Chrome OS), Color Azul",,"Pantalla de 13.3"" FullHD Procesador Qualcomm Snapdragon SC7180 Memoria RAM de 8GB Almacenamiento de 64GB eMMc UMA Graphics",Acer,Azul
B08W29D9SB,es,Navaris Librería en Forma de árbol - Estantería de bambú con 6X Estante para Libros CD DVD - Librería Vertical para salón - 108 x 59 x 20 CM,"<b></b><ul></ul>Organiza tu colección de libros, CDs o DVDs con esta elegante estantería de bambú con forma de árbol. Gracias a su bonito diseño natural, combinará a la perfección en cualquier estancia de tu hogar.<ul></ul><b>FÁCIL MONTAJE</b><ul><li>Con los tornillos incluidos en la entrega podrás montar la estantería rápidamente. ¡La tendrás lista para colocar tus libros en un abrir y cerrar de ojos!</li></ul><b>MATERIAL NATURAL</b><ul><li>El bambú es una materia prima ecológica, renovable y respetuosa con el medio ambiente. ¡Opta por productos que no dañen nuestro planeta!</li></ul><b>TODO A LA VISTA</b><ul><li>El diseño descubierto te permite ver exactamente lo que tienes en tu biblioteca. Así encontrarás tus libros y podrás presumir de colección.</li></ul><b>6 COMPARTIMENTOS</b><ul><li>En cada una de las ""ramas"" de esta estantería podrás guardar diferentes objetos. Por ejemplo, podrás organizar los libros por temáticas o separar los CDs, DVDs y videojuegos. ¡Todo en su sitio!</li></ul><b>DATOS TÉCNICOS</b><ul><li>Medidas: 108 x 59 x 20 CM</li></ul><b>QUÉ INCLUYE LA ENTREGA</b><ul><li>1x Estantería de bambú para libros</li><li>1x Paquete con 8 tornillos</li></ul>","RESISTENTE: La estantería maciza de bambú es robusta por lo que podrás utilizarla para almacenar libros, discos CD, películas DVD, videojuegos y revistas. ¡Organiza tu colección! DISEÑO DE ÁRBOL: Con su elegante forma con 6 compartimentos podrás almacenar tus libros en el salón, el pasillo, la oficina o incluso en tu dormitorio. ¡Añade un toque moderno y minimalista a tu hogar! ENVÍO: Recibirás 1x estantería de bambú con unas medidas de 108 x 59 x 20 CM y 1x pack con los accesorios necesarios para realizar el montaje. ECOLÓGICO: Este mueble está hecho de una materia prima muy resistente y además renovable: el bambú. Su uso no supone una carga para el medioambiente. ¡Contribuye con un mejor futuro para nuestro planeta! IDEA DE REGALO: Si estás buscando un detalle útil y bonito para tus seres queridos, con este mueble acertarás seguro. Puede ser una buena idea para aquellos que se acaban de mudar o para los amantes de la organización y la lectura.",Navaris,Marrón Claro
B08WJHF623,es,"Duérmete Online Somier Desmontable KAMAKIT con Bastidor Reforzado de 40x30mm, Estabilidad y Firmeza, Fácil Montaje, Tubo Acero 30 x 40 mm, Pintura Epoxi Gris, 150x190",,"Somier reforzado de láminas anchas desmontable, fabricado con estructura metálica en tubo de acero de 40 x 30 mm y acabado con pintura epoxi, que le aporta una mayor durabilidad y resistencia contra golpes y rozaduras. Altura total +/ 33cm El único en el mercado con láminas anchas de madera de haya natural de 120x8mm, embutidas con sistema anti-ruido de PVC. Las láminas van forradas con papel carbono, para aportar mayor resistencia y propiedades antideslizantes Montaje muy rápido y fácil, incluye manual de instrucciones, accesorios y juego de patas roscadas con travesero de refuerzo. En medida de 135cm de ancho en adelante incorpora una barra de refuerzo central Viene embalado en una caja perfectamente protegido que cabe en cualquier ascensor, lo que garantiza una protección total durante su transporte, y se puede desmontar fácilmente para guardarlo en cualquier sitio, o bien, para llevarlo a una nueva residencia Incluye patas redondas roscadas de 27cm de altura, con travesero de refuerzo y con abrazadera de seguridad, para una estabilidad total. Único en toda Europa con esas características",DUÉRMETE ONLINE,Pintura Epoxi Gris
B08WRT63Z2,es,"Lenovo IdeaPad 3 Chromebook - Ordenador Portátil 14"" FullHD (Intel Celeron N4020, 4GB RAM, 64GB eMMC, Intel UHD Graphics 600, Chrome OS), Color Gris - Teclado QWERTY español",,"Pantalla de 14"" FullHD, 1920x1080 píxeles, TN, 220nits, Antirreflejo Procesador Intel Celeron N4020 (2C / 2T, 1.1 / 2.8GHz, 4MB) Memoria RAM de 4GB Soldered LPDDR4-2400 Almacenamiento de 64GB eMMC 5.1 Tarjeta gráfica integrada Intel UHD Graphics 600",Lenovo,No aplica
B08XJRM78V,es,"CHiQ Aire acondicionado Portátil 4 en 1 (Enfriamiento, Ventilación, Deshumidificador, Modo Noche), 9000 BTU|2280 frigorías, Kit Instalación Ventana, Silencioso, Ajuste Temperatura 16-32°, Gas R290",,"Enfriamiento rápido: volumen de aire intenso (9K: 340m³ / h), suministro de aire de larga distancia hasta 5 metros, puede enfriar rápidamente la habitación Fácil instalación: el producto incluye un kit de ventana, con instrucciones simples y fáciles , conveniente para todo tipo de ventanas. Refrigerante natural R290: refrigerante ecológico R290, seguro, no tóxico e inofensivo, el refrigerante de alto estándar puede proteger mejor el medio ambiente. Modo inteligente: tres modos de enfriamiento / ventilador / deshumidificación, suministro de aire de tres velocidades, ajuste de temperatura de 16-31 ℃, para satisfacer diversas necesidades, modo de suspensión y encendido / apagado de 24 horas, diseño que no deja indiferente. Uso conveniente: rueda universal giratoria de 360 °, conveniente para mover el aparato al salon, dormitorio, cocina, baño, estudio, etc., adecuada para casas de más de 80 metros cuadrados.",,
B08XQ5LQ44,es,"Dr.meter Sello de Ventana 300CM, Sello de Ventana Universal, Aislante Ventanas para Aire Acondicionado Portatil, Kit Ventana Aire Acondicionado Portatil Fácil de Instalar",,"Fácil de instalar: ¿Tiene unos minutos? Eso es todo lo que necesita para instalar el sellador de ventana: Simplemente pegue la cinta adhesiva, coloque el producto y listo. ¡No más perforaciones! (Confirme el tipo de ventana y mida el tamaño antes de comprar. El perímetro de la ventana debe ser superior a 300 cm) Ahorro de energía y respetuoso con el medio ambiente: El sellador de ventana proporciona un cierre hermético excelente para mantener el frío y el calor, lo que ayuda a reducir el consumo de energía y reducir la emisión de dióxido de carbono. Además, incluso con el sellador instalado, su ventana aún puede funcionar normalmente y abrir o cerrar. Cremallera resistente y suave: La cremallera de alta calidad ayuda a que la salida del aire acondicionado permanezca en su sitio y, por lo tanto, proporciona un mejor sellado. Además, se incluyen bridas para cables adicionales y cinta adhesiva para soporte y fijación adicionales. Ajuste versátil: No se preocupe por elegir un tamaño incorrecto: Este práctico sellador de ventana puede instalarse sobre la mayoría de las ventanas estándar (excepto para ventanas y puertas corredizas. Solo pegue, cierre con cremallera y deje que funcione. Material premium: ¿Lluvia? ¿Calor? Este sellador de ventana puede con todo. Gracias a la tela de poliéster y PU 190T, este productor es resistente al agua y a prueba de rayos ultravioleta, construido para durar años. (lavable con temperatura del agua por debajo de 40 ° C)",Dr.meter,
B08XYYCVBK,es,"BROSYDA Sello de Ventana para Aire Acondicionado Portátil, Kit de Ventilación de Ventana, 25x102~152cm Longitud Ajustable, Sin Perforación Fácil de Instalar, Kit de Manguera para Secadora",,"【Tamaño universal ajustable】 Nuestras juntas para ventanas de aire acondicionado están disponibles en dos tamaños de 25 x 92 cm / 25 x 162 cm, para que pueda ajustar el largo según sus necesidades. Personalizado para ventanas corredizas horizontales o verticales (ventana simple y ventana doble), es compatible con todos los aires acondicionados o secadores de aire portátiles y puede alojar hasta 2 mangueras de aire. 【Evite la fuga de aire de refrigeración】 La tira de sellado de la ventana está hecha de tela TU especial para aislamiento térmico y se agrega un nuevo proceso de blanqueamiento del aislamiento térmico a la superficie. No solo puede evitar la pérdida de aire frío de la habitación con aire acondicionado, sino que también refleja la luz solar y el calor externo para evitar el retorno de aire caliente, que puede enfriar rápidamente la temperatura de la habitación y ahorrar energía y d 【Selle la ventana totalmente】 Usando materiales de alta calidad y etiquetas fuertes ensanchadas, no hay espacio durante el pegado e instalación. El uso de tiras de sellado de ventanas de automóviles puede evitar que el aire frío se disipe y los insectos entren, lo que tiene un buen efecto protector. 【Sorpresa de detalles mejorados】 Estableceremos un área precisa de corte y cableado en el paño del aire acondicionado para asegurarnos de que pueda ajustarlo y cortarlo libremente para evitar la deformación fuera de línea después del recorte. Además, el diseño plisado juega un papel eficaz en la reducción del espacio alrededor de la manguera para evitar que la cinta se caiga después de insertarse en la manguera de aire. 【Sin perforaciones y fácil de instalar】 Primero, coloque la cinta de bucle en el marco de la ventana y luego pegue el sello de la ventana a lo largo de la cinta. En segundo lugar, no es necesario perforar agujeros, simplemente abra la cremallera para extender la manguera del aire acondicionado hacia el exterior de la ventana. Finalmente, cierre la cremallera y complete la instalación. También proporcionaremos bridas antideslizantes para evitar que se salgan o se aflojen a través de los e",BROSYDA,Blanco
B08Y5VXL32,es,"LincPlus P2 Portátil de Metal de 14.1 Pulgadas, Ordenador con Windows 10 S, Intel Celeron N3350, 4GB RAM eMMC de 64GB, Notebook PC Full HD 1080P","La computadora portátil LincPlus P2 con Windows 10 Home lo inspirará a ser más productivo en el trabajo, la escuela o el juego. Ligero y elegante, el portátil LincPlus P2 cuenta con una hermosa pantalla Full HD de 14 ”y la última tecnología WiFi para una conectividad rápida y confiabilidad con la que puede contar donde quiera que se aventure. Potente e inteligente, este dispositivo ilimitado es rápido y la batería tiene suficiente energía para darle energía durante el día. <br> <b> Dimensión del producto: </b> 33,25 * 22,61 * 1,75 cm <br> <b> Peso del producto: </b> 1,42 kg <br> <b> Dimensión con embalaje: </b> 42,2 * 22,5 * 8,5 cm <br> <b> Peso con embalaje: </b> 1,85 kg <br> <br> <b> Notas: </b> <br> Almacenamiento eMMC de 32 GB ampliable hasta 1 TB mediante <b> SSD M.2 2280 SATA, M.2 2242 SATA </b> o <b> M.2 2260 SATA </b> en tipo <b> M + B </B>. Póngase en contacto con <b> info@lincplus.com.cn </b> para obtener orientación sobre cómo <b> iniciar Windows en SSD </b> Garantía Libre de defectos en materiales, mano de obra y funciones bajo uso normal durante un período de <b > un año </b> desde la fecha de compra. Si tiene alguna pregunta sobre la computadora portátil, contáctenos por correo electrónico <b> info@lincplus.com.cn </b>","1.Portátil con Windows: el portátil LincPlus P2 se basa en el procesador Intel Celeron N3350 (frecuencia de ráfaga de 2,40 GHz). Windows 10 y la versión de prueba de Microsoft Office instalados 2.Ultrabook ligero: con un teclado de diseño QWERTY del Reino Unido y una carcasa de aluminio ligera, el portátil es perfecto para tareas de estudiantes, viajes de negocios, uso familiar, trabajo de oficina y entretenimiento. 3. Manténgase conectado: los puertos abundantes mantienen su vida diaria conectada. El portátil LincPlus P2 equipado con puerto tipo C de función completa x1, Micro HDMIx1, puerto para auriculares x1, puerto USB 3.0 x1, puerto USB 2.0 x1, ranura Micro SD x1, ranura SSD x1. 4.laptop Full HD: la cámara web frontal de 2M admite chat web, Skype y FaceTime. La pantalla IPS Full HD con resolución de 1920x1080 ofrece imágenes HD claras y de alta calidad. 5. Uso promedio de 8 a 10 horas con una sola carga completa. Ordenador integrado con wifi de banda dual interna 2.4G + 5G. Conexión más estable y más rápida que una sola computadora portátil Wifi 2.4G.",LincPlus,gray 色
B08Y8G4F6K,es,"YMYNY Estante de Pared de Metal, Juego de 3 estantes flotantes, estantes de Almacenamiento de decoración de Madera rústica para Dormitorio, Sala de Estar, baño, Cocina, Oficina",,"DISEÑO SENCILLO: estantes flotantes de diseño simple construidos con tableros de partículas sólidas y soportes de metal con recubrimiento en polvo, perfectos para exhibir y guardar objetos de colección, plantas pequeñas, animales de peluche y más. ESTANTES MULTIUSOS: La combinación del aspecto de madera con textura natural y soportes de metal industrial crea un tema rústico y un estilo contemporáneo. Los estantes son polivalentes, se pueden usar para organizar o para guardar, versátiles para usar en varias estancias. VARIAS FORMAS DE INSTALACIÓN CREATIVAS: los tres tableros que contienen se pueden usar como una tríada en un lugar o por separado para diferentes lugares. Todo depende de tu imaginación y preferencia. Elija su forma favorita de exhibir los estantes y combine con su decoración. FÁCIL DE MONTAR: Grande: 40x13x10.5cm, Mediano: 35x13x10.5cm, Pequeño: 30x13x10.5 cm; Capacidad máxima de peso: 15 kg. Viene con el hardware duradero necesario y las instrucciones que hacen que sea fácil y sin esfuerzo instalar la estantería en pocos minutos. Bonito regalo y servicio satisfactorio: YMYNY ofrece un servicio profesional al cliente antes y después de la compra. Nuestros hermosos estantes de pared son una manera increíble de exhibir coleccionables, ¡lo que los convierte en regalos perfectos para su familia o amigos!",YMYNY,Natural
B08Z3LRJ8B,es,"GERUIKE Estantes de baño+Jabonera con Soporte para Toallas de Mano Instalación de Estante de Estanterías para baño de Ducha Autoadhesivo Estantes para Ducha , Rectángulo sin taladrar Negro","<br/><b>Especificaciones:</b><br/> -Tamaño:31.4cm*13.8cm*4.9cm / 12.4in*5.4in*1.9in<br/>-Material: Aluminio aeroespacial<br/> -Acabado: Tratamiento con spray<br/> -Modo de instalación: se fija a la pared gracias al pegamento + cinta adhesiva de doble cara.<br/><br/><b>Características:</b><br/> La estantería GERUIKE es perfecta para usarla junto a su plato de ducha o bañera para que pueda organizar sus champús, jabones, cremas, etc. También se puede usar en la cocina. Al confiar en nuestros productos, le hacemos su vida más fácil. <br/><br/><b>Pasos para la instalación:</b><br/> 1. Eliminar el polvo y las manchas de grasa de la pared, y mantenerla seca. <br/> 2. Despegar la película protectora de la pegatina y aplicar el pegamento sin clavos por la base.<br/> (El pegamento no debe cubrir la cinta adhesiva de doble cara, y el espesor del mismo debe ser mayor que la cinta adhesiva de doble cara).<br/> 3. Despegar la película protectora de la cinta adhesiva de doble cara. <br/> 4. Antes de fijar el artículo, marcar la posición en la pared.<br/> 5. Colocar la base en el lugar deseado y presionar fuertemente durante 5-8 segundos.<br/> 6. Utilizar el adhesivo sin clavos adicional para fijar el artículo y así garantizar que no se mueva. Quitar el adhesivo pasadas 24 horas.<br/> 7. Usar tras 24 horas (3-5 días para mejores resultados). <br/><br/><b>Atención:</b><br/> 1.Asegúrese de limpiar y secar completamente la pared; el agua y las manchas de aceite pueden influir en el resultado final. <br/> 2.No instale este producto en una superficie transpirable o rugosa como en papel tapiz.<br/> 3.Póngase en contacto con nosotros si no está seguro si el producto se puede instalar en su pared o tiene otras preguntas. <br/> 4.Al pegarla asegúrese de sacar el aire de la pegatina para que no queden burbujas en la superficie. <br/> 5.Puede haber un error de 1-3 mm debido a la medición. <br/><br/><b>Sin daños, sin taladro, GERUIKE es su marca de confianza.</b><br/>","✅Sin taladro, sin tornillos: Con la cinta adhesiva de doble cara y el pegamento sin clavos, es verdaderamente fácil instalar los accesorios para el baño y la cocina. Muy fácil de quitar y volver a poner: No dañará la pared ni dejará ninguna marca tras retirar el artículo. ✅Instalación sencilla: Extender el pegamento sin clavos y pegar el artículo en la pared tras despegar la película protectora de la cinta adhesiva de doble cara. Atención: Antes de colocarlo, asegurarse de que la superficie esté limpia y seca. Esperar 24 horas antes de usar. ✅Diseño moderno y multifuncional: Los orificios de drenaje facilitan que la bandeja se seque con mayor rapidez lo que evita el crecimiento de las bacterias. El espacio de almacenaje es lo suficientemente grande para tener organizados los accesorios de baño, los productos de aseo, los recipientes de especias, etc. Además, cuenta con 2 ganchos en los que podrá colgar objetos pesados. ✅Completamente de metal: Todo el artículo está elaborado con aluminio aeroespacial 6063 que es un material fuerte, ligero e inoxidable. Diseñado cuidadosamente, presenta una superficie con un bonito acabado realizado mediante oxidación anódica y pulido con cachemira. Robusto y duradero. ✅Póngase en contacto con el vendedor las 24 horas del día: en caso de problemas con el producto, siempre puede ponerse en contacto con el vendedor.",GERUIKE,Negro
B08Z41QFJ6,es,"AIKZIK Toallero de Pared para baño, Negro Mate Doble Barra de Toalla, Estante de Almacenamiento Plegable montado en la Pared con 2 Ganchos, Adhesivo Barra Toallero Acero Inoxidable, 40 x 18 x 17,5 cm",,"【Alta calidad】Toallero de barra es de aluminio, pulido a mano, anodizado, inoxidable y resistente a los arañazos, resistente a la corrosión y duradero. Esquinas redondeadas, diseño exquisito que evita cortes de dedos. 【Instalación de dos vías】El toallero se puede instalar fácilmente con un potente adhesivo autoadhesivo o con los tornillos suministrados. Espera 48 horas antes de su uso. 【Diseño moderno】ideal para habitaciones en las que el espacio de almacenamiento es limitado. El estante superior puede contener tus artículos de baño y baño, mientras que los cómodos ganchos son adecuados para albornoces y toallas. 【Instalación】simplemente retire la película protectora de la almohadilla adhesiva y pegue el toallero a la superficie de la pared, presione durante unos segundos, espere 48 horas antes de colgar cualquier cosa (debe ser una superficie lisa, como azulejos, vidrio, superficies de metal, etc., no apto para papel tapiz o paredes pintadas) 【Amplia aplicación】la barra de toalla multifuncional es adecuada para el baño, la cocina, el inodoro, la toalla de baño colgante, el paño de cocina, los paños de cocina. Tamaño: 40 cm x 18 cm x 17,5 cm",Aikzik,Negro
B08Z76N379,es,"SmartDevil Funda para iPad Mini 4 2015, 7.9"" Funda para iPad Mini 4 Generacion con Auto Sueño/Estela, Delgado y Ligero Carcasa para iPad Mini 4 con Tapa Inteligente/Reverso Translúcido, Negro",,"Especialmente diseñado: es una funda de 7.9"" exclusivamente para iPad mini 4 (2015). Asegúrese de que el número de modelo sea A1538 A1550 comprobando en la parte inferior trasera de su dispositivo. (Tenga en cuenta que NO es compatible con otras tabletas.) Protección total: su cubierta frontal está hecha de un suave forro interior de microfibra y un exterior de cuero PU antideslizante, delgado y liviano. Y junto con la cubierta trasera esmerilada translúcida suave y las bolsas de aire ocultas en cada esquina, su cobertura total evitará que su dispositivo sufra golpes accidentales, arañazos o huellas dactilares para el uso diario, haciendo que su dispositivo siempre se vea como nuevo. Sueño/Estela Inteligente: la funda para iPad mini 4 de 7.9 pulgadas tiene una cubierta frontal magnética incorporada que hace que su tableta se active automáticamente tan pronto como se abra y duerma una vez cerrada sin desperdiciar la energía de la batería. Visualización y escritura fáciles: la cubierta frontal se puede plegar en dos posiciones de pie para escribir cómodamente, como un soporte de teclado o ver videos/películas con manos libres. Por lo tanto, es muy conveniente para usted leer libros electrónicos, navegar por Internet, chatear en línea y otros sin tener que sostener siempre su dispositivo. Bien equipado: para que tenga acceso completo a todas las funciones de su tableta, todos los orificios necesarios se cortan con precisión en la carcasa para el altavoz, las cámaras, los botones y otros puertos de su iPad mini 4.ª Generación 2015. Por lo tanto, el estuche seguramente será fácil de instalar / quitar sin rayar su dispositivo",SmartDevil,Black
B08ZJ293FV,es,"Gohytal Sello de Ventanas para Aire Acondicionado, Sello de Ventanas Impermeable para Aire Acondicionado Móvil y Secadora, Fácil de Instalar, Anti UV, Anti-Mosquitos, con Dual Cremallera (300CM)","Junta universal para ventanas de aire acondicionado, secador, deshumidificador y deshumidificador. Puede detener el aire caliente y mantener la habitación más fresca bloqueando el tubo entre el marco de la ventana y la ventana. Lleva un verano fresco. Características: 1. Las juntas de las ventanas reducen el consumo de energía y ayudan a reducir las emisiones de dióxido de carbono. El kit de juntas de ventana cubre completamente la ventana abatible o batiente para que tu aire acondicionado funcione de forma más eficiente. El sello de la ventana está construido con cremallera y el diseño completo de velcro del marco para ayudarle a quitar fácilmente para su almacenamiento. 4. Fácil de instalar, sin necesidad de taladrar. No es necesario comprar tornillos, soportes o herramientas adicionales. 5. Ideal para terrazas y balcones o ventanas de suelo. Información de la base: Material: poliéster impermeable y revestimiento de poliuretano. Longitud: 300 cm, 400 cm. Color: blanco. Peso: 300 cm - 230 g, 400 cm - 310 g (sin incluir el paquete). Contenido del paquete: 1 juego de paños para juntas de ventanas. Pasos de instalación: Paso 1: limpiar la ventana. Paso 2: aplicar la cinta adhesiva con gancho dentro del marco de la ventana y en la ventana. Paso 3: pegar la junta de la ventana a la cinta del gancho. Paso 2: aplicar la cinta del gancho. Paso 2: colocar la cinta del gancho. 4: Abre la cremallera. en la junta de la ventana y colocar el tubo del aire acondicionado fuera de la ventana. Paso 5: cerrar firmemente la cremallera alrededor del tubo. Nota: La junta para ventanas Gohytal 3 cm/400 cm es adecuada para ventanas batientes, tipo push-in o push-out. No apto para ventanas centrales, ventanas correderas o puertas.","❉ Junta universal para ventanas. Junta de ventana Gohytal para aire acondicionado portátil, secador, deshumidificador y deshumidificador. Adecuado para ventanas con un perímetro máximo de 300 cm. Adecuado para los tipos de ventanas basculantes de uso común, independientemente de si se abren a la izquierda o se abren a la derecha, ventanas de tejado o ventanas de tejado. ❉ Material de alta calidad. El sello de ventana reutilizable está hecho de tela Oxford 210T y tela con revestimiento de poliuretano impermeable y respetuoso con el medio ambiente. Equipado con una cremallera autobloqueante, tiene una excelente adherencia pero no deja rastro después de rasgar. También puedes quitarlo en invierno e instalarlo de nuevo el próximo verano. ❉ Fácil de instalar. La junta de ventana portátil se puede instalar sin taladrar ni herramientas adicionales. Simplemente pega la cinta adhesiva del gancho en el interior del marco de la ventana y en la ventana. Pega la junta de la ventana a la cinta del gancho. A continuación, abre la cremallera en la junta de la ventana y coloca el tubo de aire acondicionado fuera de la ventana. Cierra firmemente la cremallera alrededor de la manguera. ❉ Buena sujeción. La junta de la ventana crea un ""ambiente cerrado"" que mantiene la habitación fresca durante más tiempo. También puede mantener eficazmente fuera insectos, mosquitos, polvo, etc. Crea un ambiente refrescante para el hogar, cómodo y seguro para ti. ❉ Protección ambiental y económica. La junta de la ventana para los aires acondicionados portátiles bloquea el retorno de aire caliente, aumenta la capacidad de refrigeración y reduce eficazmente el consumo de energía, ahorra los gastos de electricidad. Te ayuda a ahorrar en las facturas de electricidad",Gohytal,
B08ZNCRLDC,es,MUEBLIX.COM | Somier Eco para Cama 135x 190 cm | Somier con 4 Patas | Láminas Madera de Chopo de 9 cm y Estructura de Tubos de Acero | Útil para Camas Nido o Camas Individuales,,"👍 SOMIER: Este somier o base para camas de nuestra marca propia te proporcionará una comodidad sin igual. Es un somier para cama con una o dos barras centrales dependiendo de su tamaño como refuerzo para dormitorio individual o de matrimonio. 👍 IMPORTANTE: Con este somier no está incluido el colchón. Sommier básico para camas nido, colchón plegable o cualquier tipo de colchones en los que se adapte nuestro somier para camas. 👍 SOMIERES ECO: Con lamas transpirables, se pueden combinar con cualquier dormitorio, pero útil para camas individuales y para camas de matrimonio dependiendo del tamaño del sommier. 👍 BASE PARA CAMAS: Este somier para camas está fabricado en España con tubos de acero de 30 x 30 mm y laminas de madera de chopo de 9 cm de ancho vaporizados con papel estructurado antideslizante 👍 ENTREGA DEL SOMIER A PIE DE CALLE",MUEBLIX.COM,Con 4 Patas
B08ZS57R32,es,"Fintie Funda Compatible con iPad Air 10,9"" (4.ª Generación, 2020) - Carcasa con Soporte Integrado para Pencil Trasera Transparente a Prueba de Choques Auto-Reposo/Activación, Azul Claro","<b><p>¡Fintie, un producto de calidad a su alcance! </b> </p><br> <b><p>Esta funda está diseñada compatible con la tablet iPad Air de 4.ª generación de 10,9 pulgadas 2020. </b> </p><br> <p>-La funda SlimShell tiene un diseño simple y elegante. <p>-La carcasa trasera del plástico está hecha de material de policarbonato duradero para que no tenga que preocuparse por daños. <p>-Debido a que la cubierta está diseñada para voltear hacia atrás y transformar la carcasa en un cómodo soporte que ofrece dos ángulos de visión diferentes. <p>-Todas las funciones del iPad son accesibles incluso con la funda puesta. <p>-Incluso incluye un orificio para la cámara para que puedas tomar fotos y videos sin quitarlo. <p>-Esta funda de una pieza se ajustará a su iPad como un guante. Ofrece una forma ideal de proteger su tablet donde quiera que vaya. </p><br> <b><p>Contenido del producto: </b> <p>1x Funda Fintie SlimShell </p><br><b><p>NOTA: Los colores que se muestran en las imágenes pueden diferir ligeramente del producto real debido a la configuración de iluminación y color. <p> Disponible en una variedad de colores brillantes y divertidos. </b>","Específicamente diseñado compatible con iPad Air 10.9"" ( 4.ª generación 2020) (Número de modelo: A2072/A2316/A2324/A2325). La cubierta trasera rígida con borde de TPU flexible protege su iPad de golpes, caídas e impactos. El frente interior de microfibra suave evita que su tablet se raye. Y la contraportada transparente lucirá con orgullo el icono. Admite sin problemas la carga magnética e inalámbrica del pencil de 2.ª generación cuando la funda está puesta. La cubierta frontal de tres pliegues tiene la capacidad de voltear para transformar la funda del iPad Air 4 en un soporte de visualización y un soporte de teclado. Portalápices incorporado, agarre su pencil de 2.ª generación sin esfuerzo cuando lo desee, para llevar fácilmente el pencil de su iPad con su dispositivo. (¡Solo funda, otros accesorios no incluidos!) Fácil aplicación con clip. Con imanes incorporados, automáticamente despierta o pone a dormir su dispositivo cuando se abre y se cierra la tapa.",Fintie,Azul Claro
B091BB18QV,es,"Tapibase Partida Luxe, Base tapizada 120x200 cm Partida en Tejido piqué con Patas metálicas Incluidas de 25 cm de Altura, Alta firmeza, transpirabilidad y Resistencia",,,MAXCOLCHON,
B091T4NPSM,es,DUFU Estanteria Ducha de Esquina para Baño Sin Taladro Adhesivo No Daña Pared ​Estantería Ducha Baño SUS304 y ABS Inoxidable Organizador Estanteria de Baño Muebles Triángulo 2 Piezas Plata,,"【Sin instalación de perforación】 Puede fijar fácilmente el Estanteria Ducha de Esquina Esquinero en la pared con pegamento autoadhesivo, sin dañar la pared, es muy sólido y carga hasta 10 kg, durante varios años. Si la superficie montada es rugosa o transpirable, utilice los accesorios de perforación. 【Aspecto moderno】 El organizador de ducha de baño convierte el espacio desperdiciado en la pared en un espacio de almacenamiento, el tamaño es de 21,7 x 21,7 cm, lo que puede mantener todo organizado y en su lugar. Además, sus líneas sencillas y su estructura metálica combinan a la perfección con cualquier estilo de baño. 【Seguridad y utilidad】 Los accesorios de baño están hechos de acero inoxidable SUS304 y plástico ABS, duraderos, resistentes a la corrosión, óxido, arañazos, bordes afilados y la piel no se dañará. La altura del borde es de 4,7 cm, para evitar que el objeto se caiga, resistente y duradero, larga vida útil. 【Fácil de mantener】 Con el diseño del sector en ángulo recto, es fácil de instalar y desinstalar El diseño de drenaje especial y el estante de plástico ABS se pueden desinstalar para lavar, lo que hace que el estante del baño esté seco y limpio, para evitar la creación de muchas bacterias, es una opción ideal para usar en un ambiente de baño húmedo 【Amplia aplicación】 Es ampliamente utilizado para baño, inodoro, cocina, etc. Tenga en cuenta que después de la instalación, use el adhesivo auxiliar sin pegamento para uñas para fijar el producto durante 24 horas y no mueva el producto. Se proporcionan servicios postventa profesionales para que esté 100% satisfecho.",DUFU,Plata
B091TJ7PV1,es,Aislamiento Ventanas para Aire Acondicionado 400cm. EGNBU Cubierta Aislante para Portátiles y Secadoras. Kit Ventana Aire Acondicionado Portatil. Fácil Instalación Evita La Entrada de Mosquitos,"<p><strong>¡DIGA ADIÓS AL AIRE CALIENTE Y DÉ LA BIENVENIDA A UNA BRISA FRESCA!</strong></p><p><br></p><p><strong>El sello de ventana EGNBU evita que el aire caliente del sistema de aire acondicionado regrese a su habitación, de modo que su sala de estar, oficina, dormitorio se enfríe más rápido y se mantenga más fresco por más tiempo. Disfrute del material de alta calidad del sello de ventana para veranos calurosos. El sello de la ventana es repelente al agua y evita que la lluvia entre en su casa si deja la ventana abierta. Además de eso, también mantiene alejados a los insectos.</strong></p><p><br></p><p><strong>Especificación:</strong></p><p>Longitud: 400 cm</p><p>Color blanco</p><p>Material: poliéster; Tejido recubierto de PU; Adhesivo termofusible; cremallera</p><p><br></p><p><br></p><p><strong>Lista de empaque:</strong></p><p>1 x junta de ventana de 400 cm</p><p>1 x rollo de cinta de velcro</p><p>4 x bridas para cables</p><p>1 x manual de instalación </p>","✅【NO MÁS INGRESOS DE AIRE CALIENTE】- el sello de ventana EGNBU mantiene alejado el aire caliente que proviene de la manguera de su aire acondicionado portátil al bloquear la manguera entre el marco de la ventana y el marco de la ventana. Nuestro sello de ventana mantiene alejados a los insectos, mosquitos, la lluvia y crea un ""Entorno cerrado"" que mantiene su habitación fresca durante más tiempo. ✅【AUMENTE EL RENDIMIENTO DE REFRIGERACIÓN】- disfrute de un ambiente más fresco en verano gracias a EGNBU. EGNBU sella alrededor de la ventana abierta y luego se cierra con cremallera alrededor de la boquilla de su manguera y bloquea el flujo de retorno de aire caliente para que su unidad de aire acondicionado móvil sea más eficiente y se enfríe. tu habitación en menos tiempo. ✅【REDUZCA EL CONSUMO DE ENERGÍA】- ¡EGNBU ama la Tierra! Este sello de ventana contribuye a reducir el consumo de energía y las emisiones de dióxido de carbono, que son particularmente altas en verano debido al uso masivo del aire acondicionado. Evitando que el aire caliente circule en su habitación, sello de ventana de EGNBU ¡le ayuda a ahorrar dinero en facturas de electricidad! ✅【FÁCIL DE INSTALAR】- NO NECESITA PERFORAR AGUJEROS. No tiene que comprar kits de ventana, adaptadores para su manguera o herramientas adicionales. ¡Todo lo que necesita viene con su sello de ventana EGNBU! Simplemente aplique la cinta adhesiva de gancho al marco de su ventana y Coloque el sello de la ventana en la cinta del gancho. Al final, abra la cremallera del sello de la ventana y coloque la manguera del aire acondicionado fuera de la ventana. ✅【UNIVERSAL】- Adecuado para todos los acondicionadores de aire portátiles y secadoras. Ya sea para ventanas que se abren hacia la izquierda o ventanas que se abren hacia la derecha, ventanas colgadas en la parte inferior o tragaluces, EGNBUWindow Seal hará el trabajo. Se adapta a una ventana con un perímetro máximo de 400 CM.",EGNBU,Blanco
B091YXXW4G,es,"Faburoo Aislante Ajustable para Ventanas, 210x95 CM para Puertas con Salida de Aire Acondicionado Portátil y Secadoras, Fácil de Instalar y a Prueba de Agua","<p>GOLDGE Aislante Ajustable para Ventanas, 210x95 CM para Puertas con Salida de Aire Acondicionado Portátil y Secadoras, Fácil de Instalar y a Prueba de Agua</p><p><br></p><p>Pasos de instalación</p><p>Paso 1: limpiar el marco de la puerta</p><p>Paso 2: coloque la tira adhesiva en el marco de la puerta. La tira de pegado inferior debe pegarse al marco de la puerta inferior o al suelo (tenga en cuenta que antes de pegar, use el paño de la cubierta de la puerta para compararlo con el marco de la puerta y deje la parte inferior con la longitud adecuada. Puede pegar)</p><p>Paso 3: fije el sello de la puerta y la tira adhesiva juntos</p><p>Paso 4: abra la cremallera, coloque la manguera del aire acondicionado fuera de la puerta, cierre la cremallera alrededor de la tubería y luego fije la manguera y la cremallera superior con una brida.</p><p><br></p><p>El paquete incluye:</p><p>1 * paño de la cubierta de la puerta (210 * 95 cm)</p><p>1 * rollo de tira adhesiva (650 cm)</p><p>2 * bridas para cables (longitud única 30 cm)</p><p><br></p>","[El ahorro de energía] Nuestro producto ofrece un sellado alrededor de su puerta y luego se cierra la cremallera alrededor de la boquilla de la manguera bloqueando el flujo de aire caliente de esta, de manera que tu unidad de aire acondicionado pueda ser más eficiente y enfriar tu habitación en menos tiempo. [Facil de instalar] Simplemente aplica la cinta adhesiva en la parte interior del marco de la puerta y a la puerta en sí. Posiciona el sello para puertas en la cinta adhesiva. Luego, abre la cremallera en el sello para puertas y coloca la salida de la manguera de su aire acondicionado fuera de la puerta. Por último, cierra la cremallera alrededor de la manguera [Universalmente adecuado] Ajuste para todos los acondicionadores de aire móviles y secadoras, cualquiera que sea el fabricante. Longitud 210 cm: adecuado para todos los tipos de ventanas de uso común PERO no para la ventana izquierda y derecha o la puerta corredera. [Impermeable] El sello de la ventana de Faburoo es impermeable, lavable y resistente a los insectos. Además, puede seguir siendo la función completa de la ventana y puede cerrarse / abrirse como de costumbre. [Reduce el consumo de energial] El dispositivo ayuda a reducir el consumo de energía y las emisiones de dióxido de carbono a la atmósfera, evitando que los gases de escape calientes fluyan hacia el hogar, lo que ahorra costos de electricidad",Faburoo,
B0922JVG1Y,es,"OROPY Baldas Flotantes Juego de 2, Estante de Pared de Madera Maciza Estante de Exhibición Colgante Decorativo para Dormitorio, Sala de Estar, Cocina, Baño (Gris)","¿Te preocupa quedarte sin almacenamiento de escritorio?<br> ¿Te molesta el espacio limitado en el suelo? <br> ¿Quieres hacer que las paredes se vean más creativas? <br> Este estante para colgar en la pared OROPY será la mejor opción para organizar la habitación. <br> Como la herramienta definitiva para ahorrar espacio, los estantes flotantes se pueden decorar con elegancia, colecciones personales, fotos enmarcadas y recuerdos.","Conjunto de 2 Estantes de Pared - Las dimensiones de cada estante de pared son 40 cm (L) x 15 cm (W), espesor de madera 1,5 cm Estante Flotante 100% de Madera Maciza - Hecho de madera de pino de la más alta calidad, tratamiento de superficie de pulverización ecológico, suave y delicado, fácil de limpiar, duradero Solución de Ahorro de Espacio - El estante montado en la pared aprovecha al máximo el espacio de la pared y lo ayudará a ahorrar espacio en el piso. Cree almacenamiento adicional para cualquier cosa que desee mostrar y haga que su habitación esté más ordenada y organizada Decorativo y Functional - Este estante colgante de madera es el estante de almacenamiento y decoración perfecto para muchas habitaciones en el hogar. Puede combinar estantes de pared o colgarlos por separado para mostrar fotos, libros, plantas u otros suministros. También perfecto para entrada, cocina, baño, oficina, etc Fácil de Instalar - Con tornillos y orificios pretaladrados, se puede instalar rápidamente, conveniente para el desmontaje y uso repetido, y se puede mover fácilmente al reubicar la casa. Nota bondadosa: debido a las diferentes resoluciones de pantalla, el producto puede tener algunas diferencias de color",OROPY,Gris
B09293SRPW,es,"Aire Acondicionado Portatil, Enfriador de Aire Portátil con Cristal de Hielo y Control Remoto, Climatizador Evaporativo Silencioso de Bajo Consumo de Energía con Humidificación para Hogar y Oficina","¿Estás listo para el verano...? Di adiós a la lucha contra el calor y el mal aire. Este aire acondicionado funciona completamente sin manguera de salida de aire u otras instalaciones previas similares. En este dispositivo no se produce ninguna salida de aire. El dispositivo está listo para usar y crea inmediatamente el enfriamiento necesario y deseado. Este enfriador de aire 3 en 1 dispone de un ventilador que a través de un depósito de agua no solo proporciona aire fresco y agradable, sino que también humedece y filtra Purificador de aire Fromoth mini aire acondicionado que filtra el polvo, las fibras y los olores del aire para una respiración más saludable. Características: Indicador de nivel de agua. Capacidad del depósito de agua: 4,5 litros. Filtro de polvo integrado en la parte trasera. Alimentación: 220 – 240 V, 50 Hz. Sistema de filtrado de agua integrado. 3 niveles de potencia (bajo, medio, alto). Asas de transporte y tracción laterales. Colocación gracias a 4 ruedas de suelo integradas. Temporizador de 7,5 horas. Posibilidad de funcionamiento con acumuladores de frío o cubitos de hielo. Tanques de agua/hielo extraíbles para un llenado más fácil. Datos técnicos: ruido: Peso: 5,5 kg. Niveles de ventilación: 3. Longitud del cable: 1,8 m. Medio de refrigeración: Consumo de agua / hielo: 65 W. Caudal de aire máx. : 600 m³/h. Velocidad de salida de aire: 8,8 m/s. Potencia de evaporación máx. : 300 ml/h. Dimensiones (largo x ancho x alto): 240 x 290 x 680 mm. Contenido del envío: 1 dispositivo, 2 acumuladores de frío, 1 manual de instrucciones (idioma español no garantizado).",,IcyAir,Black
B092VMQZXG,es,"Adaptador de ventana para aire acondicionado local, adaptador de ventana y dispositivo de aire acondicionado portátil","Características: <br />1. El kit de sellado para ventanas de aire acondicionado (ajustable de 55 a 110 cm) puede mantener el espacio fresco bloqueando la manguera entre el marco de la ventana y la ventana, evitando que el aire caliente entre en su casa. <br />Conector de tubo de escape de 2,15 cm de diámetro, hecho de materiales de alta calidad, ligero y duradero. <br />3. Adecuado para diferentes sistemas de aire acondicionado portátil y tubos de escape. Se puede conectar al tubo de escape y a la placa de montaje de ventana. Adecuado para sistemas de aire acondicionado Shinco, LG, Samsung, Haier, Chigo. <br />4. Fácil de instalar, sin agujeros en la pared y sin kit de ventana/puerta, adaptador para mangueras o herramientas adicionales. <br />5. Adecuado para ventanas o puertas izquierda y derecha. Con el cierre de mariposa puedes fijar fácilmente el kit de placas de sellado. <br />6. Adecuado para diferentes modelos de aire acondicionado portátil. <br />7. La ventana/las puertas siguen siendo completamente funcional y se pueden cerrar y abrir como de costumbre. <br /><br /><br />Atención: <br />El color real puede diferir ligeramente del de la imagen debido a los diferentes monitores y efectos de luz. <br />Puede darse una diferencia de 1-3 cm respecto a las medidas especificadas. <br /><br />Descripción: <br /><br />Adaptador de ventana: <br />1. Conecta el tubo de escape a la placa de la ventana. <br />2. Adecuado para: todos los sistemas de aire acondicionado portátiles, el diámetro de la salida es de 15 cm. <br />3. Tiene una excelente durabilidad y un ahorro de dinero y puede proporcionar un mayor tiempo de servicio. <br /><br /><br />2 unidades de ventana ajustables. Tabla de kit: <br />1. Se puede estirar y ajustar la longitud libremente. <br />2. Longitud máxima ajustable: aprox. 55-110 cm. <br />3. Tamaño de la placa de chip individual: 100 x 550 mm. <br />4. Tamaño del agujero de montaje: 75 x 200 mm. <br /><br /><br />","El kit de sellado para ventanas de aire acondicionado (ajustable de 55 a 110 cm) puede mantener la habitación fresca bloqueando la manguera entre el marco de la ventana y la ventana, evitando que el aire caliente entre en tu casa. Conector de tubo de escape de 15 cm de diámetro, fabricado con materiales de alta calidad, ligero y duradero. Adecuado para diferentes sistemas de aire acondicionado portátil y tubos de escape. Se puede conectar al tubo de escape y a la placa de montaje de la ventana. Adecuado para sistemas de aire acondicionado Shinco, LG, Samsung, Haier, Chigo. Fácil de instalar, sin agujeros en la pared y sin kit de ventana/puerta, adaptador para mangueras o herramientas adicionales. Adecuado para ventanas o puertas izquierda y derecha. Con el cierre de mariposa puedes fijar fácilmente el kit de placas de sellado.",Henreal,
B092VN3C4H,es,"AROYI Funda y Protector de Pantalla Compatible con iPad Air 4 Generación 2020 10,9 Pulgadas Carcasa y Soporte Pencil, Soporte Función Auto-Sueño/Estela Case PC Trasera Transparente, Menta Verde","<p>Compatible con iPad Air 4 10,9 2020 (Modelos: A2324/A2072/A2316/A2325)</p> <p>Materiales de calidad:</p> <p>Hecho del exterior durable del tpu+duro PC silicon de choque suave, </p> <p>de la guarnición suave de la microfibra, el caso proporciona la protección delantera y trasera total contra huellas dactilares y rasguños</p> <p>Protección de la cámara:</p> <p>Proporcione una protección completa de la cámara y recortes precisos para el altavoz,la cámara,el flash y otros puertos funcionales.Adecuado para la vida cotidiana y el viaje de negocios.</p> <p>Función de pie:</p> <p>El pie de apoyo invisible se puede cambiar a una posición horizontal y actuar como un soporte firme.Le da a su Tableta un ángulo de visión cómodo sin añadir grosor.</p> <p>Abra la cubierta inteligente y su dispositivo se despertará mágicamente. Cierre y el dispositivo se detendrá automáticamente.</p> <p>funda pencil rebound y soporte pare apple pencil integrado</p> <p>Sobre nosotros:</p> <p>Si tiene cualquier pregunta o sugerencia, no dude en contactar con nosotros. Haremos lo posible por proporcionarle el mejor servicio.</p> <p>Paquete:</p> <p>1 x Funda</p> <p>1 x Protectores de Pantalla</p>","🍎Perfectamente diseña a su Nuevo iPad 10.9 inch, iPad Air 4 Generación 2020 (Número de modelo: A2072 / A2316 / A2324 / A2325) Acceso a todas las características y controles. 🍎Protector de Pantalla:Hecho con 0,33mm de grosor de alta calidad prima de vidrio templado con bordes redondeados,Compatible con Pencil. 🍎Smart Cover con Soporte Función, Auto Sueño / Estela, Soporte ajustable con dos ángulos de visión. Permite alternar fácilmente entre los modos de escribir y apaisado. Perfecto para chat en vídeo y ver películas. 🍎Protección Completa:Concha trasera Borde suave de TPU con función de absorción de impactos,La parte trasera dura evita eficazmente que el se doble. Cáscara de superficie Exterior de cuero sintético de primera calidad e interior suave para evitar arañazos.El diseño delgado y liviano de tapa dura agrega un peso mínimo mientras protege y asegura tu tableta contra golpes, arañazos y polvo.Puede proporcionar una potente protección de 360 grados. 🍎compatible con el pencil: El soporte integrado te ofrece un lugar seguro donde guardar tu Pencil.",AROYI,Menta Verde
B09314LYMF,es,"MoKo Funda para Nuevo iPad 9ª Generación 2021/iPad 8ª Generación 2020/7ª Gen 2019, iPad 10.2 Case, Ultra Delgada Cubierta Soporte Plegable Estuche Inteligente Trasera Transparente, Amarillo Claro","<p><strong>Compatibilidad:</strong><br/> Diseñar para su precioso <strong>Nuevo Apple iPad 9ª Generación 2021(Modelo: A2602、A2603、A2604、A2605), iPad 8ª Generación 10.2"" 2020 (Modelo:A2270、A2428、A2429、A2430), iPad 7ª Generación 10.2"" 2019 Tableta (Modelo:A2197,A2198,A2200) </strong>, esta MoKo funda ofrece una combinación de funcionalidad y estilo.<br/> Bien construida para proteger su <strong>iPad 10.2 Inch 2021/2020/2019 Tableta </strong> para los años venideros.<br/> <br/> <strong>Descripción del producto:</strong><br/> El diseño ultradelgado proporciona la máxima protección con un peso mínimo protege su precioso dispositivo.<br/> De alta calidad, elegante y durable, fácil de instalar y quitar.<br/> La buena calidad de PU cuero impulsa un aspecto elegante.<br/> Conveniente stand posición para ver la película o escribir.<br/> Con cierre magnético.<br/></p>","Compatibilidad Perfecta - Esta funda está diseñada especialmente para Nuevo Apple iPad 9ª Generación 2021(Modelo: A2602、A2603、A2604、A2605), iPad 8ª Generación 10.2"" (Modelo:A2270、A2428、A2429、A2430), iPad 7ª Generación 10.2"" 2019 Tableta (Modelo:A2197,A2198,A2200) tableta. No es compatible con otros modelos y no está incluido la lápiz. Material Premium - Hecha de PU cuero de alta calidad con una microfibra suave en el interior impulsa un aspecto elegante. La funda posterior de plástico translúcido puede evitar efectivamente caídas y arañazos. Tríptico Diseño - Funda frontal con tres pliegues plegables y múltiples imanes incorporados se bloquean cuando está en modo de pie para ver película y escribir con estabilidad. Auto Estela / Sueño - Despierta o duerme automáticamente el dispositivo cuando se abre y cierra la funda. Recortes Exactos - Recortes precisos y aberturas para los botones de control y las cámaras permiten un fácil acceso. Conveninete de cargar sin quitar la funda.",MoKo,Amarillo Claro
B0937C9GTY,es,"Duérmete Online - Base Tapizada Reforzada, Anti ruido con 5 Barras de Refuerzo, Apta para cualquier tipo de colchón, 6 Patas metálicas roscadas de 27cm, 150x190, Negro",,"Base tapizada fabricada con estructura metálica reforzada de acero con 5 barras transversales, estructura metálica en tubo de 30 x 30 mm; sobre esta estructura apoya un tablero de cardboard extra duro y resistente La base está tapizada con tejido de malla transpirable, con propiedades antideslizantes, para evitar que el colchón se desplace; además, favorece la ventilación del colchón Incluye juego de 6 patas metálicas cilíndricas de altura 27cm; se unen a la base tapizada mediante rosca, con tapón para protejer el suelo de arañazos La base tapizada no precisa de montaje ni herramientas, tan sólo hay que roscar las patas que vienen incluidas Base apta para cualquier tipo de colchón. Producto de confianza, fabricado en España",DUÉRMETE ONLINE,Negro
B093NZZZXD,es,"Funda giratoria para iPad 9.7 Pulgadas 5.ª/6.ª generación, iPad Air 2 / iPad Air - Funda Protectora con función Atril giratoria de 360 Grados con Encendido automático(Cubo)","Compatibilidad: <br>iPad de 9,7 pulgadas 2018 (número de modelo: A1893, A1954). <br>Tablet iPad de 9,7 pulgadas 2017 (número de modelo: A1822/A1823). <br>iPad Air (número de modelo: A1474/A1475/A1476). <br>iPad Air 2 (número de modelo: A1566/A1567). <br><br>Diseño: <br><br>- Soporte integrado: <br>La funda se puede transformar en un soporte para sostener el dispositivo en posición vertical para tener las manos libres para ver vídeos, libros en línea y más manos libres. <br>- Carcasa rígida: <br>El diseño rígido ofrece un exterior moldeado para proteger la pantalla de cristal frágil, que son propensos a daños cuando se curva. <br>- Forro resistente a los arañazos: <br>Este material suave está diseñado para evitar arañazos en accesorios delicados como gafas de sol o teléfonos móviles, para viajar sin preocupaciones. - Estructura giratoria: <br>Permite un fácil transporte entre el modo horizontal y vertical, lo que proporciona una mayor flexibilidad para la visualización y mantiene tu dispositivo con la funda. <br><br>Contenido del envío: <br>1 funda giratoria. <br><br>Disponible en una variedad de colores brillantes y divertidos. <br>","Perfecto para iPad de 9,7 pulgadas de sexta generación 2018(número de modelo:A1893,A1954), tableta iPad de 9,7 pulgadas de quinta generación 2017(número de modelo: A1822/A1823),iPad Air(número de modelo:A1474/A1475/A1476),iPad Air 2(número de modelo:A1566/A1567). La articulación giratoria, que se puede girar 360 grados, permite que el dispositivo se coloque tanto vertical como horizontalmente con facilidad. La correa elástica mantiene el iPad cerrado de forma segura cuando está fuera de casa. Cambio automático entre modo activo y reposo. La banda magnética incorporada activa / desactiva automáticamente la hibernación cuando la carcasa se abre / cierra para ahorrar energía. La cubierta interior dura de doble capa y el cuero sintético de alta calidad en el exterior protegen el dispositivo perfectamente de arañazos.",Xsltkby,Cubo.
B093QP3335,es,"Duérmete Online Base Tapizada 3D Reforzada, Anti Ruido con 5 Barras de Refuerzo 6 Patas metálicas roscadas de 27cm, Blanco, 135x190",,"Base tapizada fabricada con estructura metálica reforzada de acero con 5 barras transversales, estructura metálica en tubo de 30 x 30 mm; sobre esta estructura apoya un tablero de cardboard extra duro y resistente La base está tapizada con tejido de malla transpirable, con propiedades antideslizantes, para evitar que el colchón se desplace; además, favorece la ventilación del colchón Incluye juego de 6 patas metálicas cilíndricas de altura 27cm; se unen a la base tapizada mediante rosca, con tapón para protejer el suelo de arañazos La base tapizada no precisa de montaje ni herramientas, tan sólo hay que roscar las patas que vienen incluidas Base apta para cualquier tipo de colchón. Producto de confianza, fabricado en España",DUÉRMETE ONLINE,Blanco
B094FWB6J5,es,Cesta Ducha sin Taladro，Estanteria Ducha Plastico，Cesto Ropa de Lavandería Plegable，Cesta Almacenaje con Asa,"<b>Características:</b></br></br> 1、Su aspecto elegante y sencillo tiene una belleza natural y de moda, y combina perfectamente con tu interior.</br> 2、Se puede colocar en una caja de almacenamiento multifuncional para ropa, juguetes, libros, flores y otros artículos.</br> 3、 La textura y el aspecto son atractivos. Además, son fuertes, flexibles, seguros, saludables y libres de productos químicos.</br> 4、Cuando no está en uso, se pueden plegar para ahorrar espacio en un estante o mesa.","✔️【Material de Primera Calidad】El carrito de ducha está hecho de plástico de alta calidad, mano de obra fina, material no tóxico y seguro, duradero, a prueba de herrumbre, resistente al agua, se puede utilizar durante mucho tiempo. ✔️【Sin Perforación】La bandeja de almacenamiento montada en la pared tiene un diseño autoadhesivo, el almacenamiento de la ducha del baño es muy fácil de instalar, no requiere perforación, viene con almohadillas adhesivas fuertes, no dañará su pared. ✔️【Características】la cesta de almacenamiento es plegable y no ocupa espacio en el hogar. Se puede colocar en una esquina o en un cajón de armario.Con cada pedido de nuestro juego de cestas de lavandería, obtendrás una bolsa de malla. ✔️【Diseño Portátil】 Las asas facilitan el manejo de estas cajas plásticas organizadoras, que pueden sacarse fácilmente del estante del baño y transportarse a cualquier otro lugar. ✔️【Múltiples Usos】 La caja de almacenaje resulta práctica en cualquier hogar y ofrece infinitas aplicaciones, ya sea como almacenaje de baño, organizador de cosméticos o contenedor para la habitación infantil, la despensa, el garaje o el trastero.",PIGPIGFLY,
B094GS9X92,es,"Estante Flotante En Acrílico Estante De Acrílico Porta Especias Transparente Estante Flotante para Estante De Pared De Juguete con Repisa, Habitación Moderna De 30 * 10 Cm, Grosor De 5 Mm","<p>Descripción:</p> <p>No es necesario perforar agujeros, las pegatinas encajarán, son resistentes y no dañarán la pared.</p> <p>Los estantes acrílicos pueden soportar un gran peso sin problemas. Estante de exhibición multifunción, utilizado para especiadores con vasos, coleccionables, plantas pequeñas, juguetes, fotos, productos para el cuidado de la piel, cosméticos, libros, etc. Pasillo largo.</p> <p><br></p> <p></p> <p>Especificación:</p> <p>Material: acrílico</p> <p>Tamaño: 30 x 10 x 5 cm / 11,81 x 3,94 x 1,97 pulgadas</p> <p><br></p> <p></p> <p>El paquete contiene:</p> <p>1 * estante de pared flotante de acrílico</p>","Estante de pared flotante: especialmente diseñado para fotos e imágenes, el borde liso en el frente mantiene las fotos estables sin que se deslicen; Tamaño de cada balda: 30 x 10 x 5 cm Fácil de instalar: no es necesario perforar agujeros, con cinta, fácil de instalar Multifuncional: el estante de la barra es muy adecuado para exhibir sus obras de arte, discos, fotos, libros para niños, colecciones de juguetes, especias, etc. Resistente: el estante de pared de almacenamiento es resistente y duradero, hermoso y práctico, y no se deformará con el tiempo. Estos estantes se pueden montar hacia arriba o hacia abajo para formar su forma favorita. Simple y hermoso: el estante de pared de acrílico es un estante transparente que agrega un sentido de moda moderno a su espacio vital",SFGANG,
B094H63DFF,es,"HUAWEI MateBook 13 - Ordenador portátil con pantalla de 13'' 2K (AMD Ryzen 7 3700U, 16GB RAM, 512GB SSD, Windows 10 Home), Color Gris - Teclado QWERTY Español",,"Pantalla de 13'' 2K, 2160 x 1440 píxeles, 200ppi y tecnología IPS. Procesador AMD Ryzen 7 3700U (4 núcleos, 2 MB cache, 2.3 GHz hasta 4.0 GHz). Memoria RAM de 16GB DDR4 2400 MHz. Almacenamiento SSD de 512GB PCIe. Gráficos integrados AMD Radeon Vega 8.",HUAWEI,Gris
B094NNJG28,es,"Auleset Kit De Aire Acondicionado Móvil, 2 Piezas De 84-120 Cm, Placa De Kit De Deslizamiento De Ventana Ajustable para Aire Acondicionado Portátil Talla única","Especificaciones: <br /> Para habilitar las conexiones a la manguera de escape y la placa del kit de ventana. <br /> Apto para todos los acondicionadores de aire portátiles con una salida de aire de 13 cm de diámetro. <br /> Se puede estirar y ajustar libremente en longitud. <br /> <br /> Nombre del artículo: placa de kit de ventana <br /> Modelo: B34156 <br /> Material: PVC <br /> Características: ajustable, ligero, duradero, fácil de instalar <br /> Longitud máxima ajustable: 84 cm - 120 cm / 33,07 ""- 47,24"" (aprox.) <br /> Ancho: 10 cm / 3,94 ""(aprox.) <br /> <br /> Notas: <br /> Debido a la diferencia de configuración de la luz y la pantalla, el color del artículo puede ser ligeramente diferente al de las imágenes. <br /> Permita una ligera diferencia de dimensión debido a las diferentes medidas manuales. <br /> <br /> El paquete incluye: <br /> 1 x Adaptador de ventana o placa de kit de ventana (2 piezas)","❄️ - = - 💨 Kit de ventana Modelo de placa: B34156 Material: PVC Características: Ajustable, ligero, duradero, fácil de instalar ❄️ - = - 💨 Apto para todos los acondicionadores de aire portátiles con una salida de aire de 13 cm de diámetro. ❄️ - = - 💨 Para habilitar las conexiones a la manguera de escape y la placa del kit de ventana. ❄️ - = - 💨 Se puede estirar y ajustar libremente en longitud. ❄️ - = - 💨 Longitud máxima ajustable: 84 cm - 120 cm / 33,07 ""- 47,24"" (Aprox.) Ancho: 10 cm / 3,94 ""(Aprox.)",Auleset,One Color
B094Y28G6D,es,"Cecotec Aire Acondicionado Portátil ForceClima 7350 Touch Smart. 790 W, 7000 BTU, Mando a Distancia, Control Táctil, 4 Modos de Funcionamiento, 2 Velocidades, Pantalla LED, Cobertura 15 m2",,"Aire acondicionado portátil con una gran capacidad de enfriamiento de 7000 BTU. Dicha capacidad facilita conseguir la temperatura deseada en la estancia de manera rápida y eficaz. Su panel de control superior táctil permite controlar el funcionamiento del aire acondicionado de manera cómoda y sencilla. El aire acondicionado cuenta con 4 modos de funcionamiento: modo Ventilador, modo Refrigeración, modo Deshumidificación y modo Noche. Posee mando a distancia para controlar el aire acondicionado cómodamente desde cualquier lugar sin tener que acercarse al mismo para cambiar su configuración. Su gran área de cobertura de 15 m2 permite adaptar y modificar la temperatura de la estancia a los grados deseados. Además, su modo Deshumidificación es capaz de captar un máximo de 20 litros al día, lo que conseguirá un ambiente más sano en tu hogar. La pantalla LED muestra todas las configuraciones posibles y destaca las que se están utilizando en cada momento con el fin de ofrecer un sencillo control del aire acondicionado. Las 2 velocidades del aire acondicionado permiten adaptar su funcionamiento según la necesidad en cada momento, velocidad Baja o Low y velocidad Alta o High.",Cecotec,Blanco
B0953QHV52,es,"DUÉRMETE ONLINE Base Tapizada Reforzada Anti Ruido con 5 Barras de Refuerzo + Colchón Viscoelástico Elda Reversible + 6 Patas metálicas roscadas de 27cm, Blanco, 90x190",,"El pack incluye un colchón Viscoelástico Elda Reversible + Una base tapizada reforzada transpirable con 6 patas roscadas metálicas de 27cm de altura Base tapizada fabricada con estructura metálica reforzada de acero con 5 barras transversales, estructura metálica en tubo de 30 x 30 mm; sobre esta estructura apoya un tablero de cardboard extra duro y resistente. La base está tapizada con tejido de malla transpirable, con propiedades antideslizantes, para evitar que el colchón se desplace; además, favorece la ventilación del colchón Incluye juego de 6 patas metálicas cilíndricas de altura 27cm; se unen a la base tapizada mediante rosca, con tapón para protejer el suelo de arañazos. La base tapizada no precisa de montaje ni herramientas, tan sólo hay que roscar las patas que vienen incluidas. Base apta para cualquier tipo de colchón Colchón viscoelástico Elda reversible: acolchado: tejido strech en cara de invierno y tejido 3d súper transpirable en cara de verano; capas de confort: 2cm de viscoelástica + fibras hipoalergénicas + súper soft en la cara de invierno y 2 cm de viscosoft + fibras hipoalergénicas en la cara de verano; núcleo: compuesto por un bloque de hr de célula abierta, que aporta la firmeza y flexibilidad adecuadas para un buen descanso; totalmente hipoalérgico y muy transpirable; altura total: 22 c Producto de confianza, fabricado en españa, con certificados de calidad oeko-tex y certipur, fabricado de forma sostenible y libre de sustancias nocivas, antiácaros y antibacterias",DUÉRMETE ONLINE,Blanco
B095HGSRKG,es,"Aislante Ventanas Aire Acondicionado Sello de Ventana 300-560 cm Impermeable, para Secadora y Aire Acondicionado Portátil, Dual Cremallera Aislante Termico Ventanas-Impermeable (500cm)","Características del producto: <br> 1. Manténgase alejado de los insectos: ¿Cansado de moscas y mosquitos repugnantes? Los sellos de las ventanas también pueden mantener alejados a las moscas, mosquitos y otros insectos dañinos. <br> 3. Se puede instalar sin taladrar agujeros. <br> 2. Las ventanas no están dañadas. <br> 4. La tela tiene buena permeabilidad a la luz, impermeable y resistente al agua. <br> 5. Fuerte aplicabilidad <br> 6. Se puede desmontar y limpiar en cualquier momento. <br> 7. Cremallera doble, más cómodo de usar <br> <br> Cómo utilizar: <br> 1. Primero limpie el marco de la ventana del automóvil y pegue la tira adhesiva al marco de la ventana (la tira adhesiva tiene pegamento en la parte posterior, que es fuerte y resistente) <br> 2. Luego use el tablero deflector de tela suave para marcar la posición, y use el principio de la varilla mágica para cerrar el borde del tablero de ventana de tela suave a la tira adhesiva. <br> 3. Saque la manguera del aire acondicionado de la ventana del automóvil. Comprima firmemente la cremallera alrededor de la manguera. Use una cremallera para controlar el tamaño de la abertura. <br> Recomendación: nuestros sellos de ventana solo son adecuados para la mayoría de las ventanas, mida el tamaño de sus ventanas antes de comprar <br> <br> Especificaciones del producto: <br> Color: blanco <br> Peso: 3 m: 200 g 4 m: 250 g 5 m: 350 g 5,6 m: 370 g <br> Material: poliéster + revestimiento de PU impermeable y ecológico <br> Longitud: 3 m, 4 m, 5 m, 5,6 m <br> Embalaje del producto: 1 * Tira de sellado de tela suave para aire acondicionado (puerto doble)","[Buena hermeticidad y una amplia gama de usos] Adecuado para acondicionadores de aire portátiles, secadoras de ropa, secadoras de ropa y deshumidificadores. Los tamaños de las tiras de sellado de ventanas son 3 m, 4 m, 5 m, 5,6 my son aplicables los tipos de ventanas comunes. Nota: No se puede instalar en puertas y ventanas correderas. [Fácil de instalar] No se requieren taladros ni otras herramientas. Simplemente pegue la cinta adhesiva de gancho en el interior del marco de la ventana y la ventana misma. Pegue el sello de la ventana en la cinta del gancho. No afecta la apertura y cierre de ventanas. [Material de alta calidad] Poliéster 90T, tejido recubierto de PU impermeable y respetuoso con el medio ambiente. Cremallera autoblocante, excelente adherencia, sin rastro cuando se arranca. También puede aislar eficazmente insectos, polvo, etc. de la habitación. [Conveniencia y economía] Puede abrir o cerrar la ventana en cualquier momento sin quitar el sello de la ventana. Después de que el clima se vuelva frío, también puede desarmarlo y reinstalarlo el próximo verano para ahorrar sus gastos. [General] Apto para todos los acondicionadores de aire portátiles y secadoras de ropa. Ya sea una ventana que se abre a la izquierda o una ventana que se abre a la derecha, la ventana colgante inferior o el tragaluz pueden hacer el trabajo.",Bseical,
B095KFLCLP,es,"KUU Ordenador Portátil 15.6'', 8GB RAM 256GB SSD, Inter Celeron J4125 up to 2.7GHz Notebook, Monitor de PC portátil FHD, Windows 10 Ultrabook USB 3.0 y Bluetooth 4.0","<b> Parámetros del producto: </b> <br/> <br/> Memoria: DDR3 <br/> <br/> Zócalo de disco duro: M.2 <br/> <br/> Tamaño de la pantalla: 15.6 PULGADAS <br/> <br/>Resolución: 1920 * 1080 <br/> <br/> CPU: J4125 <br/> <br/> Frecuencia de CPU / frecuencia turbo: 2.0 / 2.7 <br/> <br/> Material de la carcasa: plástico <br/> <br/> Múltiples núcleos: cuatro núcleos y cuatro hilos <br/> <br/> Gráficos centrales: Intel Ultra HD Graphics 600 <br/> <br/> WiFi: WIFI de doble banda <br/> <br/> Píxeles de la cámara: 30 W <br/> <br/> <b> Batería: </b> <br/> <br/> Capacidad de la batería (mAh): 5000mAh <br/> <br/> Capacidad de la batería (vatios-hora): 37 Wh <br/> <br/> Voltaje de la batería: 7,4 V <br/> <br/> Especificación del adaptador: 12v 2A <br/> <br/> <b> Puertos: </b> <br/> <br/> 2 * USB 3.0 <br/> <br/> Toma de auriculares de 3,5 mm <br/> <br/> 1 * PUERTO DC <br/> <br/> 1 * mini HDMI","【CONVENIENTE DE LLEVAR】 Esta computadora portátil es delgada y elegante, tan liviana y fácil de transportar, la carcasa utiliza los materiales de protección ambiental ABS. La pantalla de 15,6 pulgadas con resolución 1920 * 1080 HD presenta efectos visuales nítidos y claros.El marco delgado le brinda más espacio de trabajo, se puede usar en cualquier momento y en cualquier lugar, en casa o en el trabajo. 【ALTO RENDIMIENTO】 Esta computadora portátil equipada con CPU Intel Celeron J4125 Quad Core y actualizada a 2.7 GHz, es un excelente núcleo de procesador para la nueva generación de oficinas de uso múltiple. Adopción Intel HD Graphics 600 GPU, bajo consumo de energía, con una frecuencia de actualización rápida que brinda imágenes fluidas, excelentes capacidades de procesamiento de gráficos. Usando el sistema Windows 10 Pro, eficiente y sin problemas. 【MAYOR CAPACIDAD DE ALMACENAMIENTO Y BATERÍA】 Almacenamiento masivo LPDDR3 de 8GB y SSD de 256GB que puede ejecutar múltiples programas de gran tamaño al mismo tiempo y mantener una operación de bajo consumo, le permite experimentar Tiempos de arranque ultrarrápidos, además de ser para almacenar. Adopta una batería de iones de litio de 30Wh y tiene una excelente administración de energía a nivel del sistema. 【TECLADO Y DISEÑO DE INTERFAZ VARIOS】 El teclado ultradelgado de tamaño completo diseñado hace que la entrada sea más conveniente, te hace sentir la mejor experiencia de escritura como nunca antes, el diseño compacto y ergonómico te mantiene cómodo. Se puede conectar a varios medios a través de WIFI inalámbrico, Bluetooth integrado, USB 3.0 * 2, Mini HDMI, puerto para auriculares y micrófono, etc. 【GARANTÍA】 Llega en 3-5 días, soporte en línea 7 * 24, garantía de devolución del dinero del 100% sin riesgo. Ofrecemos una garantía de 1 año que incluye soporte técnico, guía de funcionamiento e instalación. Si tiene algún problema de calidad, contáctenos.",KUU,
B095LQ88G1,es,"TECLAST Ordenador Portátil 14.1 Pulgadas F7 Plus 3 Windows 10 Laptop 8GB RAM 256GB SSD 2.6 GHz Cuatro Core Intel Gemini Lake N4120, IPS FHD 1920×1080, Más de 1TB Expandible, 5G WiFi",,"ALTO RENDIMIENTO - Ordenador Portátil con procesador Intel GeminiLake de 8th generación N4120 con frecuencias máximas de hasta 2,6 GHz; la tarjeta gráfica de núcleo UHD Intel Graphics 600 de 9th generación; tiene LPDDR4 con 8 GB de RAM, SSD alta velocidad con 256 GB; soporte para la tarjeta TF y el reemplazo y actualización de SSD. Permite velocidades Turbo Boost desde 1.1Ghz hasta 2.6 GHz. SOFTWARE DEL SISTEMA GENUINO - Laptop con sistema operativo Windows 10 genuino preinstalado, soporte de todo tipo de software de oficina y software de productividad de Adobe, compatible con todo tipo de entretenimiento de audio y vídeo, aplicaciones convencionales. Es bueno tanto en la oficina como en el entretenimiento. Además, el modo nocturno y la configuración del color ayudan a reducir la fatiga visual. CONEXIÓN POTENTE - El notebook tiene una batería grande de 38000mWh, diseñado para un rendimiento duradero, 8 horas de uso integral de la duración de la batería, con AC WiFi en doble banda con una velocidad de transmisión máxima de 433Mb / s bajo banda 5G, Bluetooth 4.2 y otra transmisión inalámbrica de alta velocidad; Es conveniente ponerse en contacto con la variedad de periféricos por los dos USB 3.0, salida Mini-HDMI de audio HD y vídeo. ENTRADA EFICIENTE Y CONTROL CONVENIENTE - Teclado de tamaño completo con 6mm de lado estrecho y 21mm de ancho, con tapa microcóncava, para que la entrada del teclado sea más eficiente, panel táctil grande de 125mm x 78mm, 20% más grande que la generación anterior de productos, manejo más conveniente. Nota: Teclado QWERTY ( Viene con pegatinas de teclado incluyendo Español, Francés, Alemán, Italiano) ULTRADELGADO Y LIGERO - Sólo 1.3kg, en cuerpo ultradelgado de 7mm, el ordenador portatil tiene una pantalla IPS 14.1” FullHD 1920×1080 con un panel de protección 2.5D de bisel estrecho de 8 mm para un encanto moderno. Se ha actualizado la versión, se han cancelado el teclado iluminado y el logo iluminado.",TECLAST,Silver
B0963QRTGS,es,Funda Protectora para Aire Acondicionado Exterio Cubre Aire Acondicionado Exterior Antipolvo Antinieve Protegido Sol Tejido Oxford para Unidad Externa de Aire Acondicionado 1.5P (80 * 26 * 57cm),"<b> Especificaciones: </b> <br> Material: Oxford recubierto de plata <br> Colores: plata <br> Tamaño: 80 * 26 * 57 cm / 31,5 * 10,2 * 22,4 pulgadas <br> <br> <b> Propiedades </b> <br> 【Cubierta de aire acondicionado de alta calidad】 El producto está hecho de oxford plateado, el exterior es plateado, por lo que la tela es delgada y resistente, el trabajo delgado puede reducir la deformación de la tela debido a la alta temperatura, es bueno para la disipación del calor. <br> <br> 【LIGERO Y PERSISTENTE】 Nuestra funda protectora especial para acondicionadores de aire es liviana y ventilada, lo que ayuda al acondicionador de aire a disipar el calor. La tela es duradera, no se rompe fácilmente y dura más. <br> <br> 【Paño plateado】 El paño plateado puede reflejar la luz solar y reducir el daño a la unidad exterior del aire acondicionado. La ropa de aire acondicionado puede proteger contra los daños causados ​​por la luz solar y la lluvia. <br> <br> <b> Volumen de entrega: </b> <br> 1 x Funda para Aire Acondicionado <br>","【MATERIAL DURADERO】 La cubierta del aire acondicionado está hecha de material oxford plateado y la superficie está hecha de una tecnología especial de plata que puede reflejar la luz solar de manera efectiva, retardar el envejecimiento de la máquina y extender la vida útil de la máquina. Aire acondicionado. 【PROTECCIÓN MÚLTIPLE】 Nuestra cubierta climática duradera es a prueba de lluvia, impermeable, a prueba de sol, aislante de calor, nieve, escarcha, viento, polvo y repelente de suciedad. Está completamente protegido por cinco lados y se puede utilizar durante todo el año. 【Diseño de cubierta de malla de ventilación】 La malla se usa en el lateral, que es más conveniente para la disipación de calor, a prueba de polvo y transpirable. No es necesario quitar la cubierta exterior al inicio para hacer su vida más cómoda 【FÁCIL DE LIMPIAR】 Nuestras prendas con aire acondicionado son resistentes a la corrosión y se pueden limpiar para un uso prolongado. Se recomienda lavar con agua fría. 【DIMENSIONES】 su elección: 80 * 26 * 57cm / 31.5 * 10.2 * 22.4in; Adecuado para unidad exterior de aire acondicionado 1.5P.",Hyxodjy,
B096LZLK4H,es,"Punvot Toallero sin taladrar, 40 cm, color negro, soporte para toallas de baño, barra doble, autoadhesivo, estante de ducha, barra de toalla, con 2 ganchos para ducha de baño","Diseño doble: <br><br>El diseño de doble toallero ofrece suficiente espacio para secar la toalla más rápido y mantenerlo limpio y ordenado. <br><br>Seguro y fiable: <br><br>Toallero de barra sin taladrar, seguridad del producto y protección del medio ambiente, sin decoloración, sin arañazos. Se puede utilizar con confianza. <br><br>Diseño moderno: <br><br>Ideal para habitaciones donde el espacio de almacenamiento es limitado. El estante superior sostiene tu inodoro mientras que los cómodos ganchos para albornoces. <br><br>Materiales de alta calidad: <br><br>El toallero y los tornillos son de material de aluminio, no requiere mucho mantenimiento, adecuado para lugares húmedos, como la ducha, la cocina. <br><br><br>Especificaciones: <br><br>Nombre del producto: toallero doble. <br><br>Distancia entre las barras de la toalla: 7 cm. <br><br>Material: aluminio. <br><br>Tamaño total: 40 x 20 x 18 cm. <br><br>Diseño: toallero doble. <br><br>El paquete incluye: <br><br>1 toallero de baño de acero inoxidable. <br><br>1 paquete de hardware (con tornillos).","Diseño doble: el toallero de pared tiene un diseño de doble capa y puede ahorrar espacio y recoger cosas de forma eficaz. Una distancia de 7 cm entre las dos barras de toalla, puede colgar más de 3 toallas y 2 ganchos adicionales para colgar accesorios de baño y cocina. Instalación de dos maneras: el toallero se puede instalar fácilmente con un potente adhesivo autoadhesivo y esperar 48 horas antes de su uso. O con los tornillos suministrados en la pared. Satisface tus diferentes necesidades. Resistente al óxido y duradero: el toallero está hecho de aluminio, pulido a mano, anodizado, inoxidable y resistente a los arañazos, resistente a la corrosión y duradero. Esquinas redondeadas, diseño exquisito que evita cortes de dedos. Puede permanecer intacto incluso en ambientes húmedos durante años. Adecuado para habitaciones, como baños y cocinas. 【Diseño elegante】 Para un aspecto extra fresco, el toallero es negro. El acabado mate hace que los detalles del aspecto sean perfectos Su diseño compacto y moderno es ideal para su decoración sencilla y elegante. Embellece tu toallero de cocina y baño Amplia aplicación: sencillo y moderno toallero negro mate, seguro y hermoso, diseño de esquinas redondeadas, es un buen ayudante perfecto para cocina, inodoro, toalla de baño, paño de cocina, paño de cocina, sala de estar y hotel y baño y también la primera opción para cualquier familia.",Punvot,
B096TPBZ3Z,es,"LUOWAN Colgador de Llaves para Montaje en Pared,Oficina,Cocina,Ganchos Llaves sin Clavos para,Organizador de Llaves Autoadhesivo con 6 Ganchos-Negro","<p><b>¿Por qué elegir nuestro producto?</b></p> <p>Si usted está buscando un organizador para almacenar sus llaves, artículos para el hogar, sombrillas, utensilios de cocina y otros artículos, entonces nuestro estante de almacenamiento de pared multifuncional que no deja marcas es la mejor opción para usted, no sólo se utiliza para decorar su pared, habitación, oficina, etc., sino que también puede almacenar cualquiera de sus artículos para hacer su hogar, habitación, cocina, oficina, etc. más ordenado y atractivo. Tiene principalmente las siguientes características:</p> <ul> <li>Instalación sin perforación, uso en múltiples escenarios, fuerte soporte de carga, satisfaciendo plenamente su almacenamiento diario.</li> <li>Dos tipos de instalación: este estante multifuncional es libre de instalación de perforación, pero si usted prefiere la instalación de perforación, estamos también equipados con tornillos y accesorios para satisfacer esta necesidad.</li> <li>Material de alta calidad y duradero, resistente al agua y a la humedad, que no se cae fácilmente. Es como un cofre del tesoro que puede colgar y guardar muchos objetos de su vida. Ya no tiene que preocuparse por no encontrar los artículos.</li> </ul> <p><b><br></b></p> <p><b>Especificación:</b></p> <p>Color: blanco/negro</p> <p>Material: acero inoxidable + aluminio espacial</p> <p>Tamaño: 24.5cm*5.8cm*4.3cm (9.65 pulgadas*2.28 pulgadas *1.69 pulgadas)</p> <p><b><br></b></p> <p><b>Paquete：</b></p> <p>1*Estante</p> <p>2*Pegatinas sin grapas</p> <p>2*Tuercas</p> <p>2*Tornillos</p>","【Llavero Autoadhesivo】Con un revestimiento autoadhesivo en la parte posterior, puede pegar fácilmente el llavero a cualquier superficie lisa, como cristal, azulejos, fibra de vidrio, madera o mármol. No es necesario perforar para ahorrar más espacio para sus objetos. 【Más Espacio de Almacenamiento】El llavero de pared es la pieza perfecta para la decoración del hogar, 6 ganchos para llaves en la parte inferior pueden colgar llaves, bolsos, correas de perro, sombreros o paraguas, y una bandeja en la parte superior permite guardar con seguridad teléfonos móviles, correo, periódicos, libros y mucho más. Mantenga sus objetos bien organizados y no vuelva a preocuparse por encontrarlos. 【Material Duradero】El organizador de pared está hecho de acero inoxidable duradero y aluminio aeroespacial para garantizar que pueda utilizarlo durante mucho tiempo. El organizador de pared es respetuoso con el medio ambiente, inodoro, resistente al óxido y a la oxidación, fácil de limpiar y preparado para múltiples escenarios. 【Fácil de Instalar】En comparación con el llavero tradicional, este llavero está mejorado para la instalación sin perforación, resolvemos perfectamente el problema de que el llavero del modelo de perforación es molesto de instalar y deja defectos en la pared. Se permite utilizar este organizador perfecto sin necesidad de hacer agujeros. 【Estantería Multifuncional】Esta estantería multifuncional se puede utilizar en las paredes, pasillos, baños, habitaciones, despachos, dormitorios, etc. También es un artículo indispensable para el almacenamiento en la cocina, lo que aporta una gran comodidad para su vida, estudio, trabajo, etc.",LUOWAN,Negro
B096W9CNHN,es,Dreaming Kamahaus Base Tapizada con Tejido 3D AirFresh | Color Gris | 7 Barras transversales | Estructura metálica 40x30mm | Tablero Perforado | 90 x 200 cm | Sin Patas,"<p><b>Características:</b></p> <p><b>BASE TAPIZADA CON TEJIDO 3D AIRFRESH. </b> Altamente resistente y con una larga durabilidad gracas a: </p> <p>- Madera aglomerada muy resistente y estable; tablero de 10 mm. </p> <p>- Bastidor metálico con 7 barras trasversales de refuerzo. Evita hundimientos. </p> <p>- Altura de la base: ±5cm</p> <p>- Nuestra base está preparada para 6-12 patas según la medida para ofrecer una mayor estabilidad. </p> <p><b>BASE TOTALMENTE TRANSPIRABLE. </b></p> <p>- El colchón se conservará mejor debido a la transpiración y ventilación de la base. <p> <p>- Su tejido tapizado en 3D AIRFRESH hace que sea ultra transpirable y antideslizante por el que el aire circula con gran facilidad por su cámara de aire. </p> <p>- Tablero perforado de serie que permite circular el aire y ventilar el colchón. </p> <p><b>PERSONALIZABLE. </b></p> <p>- <b>Podrás elegir la medida necesaria para tu colchón. </b> Las medidas de 160cm y 180 cm estarán compuestas por 2 bases de 80cm y 90cm respectivamente. Estas incluirán las pletinas de unión para las bases. </p> <p>- También podrás elegir la altura de las patas: <b>10cm, 15cm, 20cm, 25cm, 28cm, 30cm, 35cm o 40cm. </b> </p> <p><b>CONFIANZA. </b></p> <p>- Garantía y compromiso de calidad. Producto <b>fabricado en España</b> bajo las normativas europeas. Utilizamos productos de procedencia natural para reducir el impacto sobre el medioambiente. Los tejidos utilizados cuentan con el certificado <b>Oeko-tex</b> que garantiza que están libres de sustancias tóxicas. 2 años de garantía. </p> <p><b>AVISOS IMPORTANTES. </b></p><p>- Al ser un producto de gran tamaño, la empresa de transportes puede no subirlo a la puerta de su casa, realizando la entrega en el portal de su edificio. Por favor, asegúrese de que nos proporciona un número de teléfono actualizado. Las bases deben ser usadas con todas las patas para las que van preparadas. En caso contrario, quedarán exentas de garantía. </p>","BASE TAPIZADA en tejido 3D AIRFRESH. Altamente resistente y transpirable. Tablero de 10mm perforado de serie. Madera aglomerada de gran resistencia y estabilidad. Estructura metálica con 7 BARRAS TRANSVERSALES de refuerzo. Tejido 3D AirFresh en color gris. Mayor transpirabilidad. Preparada para 6, 7, 9 o 12 patas según medida. Rosca métrica de 10mm para enroscar. Tamaño a su elección Fabricado en España, cumpliendo las normativas europeas. Garantía de 2 años. ⚠️ ENVÍO: A la hora de realizar el pedido, tenga en cuenta que la agencia de transportes puede no subirla a su casa y depositarla en el portal. El coste de envío para Canarias, Ceuta y Melilla no incluye tasas de importación, tenga en cuenta que puede tener que realizar pagos adicionales con la recogida del producto.",Dreaming Kamahaus,
B096ZLG8GF,es,Dreaming Kamahaus Base Tapizada con Tejido 3D AirFresh | Color Beige | 7 Barras transversales | Estructura metálica 40x30mm | Tablero Perforado | 135 x 190 cm | Patas 25 cm,"<p><b>Características:</b></p> <p><b>BASE TAPIZADA CON TEJIDO 3D AIRFRESH. </b> Altamente resistente y con una larga durabilidad gracas a: </p> <p>- Madera aglomerada muy resistente y estable; tablero de 10 mm. </p> <p>- Bastidor metálico con 7 barras trasversales de refuerzo. Evita hundimientos. </p> <p>- Altura de la base: ±5cm</p> <p>- Nuestra base está preparada para 6-12 patas según la medida para ofrecer una mayor estabilidad. </p> <p><b>BASE TOTALMENTE TRANSPIRABLE. </b></p> <p>- El colchón se conservará mejor debido a la transpiración y ventilación de la base. <p> <p>- Su tejido tapizado en 3D AIRFRESH hace que sea ultra transpirable y antideslizante por el que el aire circula con gran facilidad por su cámara de aire. </p> <p>- Tablero perforado de serie que permite circular el aire y ventilar el colchón. </p> <p><b>PERSONALIZABLE. </b></p> <p>- <b>Podrás elegir la medida necesaria para tu colchón. </b> Las medidas de 160cm y 180 cm estarán compuestas por 2 bases de 80cm y 90cm respectivamente. Estas incluirán las pletinas de unión para las bases. </p> <p>- También podrás elegir la altura de las patas: <b>10cm, 15cm, 20cm, 25cm, 28cm, 30cm, 35cm o 40cm. </b> </p> <p><b>CONFIANZA. </b></p> <p>- Garantía y compromiso de calidad. Producto <b>fabricado en España</b> bajo las normativas europeas. Utilizamos productos de procedencia natural para reducir el impacto sobre el medioambiente. Los tejidos utilizados cuentan con el certificado <b>Oeko-tex</b> que garantiza que están libres de sustancias tóxicas. 2 años de garantía. </p> <p><b>AVISOS IMPORTANTES. </b></p><p>- Al ser un producto de gran tamaño, la empresa de transportes puede no subirlo a la puerta de su casa, realizando la entrega en el portal de su edificio. Por favor, asegúrese de que nos proporciona un número de teléfono actualizado. Las bases deben ser usadas con todas las patas para las que van preparadas. En caso contrario, quedarán exentas de garantía. </p>","BASE TAPIZADA en tejido 3D AIRFRESH. Altamente resistente y transpirable. Tablero de 10mm perforado de serie. Madera aglomerada de gran resistencia y estabilidad. Estructura metálica con 7 BARRAS TRANSVERSALES de refuerzo. Tejido 3D AirFresh en color beige. Mayor transpirabilidad. Preparada para 6, 7, 9 o 12 patas según medida. Rosca métrica de 10mm para enroscar. Tamaño a su elección Fabricado en España, cumpliendo las normativas europeas. Garantía de 2 años. ⚠️ ENVÍO: A la hora de realizar el pedido, tenga en cuenta que la agencia de transportes puede no subirla a su casa y depositarla en el portal. El coste de envío para Canarias, Ceuta y Melilla no incluye tasas de importación, tenga en cuenta que puede tener que realizar pagos adicionales con la recogida del producto.",Dreaming Kamahaus,
B096ZQXB5P,es,"Fintie Funda Compatible con iPad Air 10,9"" (4.ª Generación, 2020) - Carcasa con Soporte Integrado para Pencil Trasera Transparente a Prueba de Choques Auto-Reposo/Activación, Mármol Verde Dorado","<b><p>¡Fintie, un producto de calidad a su alcance! </b> </p><br> <b><p>Esta funda está diseñada compatible con la tablet iPad Air de 4.ª generación de 10,9 pulgadas 2020. </b> </p><br> <p>-La funda SlimShell tiene un diseño simple y elegante. <p>-La carcasa trasera del plástico está hecha de material de policarbonato duradero para que no tenga que preocuparse por daños. <p>-Debido a que la cubierta está diseñada para voltear hacia atrás y transformar la carcasa en un cómodo soporte que ofrece dos ángulos de visión diferentes. <p>-Todas las funciones del iPad son accesibles incluso con la funda puesta. <p>-Incluso incluye un orificio para la cámara para que puedas tomar fotos y videos sin quitarlo. <p>-Esta funda de una pieza se ajustará a su iPad como un guante. Ofrece una forma ideal de proteger su tablet donde quiera que vaya. </p><br> <b><p>Contenido del producto: </b> <p>1x Funda Fintie SlimShell </p><br><b><p>NOTA: Los colores que se muestran en las imágenes pueden diferir ligeramente del producto real debido a la configuración de iluminación y color. <p> Disponible en una variedad de colores brillantes y divertidos. </b>","Específicamente diseñado compatible con iPad Air 10.9"" ( 4.ª generación 2020) (Número de modelo: A2072/A2316/A2324/A2325). La cubierta trasera rígida con borde de TPU flexible protege su iPad de golpes, caídas e impactos. El frente interior de microfibra suave evita que su tablet se raye. Y la contraportada transparente lucirá con orgullo el icono. Admite sin problemas la carga magnética e inalámbrica del pencil de 2.ª generación cuando la funda está puesta. La cubierta frontal de tres pliegues tiene la capacidad de voltear para transformar la funda del iPad Air 4 en un soporte de visualización y un soporte de teclado. Portalápices incorporado, agarre su pencil de 2.ª generación sin esfuerzo cuando lo desee, para llevar fácilmente el pencil de su iPad con su dispositivo. (¡Solo funda, otros accesorios no incluidos!) Fácil aplicación con clip. Con imanes incorporados, automáticamente despierta o pone a dormir su dispositivo cuando se abre y se cierra la tapa.",Fintie,Z-Mármol Verde Dorado
B096ZVCCPF,es,Dreaming Kamahaus Base Tapizada con Tejido 3D AirFresh | Color Blanco | 7 Barras transversales | Estructura metálica 40x30mm | Tablero Perforado | 90 x 190 cm | Patas 25 cm,"<p><b>Características:</b></p> <p><b>BASE TAPIZADA CON TEJIDO 3D AIRFRESH. </b> Altamente resistente y con una larga durabilidad gracas a: </p> <p>- Madera aglomerada muy resistente y estable; tablero de 10 mm. </p> <p>- Bastidor metálico con 7 barras trasversales de refuerzo. Evita hundimientos. </p> <p>- Altura de la base: ±5cm</p> <p>- Nuestra base está preparada para 6-12 patas según la medida para ofrecer una mayor estabilidad. </p> <p><b>BASE TOTALMENTE TRANSPIRABLE. </b></p> <p>- El colchón se conservará mejor debido a la transpiración y ventilación de la base. <p> <p>- Su tejido tapizado en 3D AIRFRESH hace que sea ultra transpirable y antideslizante por el que el aire circula con gran facilidad por su cámara de aire. </p> <p>- Tablero perforado de serie que permite circular el aire y ventilar el colchón. </p> <p><b>PERSONALIZABLE. </b></p> <p>- <b>Podrás elegir la medida necesaria para tu colchón. </b> Las medidas de 160cm y 180 cm estarán compuestas por 2 bases de 80cm y 90cm respectivamente. Estas incluirán las pletinas de unión para las bases. </p> <p>- También podrás elegir la altura de las patas: <b>10cm, 15cm, 20cm, 25cm, 28cm, 30cm, 35cm o 40cm. </b> </p> <p><b>CONFIANZA. </b></p> <p>- Garantía y compromiso de calidad. Producto <b>fabricado en España</b> bajo las normativas europeas. Utilizamos productos de procedencia natural para reducir el impacto sobre el medioambiente. Los tejidos utilizados cuentan con el certificado <b>Oeko-tex</b> que garantiza que están libres de sustancias tóxicas. 2 años de garantía. </p> <p><b>AVISOS IMPORTANTES. </b></p><p>- Al ser un producto de gran tamaño, la empresa de transportes puede no subirlo a la puerta de su casa, realizando la entrega en el portal de su edificio. Por favor, asegúrese de que nos proporciona un número de teléfono actualizado. Las bases deben ser usadas con todas las patas para las que van preparadas. En caso contrario, quedarán exentas de garantía. </p>","BASE TAPIZADA en tejido 3D AIRFRESH. Altamente resistente y transpirable. Tablero de 10mm perforado de serie. Madera aglomerada de gran resistencia y estabilidad. Estructura metálica con 7 BARRAS TRANSVERSALES de refuerzo. Tejido 3D AirFresh en color blanco. Mayor transpirabilidad. Preparada para 6, 7, 9 o 12 patas según medida. Rosca métrica de 10mm para enroscar. Tamaño a su elección Fabricado en España, cumpliendo las normativas europeas. Garantía de 2 años. ⚠️ ENVÍO: A la hora de realizar el pedido, tenga en cuenta que la agencia de transportes puede no subirla a su casa y depositarla en el portal. El coste de envío para Canarias, Ceuta y Melilla no incluye tasas de importación, tenga en cuenta que puede tener que realizar pagos adicionales con la recogida del producto.",Dreaming Kamahaus,
B096ZZBBBK,es,Dreaming Kamahaus Base Tapizada con Tejido 3D AirFresh | Color Chocolate | 7 Barras transversales | Estructura metálica 40x30mm | Tablero Perforado | 105 x 190 cm | Patas 28 cm,"<p><b>Características:</b></p> <p><b>BASE TAPIZADA CON TEJIDO 3D AIRFRESH. </b> Altamente resistente y con una larga durabilidad gracas a: </p> <p>- Madera aglomerada muy resistente y estable; tablero de 10 mm. </p> <p>- Bastidor metálico con 7 barras trasversales de refuerzo. Evita hundimientos. </p> <p>- Altura de la base: ±5cm</p> <p>- Nuestra base está preparada para 6-12 patas según la medida para ofrecer una mayor estabilidad. </p> <p><b>BASE TOTALMENTE TRANSPIRABLE. </b></p> <p>- El colchón se conservará mejor debido a la transpiración y ventilación de la base. <p> <p>- Su tejido tapizado en 3D AIRFRESH hace que sea ultra transpirable y antideslizante por el que el aire circula con gran facilidad por su cámara de aire. </p> <p>- Tablero perforado de serie que permite circular el aire y ventilar el colchón. </p> <p><b>PERSONALIZABLE. </b></p> <p>- <b>Podrás elegir la medida necesaria para tu colchón. </b> Las medidas de 160cm y 180 cm estarán compuestas por 2 bases de 80cm y 90cm respectivamente. Estas incluirán las pletinas de unión para las bases. </p> <p>- También podrás elegir la altura de las patas: <b>10cm, 15cm, 20cm, 25cm, 28cm, 30cm, 35cm o 40cm. </b> </p> <p><b>CONFIANZA. </b></p> <p>- Garantía y compromiso de calidad. Producto <b>fabricado en España</b> bajo las normativas europeas. Utilizamos productos de procedencia natural para reducir el impacto sobre el medioambiente. Los tejidos utilizados cuentan con el certificado <b>Oeko-tex</b> que garantiza que están libres de sustancias tóxicas. 2 años de garantía. </p> <p><b>AVISOS IMPORTANTES. </b></p><p>- Al ser un producto de gran tamaño, la empresa de transportes puede no subirlo a la puerta de su casa, realizando la entrega en el portal de su edificio. Por favor, asegúrese de que nos proporciona un número de teléfono actualizado. Las bases deben ser usadas con todas las patas para las que van preparadas. En caso contrario, quedarán exentas de garantía. </p>","BASE TAPIZADA en tejido 3D AIRFRESH. Altamente resistente y transpirable. Tablero de 10mm perforado de serie. Madera aglomerada de gran resistencia y estabilidad. Estructura metálica con 7 BARRAS TRANSVERSALES de refuerzo. Tejido 3D AirFresh en color chocolate. Mayor transpirabilidad. Preparada para 6, 7, 9 o 12 patas según medida. Rosca métrica de 10mm para enroscar. Tamaño a su elección Fabricado en España, cumpliendo las normativas europeas. Garantía de 2 años. ⚠️ ENVÍO: A la hora de realizar el pedido, tenga en cuenta que la agencia de transportes puede no subirla a su casa y depositarla en el portal. El coste de envío para Canarias, Ceuta y Melilla no incluye tasas de importación, tenga en cuenta que puede tener que realizar pagos adicionales con la recogida del producto.",Dreaming Kamahaus,
B0972BCS2L,es,"FSDELIV Sello de Ventana de Aire Acondicionado/Sello de Ventana,Sello de Ventana Ajustable con Kit de Adaptador de Ventana para Aire Acondicionado portátil, Kit de Manguera de extracción","<p>Descripción: <br />Material: PVC <br />Tamaño de la placa exterior perforada: 55 * 10 cm, Apertura: 7.5 * 20cm <br />Tamaño interno del panel: 55 * 9.5cm <br /><br />El paquete incluye: <br />2 PCS /SET SAFFLE <br /><br />Nota: <br />Debido al efecto de diferentes monitores y luz, el color real quizás un ligero diferente del color de la imagen. <br />Permitir que 2-3 cm difiere debido a la medición manual.</p>","Amplias ventajas: el adaptador de la ventana cuenta con un posicionamiento conveniente, un espacio más pequeño, con una combinación de coincidencia, por lo que puede ajustar la altura del deflector al extraer el botón sin comprar tornillos adicionales. Fácil de usar: el adaptador de la ventana es fácil de instalar y eliminar la manguera de escape para las ventanas inclinadas. Puede ser estirado libremente y ajustado de longitud, y la longitud máxima ajustable es de aproximadamente 110 cm.4. Fácil de instalar y quitar. Hecho de materiales livianos, duraderos y no tóxicos, se puede utilizar durante mucho tiempo. La placa del adaptador de la ventana está en forma para la ventana deslizante o la puerta corredera.",FSDELIV,
B097HLYDF4,es,Gadgy Balda Madera Maciza | Estanteria Pared 50 x 15 x 4 cm. | Estanteria Madera Roble | Tablones de Madera | Baldas flotantes | Estante Cuadro | Lejas Pared Habitacion | Estanterias Colgantes,"Convierta sus mejores cosas en el centro de atención de su hogar con esta estantería de pared flotante de roble. La estantería está hecha de roble auténtico, lo que le da un aspecto hermoso y natural. La madera tiene una capacidad de carga de 5 kg, lo que la hace duradera y adecuada para todas sus cosas favoritas. Decóralo con plantas, tarros de especias, fotos, portavelas, recuerdos y todos tus otros adornos favoritos. La madera lacada proporciona una capa de protección adicional, haciéndola más resistente a los arañazos. Debido a su color neutro, encaja bien con cualquier estilo de interior, ya sea industrial, moderno, rural o escandinavo. Es una hermosa decoración de pared en cualquier espacio y es adecuado para la sala de estar, el dormitorio, el pasillo, el cuarto de baño o la cocina. Además, es fácil y rápido de colgar con los tornillos, tacos y destornillador suministrados. También es bonito para regalar a otra persona, por ejemplo, en la inauguración de una casa.<br><br> Características: <br> - Tamaño: 50 x 15 x 4 cm<br> - Peso: 1,64 kg<br> - Material: madera (roble)<br> - Capacidad de carga: 5 kg<br> - Madera barnizada (2x) <br> - Tornillos, tacos y destornillador incluidos","100% MADERA REAL - La estantería pared está hecha de roble real que le da un aspecto hermoso y natural. DECORAR CON ELEMENTOS FAVORITOS - Decora con plantas, fotos, portacandelitas, tarros de especias o recuerdos. El tamaño de 50 x 15 cm hace que sea lo suficientemente grande para tus cosas favoritas. CALIDAD ROBUSTA - La estantería está hecha de roble robusto y lacado y tiene una capacidad de carga de 5 kg. Esto garantiza que sea robusto y duradero. SE AJUSTA A CUALQUIER INTERIOR - ¿Tiene un interior industrial, moderno, rural o escandinavo? ¡No importa, porque el color neutro es hermoso en cualquier interior! FÁCIL DE COLGAR - La estantería de pared se cuelga fácil y rápidamente con los tornillos, tacos y destornillador suministrados. ¡Listo para decorar!",Gadgy,
B097PFV19S,es,"Hukermoon Cubierta Aislante para Ventanas para Aparatos de Aire Acondicionado Portátiles y Secadoras, Fácil Instalación y a Prueba de Agua，Evita La Entrada de Mosquitos, Perímetro Máximo de 300cm","Hukermoon el sello de ventana evita que entre aire caliente a la casa, por lo que su sala de estar, oficina y dormitorio pueden usar el aire acondicionado más rápido y mantenerlos frescos por más tiempo. Adiós al caluroso verano, haz que el verano sea más fresco.<br> <br> <br> Características:<br> <br> * Evita la penetración de aire caliente y los insectos<br> <br> * Aumenta la capacidad de refrigeración, disminuye el consumo de energía<br> <br> * Fácil de caber en la ventana y la manguera<br> <br> * Resistente al agua y lavable<br> <br> * Apto para todos los tipos de ventanas de uso común<br> <br> <br> Se instala en cuestión de segundos:<br> <br> 1 - Aplica la cinta adhesiva para enganchar en el interior del marco de tu ventana y en la ventana.<br> <br> 2 - Posicione el sello para ventanas en la cinta adhesiva.<br> <br> 3 - Abre la cremallera en el sello y coloque la manguera del aire acondicionado fuera de la ventana.<br> <br> 4 - Cierre la cremallera alrededor de la manguera.<br> <br> 5 - Usa una abrazadera para cables para fijar la manguera de aire al cierre si es necesario. Y ya está listo para usarse.<br> <br> <br> Paquete incluyendo:<br> <br> 1 x tela de sellado de ventana (300 cm) <br> <br> 1 x Cinta<br> <br> 2 x cable Tie<br>","❄ Saca el aire caliente de tu cuarto: El sello de la ventana evita que entre el aire caliente sellando la manguera entre el marco de la ventana y la ventana en sí. Nuestra tela para sellar ventanas a prueba de agua te libra de insectos y zancudos, además crea un “ambiente cerrado” , permitiéndote tener un cuarto más fresco en el calor del verano. ❄ Instalación fácil sin herramientas y sin necesidad de perforar agujeros en la pared, ahorra tiempo y no daña la pared, por lo que es fácil resolver el problema de las mangueras de aire acondicionado. No necesita comprar otro herramiento de instalación, incluye banda de autoadhesiva, dual cremallera y 2 cable tie para una fijación más estable en el tubo de escape. ❄ Reduce el consumo de energia: Este sello para manguera de aire acondicionado te ayuda a reducir el consumo energético y a disminuir la emisión de dióxido de carbono. Un sistema de ventilación por extracción bien construido te ahorra dinero en energía eléctrica además de darte un mejor enfriamiento con nuestro sello. ❄ Resistente al agua y fácil de limpiar: El aire acondicionado sellado de la ventana es duradero, y se puede limpiar a 40 ° C. Así que se puede utilizar normalmente en días de lluvia. Y no te preocupes por los rayos UV fuera de la ventana. ❄ Amplia compabilidad: Adecuado para todos los aires acondicionado portátiles y secadoras. Apto para todos los tipos de ventanas de uso común. Adecuado para ventanas con un perímetro inferior o igual a 300 cm. Nota: No se aplica a ventanas corredizas a izquierda y derecha.",Hukermoon,
B097PW6D1P,es,"Cubierta de limpieza de aire acondicionado, cubierta de aire acondicionado, cubierta de aire acondicionado para ventanas, color negro, apto para 1 ~ 1,5 P","Tapa de aire acondicionado, cubierta para la limpieza del aire acondicionado, cubierta para aire acondicionado de ventana. <br/><br/><br/>Modelo de actualización (sin placa de soporte). <br/><br/>Limpia el aire acondicionado regularmente cada año para dar a tu familia un ambiente más limpio e higiénico. <br/><br/>Cuando se limpia el aire acondicionado regularmente cada año, evita salpicaduras de agua y facilita la limpieza del aire acondicionado. <br/>","Se utiliza para limpiar los dos acondicionadores de casa con el compresor de chorro, resultado óptimo, el agua de limpieza se ha dirigido a un recipiente sin ninguna mancha en las paredes. Dispone de una boquilla externa para que el agua fluya en un cubo. Lona de cobertura para climatización. Herramienta muy útil para el mantenimiento de aire acondicionado de tipo mini split. El trabajo, reutilizable, ha hecho el trabajo más fácil de soportar. Tamaño adecuado, material robusto, fácil instalación. Cordón de cierre y cordón en el borde de la cubierta para adaptar la boca abierta a su gusto, cuerda de tracción elástica para evitar el desbordamiento. Cubierta impermeable con cubierta desinfectada e higienizada (al menos una vez el año) para que tus divisores estén fuera, ocultos hay virus.",MBOOM,Negro
B0987CBW8T,es,"Kit De Ventilación De Ventanas De Aire Acondicionado Portátil, Placa De Kit De Deslizamiento De Ventana De CA Para Manguera De Escape De 13,5 Cm / 5,3 Pulgadas, Ajuste De Longitud De Soporte","Descripción:<br/>Accesorios completos para unidades de aire acondicionado: este kit de ventana de aire acondicionado portátil contiene todos los accesorios que necesita.<br/>Compatibilidad superior: el kit de ventilación de ventana para aire acondicionado portátil incluye 4 placas con una longitud total de 43 cm / 16,93 pulgadas (aproximadamente) y una longitud máxima ajustable de 140 cm / 55,12 pulgadas (aproximadamente) para satisfacer las necesidades de diferentes alturas de ventana.<br/>Diseño especial: las placas de nuestro kit deslizante de ventana de aire acondicionado portátil tienen un diseño diferente, cuentan con rieles ajustables y son sólidas, por lo que no hay necesidad de preocuparse por la separación entre las 2 placas. Métodos de instalación vertical y horizontal.<br/>Material duradero: el kit de ventana de CA está hecho de material de PVC duradero, que es liviano, fácil de instalar y quitar, adecuado para uso en el hogar o la oficina.<br/>Sellado mejorado: hay un espacio entre la placa de fijación y la placa de ajuste, ya que la placa ajustable es más estrecha que la placa de fijación. Viene con una cinta de sellado, que se adhiere a la unión entre la ventana y la placa de sellado, lo que evita de manera efectiva la entrada de aire caliente y la fijación de cada placa.<br/><br/>Especificaciones:<br/>Nombre: Kit de ventana de aire acondicionado portátil<br/>Color blanco<br/>Material: PVC<br/>Tamaño: como se muestra<br/>Adecuado para: adaptador de aire acondicionado portátil<br/>Calidad: instalación sencilla, accesorios de repuesto para aire acondicionado portátil<br/><br/>Lista de empaque:<br/>Placa * 4<br/>Acoplador * 1<br/>Accesorios de tornillo * 4<br/>Cinta * 1<br/><br/>Notas:<br/>1. Debido a la medición manual, puede haber una tolerancia de tamaño de 1 a 5 mm. Comprueba el tamaño de tu ventana antes de comprar.<br/>2. El color del artículo y el que se muestra en la imagen pueden tener algún matiz.","❤ Accesorios completos para unidades de aire acondicionado: este kit de ventana de aire acondicionado portátil contiene todos los accesorios que necesita. ❤ Compatibilidad superior: el kit de ventilación de ventana de aire acondicionado portátil incluye 4 placas con una longitud total de 43 cm / 16,93 pulgadas (aproximadamente) y una longitud máxima ajustable de 140 cm / 55,12 pulgadas (aproximadamente) para satisfacer las necesidades de diferentes alturas de ventana. ❤Diseño especial: nuestras placas de kit deslizantes para ventanas de aire acondicionado portátiles tienen un diseño diferente, cuentan con rieles ajustables y son sólidas, por lo que no hay necesidad de preocuparse por la separación entre las 2 placas. Métodos de instalación vertical y horizontal. ❤ Material duradero: el kit de ventana de CA está hecho de material de PVC duradero, que es liviano, fácil de instalar y quitar, adecuado para uso en el hogar o la oficina. ❤ Sellado mejorado: hay un espacio entre la placa de fijación y la placa de ajuste, ya que la placa ajustable es más estrecha que la placa de fijación. Viene con una cinta de sellado, que se adhiere a la unión entre la ventana y la placa de sellado, evitando eficazmente que entre aire caliente y fije cada placa.",fllyiingu,(Adaptador de Ventana + Placa 4pc)
B09928JYF7,es,"GAXQFEI Cubierta de Aire Acondicionado, Toldo, Toldo, Ventana, Refugio de Lluvia, Cubierta de Invierno, Exterior, para Nieve, con Soporte de Aleación de Aluminio para Equipo Eléctrico Externo,Mate,10","la Unidad Exterior Del Aire Acondicionado Se Cuelga Al Aire Libre Durante Todo el Año Y Se Expone a la Luz Solar, la Lluvia, el Viento, la Lluvia, el Óxido Y el Polvo, Lo Que Afecta Seriamente la Vida Útil Del Aire Acondicionado.<br><br>el Uso de Esta Cubierta de Aire Acondicionado Puede Reducir la Luz Solar Directa a Las Máquinas Externas, la Oxidación Y la Corrosión, Y Reducir el Daño Al Aire Acondicionado Causado por Objetos Extraños Que Caen Desde una Altura. ¡Extienda la Vida Útil Del Aire Acondicionado!<br><br>Especificaciones Del Producto<br><br>Proyecto: Cubierta Protectora de Aire Acondicionado<br><br>Material: Pvc<br><br>Color: Mate Y Opaco<br><br>Espesor: 6 Mm<br><br>Embalaje: Cartones<br><br>Tamaño: Longitud 1043 X Ancho 593 Mm<br><br>Peso: Alrededor de 3000 G<br><br>Características: Resistencia a la Corrosión, Aumenta la Vida Útil Del Aire.<br><br>Acondicionadores<br><br>Nuestro Dosel de Puerta También Se Puede Utilizar para Protegerse de la Lluvia, el Sol, el Sol Y el Viento. Puede Instalarlo en Su Puerta de Entrada, Puerta Trasera, Balcón, Porche, Ventana, Etc.<br><br>el Paquete Incluye<br><br>· 1 X Cubierta de Aire Acondicionado","la Parte Más Importante Del Aire Acondicionado Es el Equipo de la Unidad de Aire Acondicionado. Evita Que Las Hojas, Lluvia, Nieve, Granizo, Polvo Y Otros Desechos Entren Y Se Queden Dentro de la Unidad de Aire Acondicionado. Minimice Las Fallas Eléctricas. el Toldo de Nuestra Puerta Utiliza Láminas de Policarbonato Duraderas de 6 Mm Y Aluminio Liviano Que No Se Oxida Y Es Altamente Resistente a Los Impactos, la Cubierta Tiene una Estructura Estable Sostenida por el Soporte de Abs. Las Cubiertas Superiores de Ca Permiten Que Los Lados de Las Unidades de Aire Acondicionado Central Respiren, Lo Que Permite Que la Circulación Del Aire Ayude a Evitar Que Los Roedores Se Establezcan Dentro de la Unidad Cubierta Durante el Otoño Y el Invierno. Fácil de Instalar, el Paquete Tiene Las Instrucciones Y 6 Juegos de Tornillos Y 6 Casquillos de Plástico para Tornillos para una Instalación Rápida. Tamaño: 1043X593 Mm; Peso: Alrededor de 3 Kg; Color: Mate Y Opaco; Soporte: Gris Plateado. la Cubierta de Ca Se Adapta a la Mayoría de Las Unidades de Aire Acondicionado Exteriores de Tamaño Estándar, Recomienda Confirmar Las Medidas de Las Unidades de Aire Acondicionado Antes de Comprarlas.",GAXQFEI,Mate
B099KBZY98,es,"Lenovo IdeaPad 5 - Ordenador Portátil 14"" FullHD (Ryzen 7 5700U, 16GB de RAM, 512GB SSD, AMD Radeon Graphics, Windows 10) Gris - Teclado QWERTY Español",,"Pantalla de 14"" FullHD, 1920x1080 pixeles, IPS, 300nits, antirreflejos, 45% NTSC Procesador AMD Ryzen 7 5700U (8C/16T, 1.8/4.3GHz, 4MB L2/8MB L3) Memoria RAM de 16GB Soldered DDR4-3200 Almacenamiento de 512GB SSD M.2 2280 PCIe 3.0x4 NVMe Tarjeta gráfica integrada AMD Radeon Graphics",Lenovo,Gris
B099ZLJVVB,es,"DUÉRMETE ONLINE Base Tapizada 3D Reforzada Anti Ruido con 5 Barras de Refuerzo + Colchón Viscoelástico Bio MAX + 6 Patas metálicas roscadas de 27cm | 90x190, Gris",,"El pack incluye un colchón Viscoelástico Bio Max con Viscogel + Una base tapizada reforzada transpirable con 6 patas roscadas metálicas de 27cm de altura Base tapizada fabricada con estructura metálica reforzada de acero con 5 barras transversales, estructura metálica en tubo de 30 x 30 mm; sobre esta estructura apoya un tablero de cardboard extra duro y resistente. La base está tapizada con tejido 3d de malla transpirable, con propiedades antideslizantes, para evitar que el colchón se desplace; además, favorece la ventilación del colchón Incluye juego de 6 patas metálicas cilíndricas de altura 27cm; se unen a la base tapizada mediante rosca, con tapón para protejer el suelo de arañazos. La base tapizada no precisa de montaje ni herramientas, tan sólo hay que roscar las patas que vienen incluidas. Base apta para cualquier tipo de colchón Colchón viscoelástico Bio Max Viscogel: Núcleo de hr con gran densidad, que nos aporta firmeza, junto a su exclusivo y mullido acolchado compuesto por fibras hipoalergénicas + espuma súper suave + viscoelástica con gel, que ayuda a mantener una temperatura óptima en todo momento, garantizando un confort total en cualquier época del año, además de una excelente aireación interna del colchón, elaborado con materiales 100% transpirables; altura total: 24 cm +/- Producto de confianza, fabricado en españa, con certificados de calidad oeko-tex y certipur, fabricado de forma sostenible y libre de sustancias nocivas, antiácaros y antibacterias",DUÉRMETE ONLINE,Gris
B09B1RP7G1,es,Lonvii Estantes Ducha sin Taladro Cesta Estanteria Baño Acero Inoxidable Cepillado Almacenamiento Organizador con Dos Ganchos,"Paquete: 1x estante, 2x ganchos","¡El carrito de ducha de acero inoxidable para baño es perfecto con su champú, acondicionador y gel de baño! Gran espacio: el carrito de la ducha es lo suficientemente grande para su botella. Podrías poner cualquier gel de ducha, champú y acondicionador. Además, también podrías poner tu cepillo de dientes, pasta de dientes. Material fuerte pero ligero: el estante de la ducha está hecho de acero inoxidable SUS 304 y tiene una gran resistencia al óxido y protección contra la corrosión. Está diseñado para ser liviano para montaje en pared, pero fuerte. Diseño de metal cepillado: la gran textura de las líneas cepilladas y el estilo minimalista pueden ser una belleza indispensable en su hogar. Presenta una textura de primera clase y permanece a prueba de manchas y rayones. Con un diseño de orificios, drenan cuidadosamente toda el agua de sus botellas y mantienen su estante seco y limpio. Fácil instalación: cuando recibimos el estante del baño, primero limpiamos la pared y luego colocamos la cinta adhesiva en el estante. Despegue la cinta adhesiva y coloque el estante en la pared con la prensa manual. Espere 24 horas antes de poner sus artículos de baño en el estante.",Lonvii,Plata
B09BCW927H,es,"Dadanism Funda Compatible con iPad Air 4 Generación iPad 10,9 Pulgadas 2020, Protector de de TPU Suave Ligero Colocación del Lápiz Función de Auto Estela/Sueño, Azul Claro","<p><strong>Compatibilidad:</strong><br/>Dadanism funda TPU es diseñada perfectamente para iPad Air 4 generación 10,9 pulgadas 2020. <br/><br/><strong>Características: </strong><br/>- Acceso a todas las funciones y controles. <br/>- Posición de pie conveniente para ver películas o escribir. <br/>- Alta calidad, elegante y duradero, fácil de instalar y quitar. <br/>- Despierta o duerme automáticamente el dispositivo cuando se abre y cierra la tapa. <br/>- La funda dura delgada y liviana agrega un volumen mínimo a la vez que protege tu precioso dispositivo.</p>","🌟 Compatibilidad: Diseñado especialmente para iPad Air 4 generación 10,9 pulgadas 2020. 🌟 Fino y Ligero: El diseño delgado y ligero de respaldo duro agrega el volumen mínimo a la vez que protege su precioso dispositivo. 🌟 Auto Estela / Sueño: Despierta o duerme automáticamente el dispositivo cuando se abre y cierra la tapa. 🌟 Material de Calidad: Esta funda está hecho por la material de TPU para evitar daños cuando se produce la emergencia en el equipo. 🌟 Preciso Cortes : Acceso a todas las funciones y controles.",Dadanism,Azul Claro
B09BHVMCC3,es,"Yuforest-Estantería Flotantes Negro Baldas,Estante de Exhibición Colgante,Estantes Ducha Pared Sin Taladro para Baño,El diseño de Colgar en la Pared facilita el Almacenamiento de artículos","Puedes colocar objetos decorativos, plantas y manualidades en esta Estanteria Flotante, Estanterias Pared, y colocarlos bajo la luz adecuada. ¡Agregue fácilmente diversión a su hogar! </br> No importa dónde lo instale, ¡traerá una nueva experiencia portátil a su vida! </br> </br> 【Detalles del producto】 </br> Material: acero al carbono </br> Dimensiones: 20 x 10 x 4 cm </br> Peso: 320 g </br> </br> 【Detalles del paquete】 </br> 1 * Estantes flotantes negros para pared (con pegatinas fuertes) </br> </br> 【Aviso cálido】 </br> 1. Debido a los diferentes métodos de medición y medición manuales, puede haber una diferencia de 2-3 mm. </br> 2. Debido a la diferencia de luz y pantalla, el color del producto puede ser ligeramente diferente al de la imagen. </br>","【Material】 Estantes de Pared Metálicos Estantes Flotantes está fabricado en acero al carbono de alta calidad, que tiene una excelente durabilidad y vida útil. Anticorrosión, antioxidante, resistente a los arañazos, antioxidante. Y no requiere mucho mantenimiento. Después del proceso de pintura, el estante tiene una superficie de laca negra brillante, elegante y de alta gama. 【Diseño de estilo moderno】 La forma delgada, la superficie negra mate y las líneas limpias crean un estilo moderno y simple. Puede llenar paredes en blanco o crear un espacio de exhibición para sus colecciones, fotos, plantas pequeñas, especias, etc., para darle a su hogar una sensación más moderna y de alta gama. 【Fácil de instalar】 Independientemente de si tiene excelentes operaciones manuales, nuestros productos se pueden instalar fácilmente en unos pocos minutos. Solo necesita mantener la pared limpia y seca, marcar el espacio entre los orificios y abrir la película protectora que no deja marcas para pegar. 【Amplia gama de aplicaciones】 Estanteria Baño Sin Taladro-Adhesivo Estanteria es muy adecuado para exhibidores de almacenaje en pasillos, cocinas, baños, dormitorios y salones. No solo puede mantener su espacio en orden, sino que también puede decorar su habitación. 【Tamaño】 El tamaño de Estantes Flotantes Juego Estantes de Pared es: 20cm * 10cm * 4cm, y la superficie de exhibición tiene un deflector de 1cm para evitar que los artículos se caigan. El diseño de colgar en la pared facilita el almacenamiento de artículos. ¡Es una buena opción para decorar tu habitación!",N/0,
B09BQTS4FF,es,"Taladro Atornillador 21V Taladro Percutor a Batería, 36 Nm Máx 2x1500mah Baterías 80psc Accesorios 18+3 Ajustes de Par Taladro Inalámbrico con LED, para taladrar paredes madera, metal","Taladro Atornillador 21V Taladro Percutor a Batería, 36 Nm Máx 2x1500mah Baterías 80psc Accesorios 18+3 Ajustes de Par Taladro Inalámbrico con LED, para taladrar paredes madera, metal","Taladro actualización, alta concentricidad, precisión sin desplazamiento, puede ser perforado en madera, metal y otros materiales. Taladro percutor incluye 2* baterías de 1500 mAh y 1 adaptador de carga rápida. Cuando se cargue, sustituya la batería de repuesto para seguir trabajando sin esperar el tiempo de carga. Por favor, tenga en cuenta que la alimentación debe ser desconectada después de que la batería esté completamente cargada con el fin de prolongar la vida de la batería. Destornillador eléctrico tiene 2 marchas y un par máximo de 36Nm. Taladro atornillador tiene tres modos de trabajo: apriete de tornillos, taladrado normal y taladrado percutor. Atornillador eléctrico de velocidad variable controlable, el aumento de la velocidad con el aumento de la presión del dedo, y se detiene inmediatamente después de soltar el interruptor, protegiendo eficazmente el material.Taladro actualización Diseño ergonómico, fácil de operar y llevar, cómodo de sostener. Equipado con cajas y estantes de la correa, adecuado para varias ocasiones. Taladro inalámbrico tiene varios accesorios para satisfacer las necesidades diarias, recibirá 1x taladro inalámbrico, 2x1.5 Ah batería de iones de litio, 1x cargador rápido, 9x llave de tubo (5-13 mm) y otros accesorios necesarios, un total de 80 piezas. Adecuado para el bricolaje y los artesanos profesionales.",MAXDONE,
B09BW133YW,es,"Base tapizada Reforzada (SIN Patas), 3D Transpirable Antideslizante, Todas Las Medidas y Colores Disponibles (Wengue, 90x180)","Bases tapizadas reforzadas con una fuerte y resistente estructura metálica de tubo de 30×30 sobre su estructura de 7 barras transversales , posterior colocado de tablero de aglomerado prensado de 10mm haciendo así una base tapizada reforzada muy resistente , recubierta de una capa de fibra siliconada de 2,5cmt (grosor) para su posterior tapizado en rejilla 3D, que le darán un toque acolchado, donde tendrá una gran variedad de colores donde elegir….. ESTRUCTURA: Estructura metálica de tubo de 30×30 5 Barras de refuerzo transversales de 30×30 Tablero de aglomerado prensado de 10mm Chapas de rosca para su posterior colocación de las patas SOMOS FABRICANTES , DISEÑAMOS CUALQUIER MEDIDA DE BASES TAPIZADAS REFORZADAS, DESDE UNA BASE TAPIZADA DE 80X180cmt HASTA UNA BASE TAPIZADA DE 200X200cmt Si tiene cualquier duda o información no dude en contactar con nosotros para asesorarle sobre nuestras bases tapizadas reforzadas ( SISTEMA COMPLEJO DE UNIÓN PARA LAS BASES DOBLES POR LA PARTE POSTERIOR DE LA BASE TAPIZADA CON 3 ANCLAJES Y 12 PATAS METÁLICAS ) 2 Años de garantía por defecto de fabricación Grosor total de la base tapizada 6/7cmt ( sin las patas ) ( altura de las patas 27cmt aprox ) FABRICADO EN ESPAÑA ( todas las entregas se hacen a pie de calle por norma general , si no especificar a la hora de hacer el pedido) FABRICADO POR: cabeceroscamas.com NOTA IMPORTANTE: Toda mercancía que se reciba y no este en buenas condiciones tanto el embalaje como la mercancía en si , se debe de comunicar a el repartidor a la hora de hacer la entrega, incluso si está en malas condiciones no recibir la mercancía para su posterior devolución y reemplazo de la misma , de no ser así y recoger la mercancía está conforme en las condiciones de entrega a la hora de firmar a el repartidor, en caso de tener que devolver la mercancía defectuosa una vez recepcionada y firmado en conforme de entrega puede conllevar gastos adicionales por la devolución.",Base tapizada en tejido 3D perforado transpirable antideslizante ( SIN PATAS ) ( Puede que la entrega sea a pie de calle en la puerta de su domicilio sin la subida ) Opción de poder subirlo a domicilio contratando servicio aparte en el teléfono 626702136,Cabeceroscamas,Wengue
B09C1WGDJR,es,"Junta de puerta para climatizadores móviles, secadoras de aire acondicionado, para puertas y ventanas, portátil, kit de sellado de aire caliente con junta de puerta con cremallera, 90 x 210 cm","Junta de puerta para climatizadores móviles, secadoras de aire acondicionado, para puertas y ventanas, portátil, kit de sellado de aire caliente con junta de puerta con cremallera, 90 x 210 cm","Mantiene el aire caliente fuente: la junta de la puerta evita que el aire caliente vuelva a tu habitación y lo mantiene fuera cuando utilices el aire acondicionado con tubo de escape en verano para mantenerte fresco en días calurosos Bien hecho y reutilizable: la junta para puerta de aire acondicionado portátil está hecha de material no tejido de alta calidad y es resistente y duradero. Gracias a la cinta de velcro autoadhesiva, la junta de la puerta se puede quitar fácilmente cuando no esté en uso y volver a utilizarse en el próximo verano Universal y práctico: la junta de puerta es adecuada para puertas de balcón o de loggia, fácil de usar con las cremalleras, te permite salir a través de la puerta y no necesitas quitar el sello. Además, como una mosquitera, una protección perfecta contra la entrada de insectos y mosquitos Ahorro de energía y dinero: con esta junta de puerta, el espacio se enfría más rápido y mantiene una temperatura estable a largo plazo, reduciendo el consumo de energía general. Tu aire acondicionado portátil no gastará mucha electricidad y no tendrás que pagar mucho por ello Fácil de instalar: simplemente pega la cinta adhesiva incluida en el marco de la puerta, coloca el sello en el marco de la puerta y listo. El marco de la puerta debe limpiarse antes antes bien. Mejor limpiar con un paño seco",Tumelaa,
B09CTXLHZS,es,"IVSOTEC Funda para iPad Air 4 10.9 Pulgadas / iPad Pro 11 2020/2021/2018 Rotación de 360 °,Automático activación / Bloqueo con Soporte de Carga inalámbrica Ranura lápiz, Cubierta Trasera Transparente",,"[Dispositivo compatible]: Compatible con iPad Air 4 de 10,9 pulgadas y iPad Pro de 11 pulgadas (2020/2021/2018) [Ángulo de visión múltiple]: soporte único de 360 ​​grados, que se puede girar de forma flexible, múltiples ángulos de visión horizontal y verticalmente, la mejor experiencia. [Protección total]: el estuche brinda protección total para la tableta, con una cubierta trasera transparente para iPad Air 4 [Con ranura para bolígrafo]: admite Apple Pencil 1/2 y admite la carga del Apple Pencil 2 en el portalápices del iPad Air 4 10.9 / iPad pro 11 2018/2020/2021 [Pantalla de bloqueo automático]: activación / suspensión automática, cierre la tapa y la tableta bloqueará la pantalla. Cuando abra la tapa, será llevado directamente a la página de desbloqueo. Reducir la pérdida de batería",IVSOTEC,Verde
B09D99G6T2,es,Sello de Ventanas Impermeable Nueva telescópica portable flexible CLORURO DE POLIVINILO Plancha del soporte del sello de la ventana para el aire acondicionado móvil de la manguera de 15 cm fácil de in,"NO MÁS INGRESOS DE AIRE CALIENTE: el sello de la ventana mantiene alejado el aire caliente que proviene de la manguera de su aire acondicionado portátil al bloquear la manguera entre el marco de la ventana y la ventana misma. Nuestro sello de ventana crea un ""ambiente cerrado"" que mantiene su habitación fresca por más tiempo.<br/>Nombre del artículo: Ventana sello Soporte<br/>Material: CLORURO DE POLIVINILO<br/><br/>Diámetro de la interfaz: 15 cm / 5.91 ""(aprox.)<br/>Longitud del soporte: 45 cm / 17.72 ""(aprox.)<br/>Requerimientos de instalación:<br/>1. Tubería de escape con diámetro de 5.9 ""/ 15 cm.<br/>2. Sólo dos tipos de ventanas son aplicables, por favor verifica la foto para más detalles.<br/><br/>El paquete incluye:<br/>1 x 45cm-120cm telescópico Manguera<br/>Soporte de sello de ventana de 1 x 45cm-120cm<br/>2 paquetes de tornillos de fijación<br/>El kit de sellado de ventana funcional mantiene su habitación fresca por más tiempo y ahorra costos de electricidad. Difunde eficazmente el aire caliente por la ventana, evitando que el aire caliente circule en su habitación mientras tanto.","No tiene que comprar juegos de ventanas, adaptadores para su manguera o herramientas adicionales. ¡Todo lo que necesita viene con su sello de ventana! Simplemente aplique la cinta adhesiva de gancho en el interior del marco de su ventana y en la ventana misma. Diseño patentado, garantiza universalidad y conveniencia. soporte de cierre de ventanilla práctica para evitar fugas de aire frío. Adecuado para aire acondicionado móvil con manguera de 15 cm / 5,9 ""de diámetro. Flexible y duradero, fácil de instalar.",LMNUY,
B09D9C9R31,es,LMNUY Sello de Ventanas Impermeable Soporte de Acero Inoxidable de Aire Acondicionado 1P Aire Acondicionado Exterior de Soporte de Rack Portátil,"NO MÁS INGRESOS DE AIRE CALIENTE: el sello de la ventana mantiene alejado el aire caliente que proviene de la manguera de su aire acondicionado portátil al bloquear la manguera entre el marco de la ventana y la ventana misma. Nuestro sello de ventana crea un ""ambiente cerrado"" que mantiene su habitación fresca por más tiempo.<br/><br/>El kit de sellado de ventana funcional mantiene su habitación fresca por más tiempo y ahorra costos de electricidad. Difunde eficazmente el aire caliente por la ventana, evitando que el aire caliente circule en su habitación mientras tanto.","No tiene que comprar juegos de ventanas, adaptadores para su manguera o herramientas adicionales. ¡Todo lo que necesita viene con su sello de ventana! Simplemente aplique la cinta adhesiva de gancho en el interior del marco de su ventana y en la ventana misma.",LMNUY,
B09D9HX6WR,es,LMNUY Sello de Ventanas Impermeable Universal al Aire Libre C.A. Soporte para Soporte de Aire Acondicionado Soporte Aire Acondicionado Montaje de Pared 74x46x47cm Portátil,"NO MÁS INGRESOS DE AIRE CALIENTE: el sello de la ventana mantiene alejado el aire caliente que proviene de la manguera de su aire acondicionado portátil al bloquear la manguera entre el marco de la ventana y la ventana misma. Nuestro sello de ventana crea un ""ambiente cerrado"" que mantiene su habitación fresca por más tiempo.<br/>Color plata<br/>Tamaño (L * W * H): 74 * 46 * 47CM (29 * 18 * 18.5 "")<br/><br/>Contenidos del paquete:<br/>1 * Soporte de aire acondicionado<br/>El kit de sellado de ventana funcional mantiene su habitación fresca por más tiempo y ahorra costos de electricidad. Difunde eficazmente el aire caliente por la ventana, evitando que el aire caliente circule en su habitación mientras tanto.","No tiene que comprar juegos de ventanas, adaptadores para su manguera o herramientas adicionales. ¡Todo lo que necesita viene con su sello de ventana! Simplemente aplique la cinta adhesiva de gancho en el interior del marco de su ventana y en la ventana misma. Diseño de orificio de conexión cuadrado, fácil de montar, el soporte no es fácil de deformar Posición porosa ajustable y interfaz de borde liso Pulido mecánico de electroponía avanzado para formar una película protectora para hacer que la interfaz de borde sea suave y más resistente. Material: 201 de acero inoxidable.",LMNUY,
B09D9KBVDN,es,"Sello de Ventanas Impermeable Soporte de Montaje para Condensador sin conductos de Aire Acondicionado Split Mini Heat Pump Systems, Soporte Condensador hasta 450 Lbs Portátil (Color : Light Grey)","NO MÁS INGRESOS DE AIRE CALIENTE: el sello de la ventana mantiene alejado el aire caliente que proviene de la manguera de su aire acondicionado portátil al bloquear la manguera entre el marco de la ventana y la ventana misma. Nuestro sello de ventana crea un ""ambiente cerrado"" que mantiene su habitación fresca por más tiempo.<br/>Color: Plata<br/>Material: Acero inoxidable<br/>Tamaño: 46cm<br/><br/>Contenidos del paquete:<br/>2 * Soporte de montaje<br/><br/>Solo el contenido del paquete anterior, no se incluyen otros productos.<br/>El kit de sellado de ventana funcional mantiene su habitación fresca por más tiempo y ahorra costos de electricidad. Difunde eficazmente el aire caliente por la ventana, evitando que el aire caliente circule en su habitación mientras tanto.","No tiene que comprar juegos de ventanas, adaptadores para su manguera o herramientas adicionales. ¡Todo lo que necesita viene con su sello de ventana! Simplemente aplique la cinta adhesiva de gancho en el interior del marco de su ventana y en la ventana misma. Hecho de material de acero inoxidable de espesor sólido para la vida de servicio más larga. Accurate Construcción - técnicas avanzadas para asegurar los soportes son perpendiculares entre sí cuando condensador de nivelación Diseño Universal - ajustable para su uso con un máximo de 9.000 - 36.000 BTU Unidades no superior a una capacidad de peso máximo de 450 libras. Incluye pernos de hardware y de expansión para montaje en la pared Plantea la unidad de condensación por encima del piso de protección contra la suciedad, la nieve, escombros, inundaciones y otros peligros",LMNUY,Light Grey
